fuente,dpto_ccdgo,tipo_id,columna,v,ptgf_column,kx2f_column,numero,v_kx2f,tipo_kx2f,rel
ptgf,25,corresponsales_fisicos,correstercerizados,16217.0,correstercerizados,_2_nro_corresponsales_f_sicos,2,16739.0,corresponsales_fisicos,0.03218844422519578
ptgf,27,corresponsales_fisicos,correstercerizados,1458.0,correstercerizados,_2_nro_corresponsales_f_sicos,2,1506.0,corresponsales_fisicos,0.03292181069958848
ptgf,47,corresponsales_fisicos,correstercerizados,4687.0,correstercerizados,_2_nro_corresponsales_f_sicos,2,4850.0,corresponsales_fisicos,0.03477704288457435
ptgf,85,corresponsales_fisicos,correstercerizados,2640.0,correstercerizados,_2_nro_corresponsales_f_sicos,2,2759.0,corresponsales_fisicos,0.045075757575757575
ptgf,95,corresponsales_fisicos,correstercerizados,348.0,correstercerizados,_2_nro_corresponsales_f_sicos,2,352.0,corresponsales_fisicos,0.011494252873563218
ptgf,11,credito_consumo,generonromcdc,9620417.0,generonromcdc,_41_nro_cr_dito_consumo,41,9621656.0,credito_consumo,0.0001287885961699997
ptgf,27,credito_consumo,generonromcdc,2915.0,generonromcdc,_41_nro_cr_dito_consumo,41,2915.0,credito_consumo,0.0
ptgf,54,credito_consumo,generonromcdc,94156.0,generonromcdc,_41_nro_cr_dito_consumo,41,94775.0,credito_consumo,0.006574196015123837
ptgf,88,credito_consumo,generonromcdc,17537.0,generonromcdc,_41_nro_cr_dito_consumo,41,17537.0,credito_consumo,0.0
ptgf,94,credito_consumo,generonromcdc,181.0,generonromcdc,_41_nro_cr_dito_consumo,41,181.0,credito_consumo,0.0
ptgf,95,credito_consumo,generonromcdc,696.0,generonromcdc,_41_nro_cr_dito_consumo,41,696.0,credito_consumo,0.0
ptgf,05,credito_consumo,totalmontocdc,4635226492160.46,totalmontocdc,_46_monto_cr_dito_consumo,46,4599920595562.9795,credito_consumo,0.007616865466486523
ptgf,08,credito_consumo,totalmontocdc,1425173540881.4602,totalmontocdc,_46_monto_cr_dito_consumo,46,1364997549951.5198,credito_consumo,0.042223623442182334
ptgf,17,credito_consumo,totalmontocdc,449096210924.95996,totalmontocdc,_46_monto_cr_dito_consumo,46,454066292544.93,credito_consumo,0.011066852712325576
ptgf,44,credito_consumo,totalmontocdc,139135030426.29,totalmontocdc,_46_monto_cr_dito_consumo,46,139135030426.29,credito_consumo,0.0
ptgf,50,credito_consumo,totalmontocdc,504147546323.69995,totalmontocdc,_46_monto_cr_dito_consumo,46,512411935100.55,credito_consumo,0.016392797777386562
ptgf,66,credito_consumo,totalmontocdc,584681642817.33,totalmontocdc,_46_monto_cr_dito_consumo,46,601226743231.75,credito_consumo,0.028297622505636236
ptgf,76,credito_consumo,totalmontocdc,2868597376217.5796,totalmontocdc,_46_monto_cr_dito_consumo,46,2843676804844.49,credito_consumo,0.008687371598292628
ptgf,85,credito_consumo,totalmontocdc,182293389373.99,totalmontocdc,_46_monto_cr_dito_consumo,46,183199701205.62,credito_consumo,0.0049717207779303016
ptgf,08,cuentas_ahorro,generosaldomca,1510577020964.1404,generosaldomca,_28_saldo_ctas_ahorro_mujeres,28,1510702882108.9001,cuentas_ahorro,8.331991220112268e-05
ptgf,11,cuentas_ahorro,generosaldomca,14903393577910.75,generosaldomca,_28_saldo_ctas_ahorro_mujeres,28,14898930786078.475,cuentas_ahorro,0.00029944802899723274
ptgf,27,cuentas_ahorro,generosaldomca,129948237173.38,generosaldomca,_28_saldo_ctas_ahorro_mujeres,28,129948025901.90002,cuentas_ahorro,1.6258125895050455e-06
ptgf,41,cuentas_ahorro,generosaldomca,479206577882.8301,generosaldomca,_28_saldo_ctas_ahorro_mujeres,28,479208403461.37,cuentas_ahorro,3.8095857281060966e-06
ptgf,70,cuentas_ahorro,generosaldomca,251306676541.76004,generosaldomca,_28_saldo_ctas_ahorro_mujeres,28,251309374191.36996,cuentas_ahorro,1.0734492402059376e-05
ptgf,73,cuentas_ahorro,generosaldomca,748517619920.4801,generosaldomca,_28_saldo_ctas_ahorro_mujeres,28,748517043737.23,cuentas_ahorro,7.697657807751834e-07
ptgf,91,cuentas_ahorro,generosaldomca,16502527279.78,generosaldomca,_28_saldo_ctas_ahorro_mujeres,28,16503230697.779999,cuentas_ahorro,4.262486515383419e-05
ptgf,08,cuentas_ahorro,nro1smmlvca,2823015.0,nro1smmlvca,_19_nro_ctas_ahorro_hasta,19,2852266.0,cuentas_ahorro,0.010361616923749963
ptgf,11,cuentas_ahorro,nro1smmlvca,14053283.0,nro1smmlvca,_19_nro_ctas_ahorro_hasta,19,14358522.0,cuentas_ahorro,0.021720120487148803
ptgf,27,cuentas_ahorro,nro1smmlvca,235994.0,nro1smmlvca,_19_nro_ctas_ahorro_hasta,19,236088.0,cuentas_ahorro,0.00039831521140367977
ptgf,41,cuentas_ahorro,nro1smmlvca,1154584.0,nro1smmlvca,_19_nro_ctas_ahorro_hasta,19,1154753.0,cuentas_ahorro,0.000146373065970081
ptgf,70,cuentas_ahorro,nro1smmlvca,526616.0,nro1smmlvca,_19_nro_ctas_ahorro_hasta,19,526725.0,cuentas_ahorro,0.00020698193750284837
ptgf,73,cuentas_ahorro,nro1smmlvca,1692002.0,nro1smmlvca,_19_nro_ctas_ahorro_hasta,19,1692270.0,cuentas_ahorro,0.00015839224776330053
ptgf,91,cuentas_ahorro,nro1smmlvca,48094.0,nro1smmlvca,_19_nro_ctas_ahorro_hasta,19,48106.0,cuentas_ahorro,0.00024951137356011145
ptgf,08,cuentas_ahorro,nro1y3smmlv,128440.0,nro1y3smmlv,_21_nro_ctas_ahorro_1smmlv,21,128968.0,cuentas_ahorro,0.0041108688881968235
ptgf,11,cuentas_ahorro,nro1y3smmlv,973348.0,nro1y3smmlv,_21_nro_ctas_ahorro_1smmlv,21,977503.0,cuentas_ahorro,0.004268771292487373
ptgf,27,cuentas_ahorro,nro1y3smmlv,12396.0,nro1y3smmlv,_21_nro_ctas_ahorro_1smmlv,21,12359.0,cuentas_ahorro,0.002984833817360439
ptgf,41,cuentas_ahorro,nro1y3smmlv,51030.0,nro1y3smmlv,_21_nro_ctas_ahorro_1smmlv,21,50995.0,cuentas_ahorro,0.0006858710562414266
ptgf,70,cuentas_ahorro,nro1y3smmlv,23902.0,nro1y3smmlv,_21_nro_ctas_ahorro_1smmlv,21,23855.0,cuentas_ahorro,0.0019663626474771987
ptgf,73,cuentas_ahorro,nro1y3smmlv,81180.0,nro1y3smmlv,_21_nro_ctas_ahorro_1smmlv,21,81094.0,cuentas_ahorro,0.0010593742301059374
ptgf,91,cuentas_ahorro,nro1y3smmlv,2163.0,nro1y3smmlv,_21_nro_ctas_ahorro_1smmlv,21,2157.0,cuentas_ahorro,0.0027739251040221915
ptgf,19,cuentas_ahorro_electronicas,nroactivasche,1582.0,nroactivasche,,33,,,
ptgf,20,cuentas_ahorro_electronicas,nroactivasche,361.0,nroactivasche,,33,,,
ptgf,41,cuentas_ahorro_electronicas,nroactivasche,630.0,nroactivasche,,33,,,
ptgf,44,cuentas_ahorro_electronicas,nroactivasche,71.0,nroactivasche,,33,,,
ptgf,63,cuentas_ahorro_electronicas,nroactivasche,98.0,nroactivasche,,33,,,
ptgf,66,cuentas_ahorro_electronicas,nroactivasche,103.0,nroactivasche,,33,,,
ptgf,88,cuentas_ahorro_electronicas,nroactivasche,19.0,nroactivasche,,33,,,
ptgf,05,cuentas_ahorro_electronicas,saldoactivasche,76838486.5,saldoactivasche,,34,,,
ptgf,08,cuentas_ahorro_electronicas,saldoactivasche,951252.0,saldoactivasche,,34,,,
ptgf,23,cuentas_ahorro_electronicas,saldoactivasche,53556191.0,saldoactivasche,,34,,,
ptgf,52,cuentas_ahorro_electronicas,saldoactivasche,1711035249.0,saldoactivasche,,34,,,
ptgf,70,cuentas_ahorro_electronicas,saldoactivasche,5599642.0,saldoactivasche,,34,,,
ptgf,85,cuentas_ahorro_electronicas,saldoactivasche,6041098.0,saldoactivasche,,34,,,
ptgf,94,cuentas_ahorro_electronicas,saldoactivasche,149643.0,saldoactivasche,,34,,,
ptgf,18,cuentas_ahorro_electronicas,totalnroche,78421.0,totalnroche,,39,,,
ptgf,25,cuentas_ahorro_electronicas,totalnroche,127329.0,totalnroche,,39,,,
ptgf,27,cuentas_ahorro_electronicas,totalnroche,61784.0,totalnroche,,39,,,
ptgf,54,cuentas_ahorro_electronicas,totalnroche,154413.0,totalnroche,,39,,,
ptgf,73,cuentas_ahorro_electronicas,totalnroche,142644.0,totalnroche,,39,,,
ptgf,76,cuentas_ahorro_electronicas,totalnroche,261879.0,totalnroche,,39,,,
ptgf,91,cuentas_ahorro_electronicas,totalnroche,6287.0,totalnroche,,39,,,
ptgf,05,cuentas_ahorro_electronicas,totalsaldoche,11749322095.5,totalsaldoche,,40,,,
ptgf,08,cuentas_ahorro_electronicas,totalsaldoche,6323646351.0,totalsaldoche,,40,,,
ptgf,23,cuentas_ahorro_electronicas,totalsaldoche,5689312194.0,totalsaldoche,,40,,,
ptgf,52,cuentas_ahorro_electronicas,totalsaldoche,8688734436.0,totalsaldoche,,40,,,
ptgf,70,cuentas_ahorro_electronicas,totalsaldoche,2334535427.0,totalsaldoche,,40,,,
ptgf,85,cuentas_ahorro_electronicas,totalsaldoche,1149480498.0,totalsaldoche,,40,,,
ptgf,94,cuentas_ahorro_electronicas,totalsaldoche,77677697.0,totalsaldoche,,40,,,
ptgf,50,microcredito,generomontohmicro,26772132434.48,generomontohmicro,_74_monto_microcr_dito_hombres,74,26772132434.48,microcredito,0.0
ptgf,54,microcredito,generomontohmicro,21183527496.0,generomontohmicro,_74_monto_microcr_dito_hombres,74,21183527496.0,microcredito,0.0
ptgf,73,microcredito,generomontohmicro,35012783242.13,generomontohmicro,_74_monto_microcr_dito_hombres,74,35012783242.130005,microcredito,2.179031149420233e-16
ptgf,81,microcredito,generomontohmicro,6773761471.389999,generomontohmicro,_74_monto_microcr_dito_hombres,74,6773761471.39,microcredito,1.407894742727858e-16
ptgf,85,microcredito,generomontohmicro,11375306487.0,generomontohmicro,_74_monto_microcr_dito_hombres,74,11375306487.0,microcredito,0.0
ptgf,86,microcredito,generomontohmicro,9451658335.0,generomontohmicro,_74_monto_microcr_dito_hombres,74,9451658335.0,microcredito,0.0
ptgf,97,microcredito,generomontohmicro,354149598.0,generomontohmicro,_74_monto_microcr_dito_hombres,74,354149598.0,microcredito,0.0
ptgf,50,microcredito,generomontommicro,35801740903.37,generomontommicro,_72_monto_microcr_dito_mujeres,72,35796940903.37,microcredito,0.00013407169257370326
ptgf,54,microcredito,generomontommicro,26931857054.0,generomontommicro,_72_monto_microcr_dito_mujeres,72,26931857054.0,microcredito,0.0
ptgf,73,microcredito,generomontommicro,41249215130.159996,generomontommicro,_72_monto_microcr_dito_mujeres,72,41249215130.16,microcredito,1.8495853817280637e-16
ptgf,81,microcredito,generomontommicro,6776541710.0,generomontommicro,_72_monto_microcr_dito_mujeres,72,6776541710.0,microcredito,0.0
ptgf,85,microcredito,generomontommicro,12563257960.2,generomontommicro,_72_monto_microcr_dito_mujeres,72,12563257960.2,microcredito,0.0
ptgf,86,microcredito,generomontommicro,12457905130.0,generomontommicro,_72_monto_microcr_dito_mujeres,72,12457905130.0,microcredito,0.0
ptgf,97,microcredito,generomontommicro,392380785.0,generomontommicro,_72_monto_microcr_dito_mujeres,72,392380785.0,microcredito,0.0
ptgf,08,microcredito,generonrohmicro,5847.0,generonrohmicro,_73_nro_microcr_dito_hombres,73,5104.0,microcredito,0.12707371301522147
ptgf,11,microcredito,generonrohmicro,15147.0,generonrohmicro,_73_nro_microcr_dito_hombres,73,13870.0,microcredito,0.0843071235228098
ptgf,13,microcredito,generonrohmicro,3785.0,generonrohmicro,_73_nro_microcr_dito_hombres,73,3785.0,microcredito,0.0
ptgf,15,microcredito,generonrohmicro,5385.0,generonrohmicro,_73_nro_microcr_dito_hombres,73,5385.0,microcredito,0.0
ptgf,17,microcredito,generonrohmicro,2852.0,generonrohmicro,_73_nro_microcr_dito_hombres,73,2852.0,microcredito,0.0
ptgf,18,microcredito,generonrohmicro,1805.0,generonrohmicro,_73_nro_microcr_dito_hombres,73,1805.0,microcredito,0.0
ptgf,19,microcredito,generonrohmicro,7042.0,generonrohmicro,_73_nro_microcr_dito_hombres,73,7042.0,microcredito,0.0
ptgf,52,microcredito,generonrohmicro,10281.0,generonrohmicro,_73_nro_microcr_dito_hombres,73,9196.0,microcredito,0.10553448108160685
ptgf,88,microcredito,generonrohmicro,48.0,generonrohmicro,_73_nro_microcr_dito_hombres,73,48.0,microcredito,0.0
ptgf,91,microcredito,generonrohmicro,58.0,generonrohmicro,_73_nro_microcr_dito_hombres,73,58.0,microcredito,0.0
ptgf,99,microcredito,generonrohmicro,46.0,generonrohmicro,_73_nro_microcr_dito_hombres,73,46.0,microcredito,0.0
ptgf,18,transacciones_corresponsales_fisicos,montogiroenv,194006770.0,montogiroenv,_8_monto_giros_enviados,8,196051770.0,transacciones_corresponsales_fisicos,0.010540869269665177
ptgf,54,transacciones_corresponsales_fisicos,montogiroenv,364257582.0,montogiroenv,_8_monto_giros_enviados,8,364257582.0,transacciones_corresponsales_fisicos,0.0
ptgf,70,transacciones_corresponsales_fisicos,montogiroenv,134528005.0,montogiroenv,_8_monto_giros_enviados,8,134528005.0,transacciones_corresponsales_fisicos,0.0
ptgf,81,transacciones_corresponsales_fisicos,montogiroenv,99451829.0,montogiroenv,_8_monto_giros_enviados,8,99951829.0,transacciones_corresponsales_fisicos,0.005027559623865741
ptgf,18,transacciones_corresponsales_fisicos,montopago,182410222941.28003,montopago,_12_monto_pagos_corresponsales,12,183495522629.28,transacciones_corresponsales_fisicos,0.005949774472614619
ptgf,54,transacciones_corresponsales_fisicos,montopago,718426531904.34,montopago,_12_monto_pagos_corresponsales,12,723529502918.49,transacciones_corresponsales_fisicos,0.007102982403257757
ptgf,70,transacciones_corresponsales_fisicos,montopago,222423432634.24,montopago,_12_monto_pagos_corresponsales,12,224012079081.24,transacciones_corresponsales_fisicos,0.007142441909942194
ptgf,81,transacciones_corresponsales_fisicos,montopago,75938210970.15999,montopago,_12_monto_pagos_corresponsales,12,76678335221.16,transacciones_corresponsales_fisicos,0.00974640094287773
ptgf,11,transacciones_corresponsales_fisicos,nroretiros,5076213.0,nroretiros,_13_nro_retiros_corresponsales,13,5075897.0,transacciones_corresponsales_fisicos,6.225113091196134e-05
ptgf,15,transacciones_corresponsales_fisicos,nroretiros,1414962.0,nroretiros,_13_nro_retiros_corresponsales,13,1415007.0,transacciones_corresponsales_fisicos,3.1802974214148505e-05
ptgf,17,transacciones_corresponsales_fisicos,nroretiros,758911.0,nroretiros,_13_nro_retiros_corresponsales,13,758939.0,transacciones_corresponsales_fisicos,3.6894971874172336e-05
ptgf,23,transacciones_corresponsales_fisicos,nroretiros,1135733.0,nroretiros,_13_nro_retiros_corresponsales,13,1120441.0,transacciones_corresponsales_fisicos,0.013464432221305537
ptgf,47,transacciones_corresponsales_fisicos,nroretiros,670674.0,nroretiros,_13_nro_retiros_corresponsales,13,670681.0,transacciones_corresponsales_fisicos,1.0437261620399778e-05
ptgf,52,transacciones_corresponsales_fisicos,nroretiros,639725.0,nroretiros,_13_nro_retiros_corresponsales,13,639739.0,transacciones_corresponsales_fisicos,2.18844034546094e-05
ptgf,63,transacciones_corresponsales_fisicos,nroretiros,420370.0,nroretiros,_13_nro_retiros_corresponsales,13,420384.0,transacciones_corresponsales_fisicos,3.330399410043533e-05
ptgf,86,transacciones_corresponsales_fisicos,nroretiros,208429.0,nroretiros,_13_nro_retiros_corresponsales,13,208429.0,transacciones_corresponsales_fisicos,0.0
ptgf,94,transacciones_corresponsales_fisicos,nroretiros,11313.0,nroretiros,_13_nro_retiros_corresponsales,13,11313.0,transacciones_corresponsales_fisicos,0.0
ptgf,95,transacciones_corresponsales_fisicos,nroretiros,45330.0,nroretiros,_13_nro_retiros_corresponsales,13,45330.0,transacciones_corresponsales_fisicos,0.0
ptgf,25,corresponsales_fisicos,correspropios,2101.0,correspropios,_1_nro_corresponsales_f_sicos,1,2052.0,corresponsales_fisicos,0.023322227510709188
ptgf,27,corresponsales_fisicos,correspropios,194.0,correspropios,_1_nro_corresponsales_f_sicos,1,155.0,corresponsales_fisicos,0.20103092783505155
ptgf,47,corresponsales_fisicos,correspropios,454.0,correspropios,_1_nro_corresponsales_f_sicos,1,422.0,corresponsales_fisicos,0.07048458149779736
ptgf,85,corresponsales_fisicos,correspropios,306.0,correspropios,_1_nro_corresponsales_f_sicos,1,283.0,corresponsales_fisicos,0.07516339869281045
ptgf,95,corresponsales_fisicos,correspropios,36.0,correspropios,_1_nro_corresponsales_f_sicos,1,33.0,corresponsales_fisicos,0.08333333333333333
ptgf,05,credito_consumo,generomontomcdc,2059563796658.9004,generomontomcdc,_42_monto_cr_dito_consumo,42,2029092893937.5898,credito_consumo,0.014794833144154872
ptgf,08,credito_consumo,generomontomcdc,619430400315.0901,generomontomcdc,_42_monto_cr_dito_consumo,42,587451739711.16,credito_consumo,0.051625914045651033
ptgf,17,credito_consumo,generomontomcdc,195285779230.43,generomontomcdc,_42_monto_cr_dito_consumo,42,197151473084.85,credito_consumo,0.009553659574046934
ptgf,44,credito_consumo,generomontomcdc,74459563456.59,generomontomcdc,_42_monto_cr_dito_consumo,42,74459563456.59,credito_consumo,0.0
ptgf,50,credito_consumo,generomontomcdc,204326005793.77997,generomontomcdc,_42_monto_cr_dito_consumo,42,208284249125.81,credito_consumo,0.01937219551007601
ptgf,66,credito_consumo,generomontomcdc,244952461677.89,generomontomcdc,_42_monto_cr_dito_consumo,42,251107719032.82,credito_consumo,0.025128375166215286
ptgf,76,credito_consumo,generomontomcdc,1251580573701.9502,generomontomcdc,_42_monto_cr_dito_consumo,42,1235156085525.12,credito_consumo,0.013122997050241357
ptgf,85,credito_consumo,generomontomcdc,70718956103.37,generomontomcdc,_42_monto_cr_dito_consumo,42,71050198103.37,credito_consumo,0.004683920949226444
ptgf,11,credito_consumo,generonrohcdc,9652474.0,generonrohcdc,_43_nro_cr_dito_consumo,43,9661329.0,credito_consumo,0.0009173813884398963
ptgf,27,credito_consumo,generonrohcdc,2558.0,generonrohcdc,_43_nro_cr_dito_consumo,43,2558.0,credito_consumo,0.0
ptgf,54,credito_consumo,generonrohcdc,104257.0,generonrohcdc,_43_nro_cr_dito_consumo,43,104729.0,credito_consumo,0.0045272739480322665
ptgf,88,credito_consumo,generonrohcdc,17745.0,generonrohcdc,_43_nro_cr_dito_consumo,43,17745.0,credito_consumo,0.0
ptgf,94,credito_consumo,generonrohcdc,160.0,generonrohcdc,_43_nro_cr_dito_consumo,43,160.0,credito_consumo,0.0
ptgf,95,credito_consumo,generonrohcdc,1012.0,generonrohcdc,_43_nro_cr_dito_consumo,43,1012.0,credito_consumo,0.0
ptgf,17,cuentas_ahorro,generonromca,554074.0,generonromca,_27_nro_ctas_ahorro_mujeres,27,554077.0,cuentas_ahorro,5.414439226529308e-06
ptgf,20,cuentas_ahorro,generonromca,450126.0,generonromca,_27_nro_ctas_ahorro_mujeres,27,450127.0,cuentas_ahorro,2.2216001741734537e-06
ptgf,50,cuentas_ahorro,generonromca,586829.0,generonromca,_27_nro_ctas_ahorro_mujeres,27,586829.0,cuentas_ahorro,0.0
ptgf,52,cuentas_ahorro,generonromca,656727.0,generonromca,_27_nro_ctas_ahorro_mujeres,27,656731.0,cuentas_ahorro,6.09081094579635e-06
ptgf,63,cuentas_ahorro,generonromca,356115.0,generonromca,_27_nro_ctas_ahorro_mujeres,27,356115.0,cuentas_ahorro,0.0
ptgf,76,cuentas_ahorro,generonromca,3278925.0,generonromca,_27_nro_ctas_ahorro_mujeres,27,3278894.0,cuentas_ahorro,9.45431810730651e-06
ptgf,86,cuentas_ahorro,generonromca,125126.0,generonromca,_27_nro_ctas_ahorro_mujeres,27,125129.0,cuentas_ahorro,2.3975832360980132e-05
ptgf,94,cuentas_ahorro,generonromca,9135.0,generonromca,_27_nro_ctas_ahorro_mujeres,27,9135.0,cuentas_ahorro,0.0
ptgf,95,cuentas_ahorro,generonromca,34749.0,generonromca,_27_nro_ctas_ahorro_mujeres,27,34749.0,cuentas_ahorro,0.0
ptgf,97,cuentas_ahorro,generonromca,5538.0,generonromca,_27_nro_ctas_ahorro_mujeres,27,5537.0,cuentas_ahorro,0.00018057060310581438
ptgf,99,cuentas_ahorro,generonromca,15459.0,generonromca,_27_nro_ctas_ahorro_mujeres,27,15459.0,cuentas_ahorro,0.0
ptgf,08,cuentas_ahorro,generosaldohca,1662982494555.9302,generosaldohca,_30_saldo_ctas_ahorro_hombres,30,1663116242766.8801,cuentas_ahorro,8.042671007530134e-05
ptgf,11,cuentas_ahorro,generosaldohca,15884005752876.781,generosaldohca,_30_saldo_ctas_ahorro_hombres,30,15879594417119.557,cuentas_ahorro,0.00027772186851705616
ptgf,27,cuentas_ahorro,generosaldohca,154428475867.31998,generosaldohca,_30_saldo_ctas_ahorro_hombres,30,154428360917.8,cuentas_ahorro,7.44354429087124e-07
ptgf,41,cuentas_ahorro,generosaldohca,586512518274.59,generosaldohca,_30_saldo_ctas_ahorro_hombres,30,586511313904.0502,cuentas_ahorro,2.053443877613993e-06
ptgf,70,cuentas_ahorro,generosaldohca,285142966472.5,generosaldohca,_30_saldo_ctas_ahorro_hombres,30,285141864732.61,cuentas_ahorro,3.863815768083844e-06
ptgf,73,cuentas_ahorro,generosaldohca,905709973880.3701,generosaldohca,_30_saldo_ctas_ahorro_hombres,30,905710534113.25,cuentas_ahorro,6.185565976297952e-07
ptgf,91,cuentas_ahorro,generosaldohca,22672417655.69,generosaldohca,_30_saldo_ctas_ahorro_hombres,30,22672436413.69,cuentas_ahorro,8.273489084783327e-07
ptgf,50,cuentas_ahorro,saldo3y5smmlv,69973446801.5,saldo3y5smmlv,_24_saldo_ctas_ahorr_3smmlv,24,70134730763.12,cuentas_ahorro,0.002304930927263365
ptgf,52,cuentas_ahorro,saldo3y5smmlv,74280072297.80998,saldo3y5smmlv,_24_saldo_ctas_ahorr_3smmlv,24,74496837436.65001,cuentas_ahorro,0.002918213891485641
ptgf,63,cuentas_ahorro,saldo3y5smmlv,50047819569.45001,saldo3y5smmlv,_24_saldo_ctas_ahorr_3smmlv,24,50081106800.55,cuentas_ahorro,0.0006651085179405078
ptgf,76,cuentas_ahorro,saldo3y5smmlv,413608668216.5201,saldo3y5smmlv,_24_saldo_ctas_ahorr_3smmlv,24,410830152296.6001,cuentas_ahorro,0.006717741027771345
ptgf,86,cuentas_ahorro,saldo3y5smmlv,14574300521.439999,saldo3y5smmlv,_24_saldo_ctas_ahorr_3smmlv,24,14660564417.439999,cuentas_ahorro,0.005918904709910345
ptgf,94,cuentas_ahorro,saldo3y5smmlv,1129261071.14,saldo3y5smmlv,_24_saldo_ctas_ahorr_3smmlv,24,1156776351.1399999,cuentas_ahorro,0.02436573853752243
ptgf,95,cuentas_ahorro,saldo3y5smmlv,4263237965.7200003,saldo3y5smmlv,_24_saldo_ctas_ahorr_3smmlv,24,4291858959.7200003,cuentas_ahorro,0.006713440401435889
ptgf,97,cuentas_ahorro,saldo3y5smmlv,462451019.44,saldo3y5smmlv,_24_saldo_ctas_ahorr_3smmlv,24,476477372.44,cuentas_ahorro,0.030330461844337717
ptgf,99,cuentas_ahorro,saldo3y5smmlv,1798867291.02,saldo3y5smmlv,_24_saldo_ctas_ahorr_3smmlv,24,1811980259.02,cuentas_ahorro,0.007289569422636308
ptgf,25,cuentas_ahorro,saldoactivasca,5436708791911.581,saldoactivasca,_26_saldo_ctas_ahorro_activas,26,5437129654442.301,cuentas_ahorro,7.741126972735073e-05
ptgf,47,cuentas_ahorro,saldoactivasca,1683891391632.7498,saldoactivasca,_26_saldo_ctas_ahorro_activas,26,1683508417949.7197,cuentas_ahorro,0.00022743371985451327
ptgf,54,cuentas_ahorro,saldoactivasca,3054132102513.9097,saldoactivasca,_26_saldo_ctas_ahorro_activas,26,3053451388741.71,cuentas_ahorro,0.0002228828843517933
ptgf,81,cuentas_ahorro,saldoactivasca,432003171003.5499,saldoactivasca,_26_saldo_ctas_ahorro_activas,26,432126692030.58997,cuentas_ahorro,0.0002859262045533088
ptgf,88,cuentas_ahorro,saldoactivasca,418139433730.83997,saldoactivasca,_26_saldo_ctas_ahorro_activas,26,418164245487.99994,cuentas_ahorro,5.933847697307758e-05
ptgf,25,cuentas_ahorro,totalnroca,3556420.0,totalnroca,_31_nro_ctas_ahorro,31,3555998.0,cuentas_ahorro,0.00011865865111544756
ptgf,47,cuentas_ahorro,totalnroca,1092957.0,totalnroca,_31_nro_ctas_ahorro,31,1092957.0,cuentas_ahorro,0.0
ptgf,54,cuentas_ahorro,totalnroca,1549934.0,totalnroca,_31_nro_ctas_ahorro,31,1549934.0,cuentas_ahorro,0.0
ptgf,81,cuentas_ahorro,totalnroca,265446.0,totalnroca,_31_nro_ctas_ahorro,31,265446.0,cuentas_ahorro,0.0
ptgf,88,cuentas_ahorro,totalnroca,148058.0,totalnroca,_31_nro_ctas_ahorro,31,148058.0,cuentas_ahorro,0.0
ptgf,08,microcredito,generonrommicro,8520.0,generonrommicro,_71_nro_microcr_dito_mujeres,71,7790.0,microcredito,0.08568075117370892
ptgf,11,microcredito,generonrommicro,19378.0,generonrommicro,_71_nro_microcr_dito_mujeres,71,17928.0,microcredito,0.07482712354216121
ptgf,13,microcredito,generonrommicro,11855.0,generonrommicro,_71_nro_microcr_dito_mujeres,71,11855.0,microcredito,0.0
ptgf,15,microcredito,generonrommicro,9762.0,generonrommicro,_71_nro_microcr_dito_mujeres,71,9762.0,microcredito,0.0
ptgf,17,microcredito,generonrommicro,3152.0,generonrommicro,_71_nro_microcr_dito_mujeres,71,3152.0,microcredito,0.0
ptgf,18,microcredito,generonrommicro,2297.0,generonrommicro,_71_nro_microcr_dito_mujeres,71,2297.0,microcredito,0.0
ptgf,19,microcredito,generonrommicro,8362.0,generonrommicro,_71_nro_microcr_dito_mujeres,71,8362.0,microcredito,0.0
ptgf,52,microcredito,generonrommicro,13841.0,generonrommicro,_71_nro_microcr_dito_mujeres,71,12322.0,microcredito,0.10974640560653132
ptgf,88,microcredito,generonrommicro,87.0,generonrommicro,_71_nro_microcr_dito_mujeres,71,87.0,microcredito,0.0
ptgf,91,microcredito,generonrommicro,81.0,generonrommicro,_71_nro_microcr_dito_mujeres,71,81.0,microcredito,0.0
ptgf,99,microcredito,generonrommicro,29.0,generonrommicro,_71_nro_microcr_dito_mujeres,71,29.0,microcredito,0.0
ptgf,23,microcredito,totalmontomicro,46828963818.37,totalmontomicro,_76_monto_microcr_dito,76,44114242136.37,microcredito,0.057970996166587664
ptgf,25,microcredito,totalmontomicro,127088962272.89,totalmontomicro,_76_monto_microcr_dito,76,120619868424.89,microcredito,0.050902090412142394
ptgf,44,microcredito,totalmontomicro,15586688122.2,totalmontomicro,_76_monto_microcr_dito,76,15219296122.2,microcredito,0.02357088286617645
ptgf,47,microcredito,totalmontomicro,45343085775.53,totalmontomicro,_76_monto_microcr_dito,76,43867799775.53,microcredito,0.03253607412833288
ptgf,66,microcredito,totalmontomicro,35022932634.17,totalmontomicro,_76_monto_microcr_dito,76,34037135634.170002,microcredito,0.028147186025141907
ptgf,68,microcredito,totalmontomicro,144737972728.78998,totalmontomicro,_76_monto_microcr_dito,76,110439895516.2,microcredito,0.23696668238443355
ptgf,70,microcredito,totalmontomicro,36908154944.979996,totalmontomicro,_76_monto_microcr_dito,76,35136267944.979996,microcredito,0.04800800805787775
ptgf,76,microcredito,totalmontomicro,228128744559.31,totalmontomicro,_76_monto_microcr_dito,76,195586002835.53,microcredito,0.14265077286356337
ptgf,95,microcredito,totalmontomicro,7368384784.0,totalmontomicro,_76_monto_microcr_dito,76,6736084784.0,microcredito,0.0858125652412997
ptgf,23,microcredito,totalnromicro,10633.0,totalnromicro,_75_nro_microcr_dito,75,10558.0,microcredito,0.007053512649299351
ptgf,25,microcredito,totalnromicro,18623.0,totalnromicro,_75_nro_microcr_dito,75,18427.0,microcredito,0.010524620093432852
ptgf,44,microcredito,totalnromicro,3828.0,totalnromicro,_75_nro_microcr_dito,75,3818.0,microcredito,0.002612330198537095
ptgf,47,microcredito,totalnromicro,12661.0,totalnromicro,_75_nro_microcr_dito,75,12624.0,microcredito,0.002922360003159308
ptgf,66,microcredito,totalnromicro,6686.0,totalnromicro,_75_nro_microcr_dito,75,6658.0,microcredito,0.004187855219862399
ptgf,68,microcredito,totalnromicro,28371.0,totalnromicro,_75_nro_microcr_dito,75,22381.0,microcredito,0.2111310845581756
ptgf,70,microcredito,totalnromicro,10730.0,totalnromicro,_75_nro_microcr_dito,75,10677.0,microcredito,0.004939422180801492
ptgf,76,microcredito,totalnromicro,39053.0,totalnromicro,_75_nro_microcr_dito,75,33145.0,microcredito,0.15128159168309732
ptgf,95,microcredito,totalnromicro,877.0,totalnromicro,_75_nro_microcr_dito,75,858.0,microcredito,0.021664766248574687
ptgf,52,microcredito_rango,monto3y4smmlv,8421906586.46,monto3y4smmlv,_66_monto_microcr_dito_3smmlv,66,7495286426.46,microcredito_rango,0.11002498668053838
ptgf,76,microcredito_rango,monto3y4smmlv,12401443248.14,monto3y4smmlv,_66_monto_microcr_dito_3smmlv,66,10315335438.0,microcredito_rango,0.16821492211826872
ptgf,95,microcredito_rango,monto3y4smmlv,229640159.0,monto3y4smmlv,_66_monto_microcr_dito_3smmlv,66,229640159.0,microcredito_rango,0.0
ptgf,05,microcredito_rango,monto4y10smmlv,54709416597.93,monto4y10smmlv,_68_monto_microcr_dito_4smmlv,68,51735309938.93,microcredito_rango,0.054361878520059546
ptgf,19,microcredito_rango,monto4y10smmlv,27391986520.0,monto4y10smmlv,_68_monto_microcr_dito_4smmlv,68,27391986520.0,microcredito_rango,0.0
ptgf,20,microcredito_rango,monto4y10smmlv,20335519868.91,monto4y10smmlv,_68_monto_microcr_dito_4smmlv,68,18113188536.71,microcredito_rango,0.10928323182913147
ptgf,25,microcredito_rango,monto4y10smmlv,32952267097.239998,monto4y10smmlv,_68_monto_microcr_dito_4smmlv,68,32952267097.239998,microcredito_rango,0.0
ptgf,73,microcredito_rango,monto4y10smmlv,24435277807.45,monto4y10smmlv,_68_monto_microcr_dito_4smmlv,68,24435277807.45,microcredito_rango,0.0
ptgf,86,microcredito_rango,monto4y10smmlv,7017643079.0,monto4y10smmlv,_68_monto_microcr_dito_4smmlv,68,7017643079.0,microcredito_rango,0.0
ptgf,97,microcredito_rango,monto4y10smmlv,232983512.0,monto4y10smmlv,_68_monto_microcr_dito_4smmlv,68,232983512.0,microcredito_rango,0.0
ptgf,99,microcredito_rango,monto4y10smmlv,197850000.0,monto4y10smmlv,_68_monto_microcr_dito_4smmlv,68,197850000.0,microcredito_rango,0.0
ptgf,52,microcredito_rango,nro10y25smmlv,4433.0,nro10y25smmlv,_69_nro_microcr_dito_10smmlv,69,4156.0,microcredito_rango,0.06248590119557861
ptgf,76,microcredito_rango,nro10y25smmlv,4751.0,nro10y25smmlv,_69_nro_microcr_dito_10smmlv,69,4076.0,microcredito_rango,0.14207535255735634
ptgf,95,microcredito_rango,nro10y25smmlv,195.0,nro10y25smmlv,_69_nro_microcr_dito_10smmlv,69,195.0,microcredito_rango,0.0
ptgf,52,microcredito_rango,nro1smmlv,906.0,nro1smmlv,_59_nro_microcr_dito_hasta,59,603.0,microcredito_rango,0.3344370860927152
ptgf,76,microcredito_rango,nro1smmlv,4241.0,nro1smmlv,_59_nro_microcr_dito_hasta,59,3446.0,microcredito_rango,0.18745578872907334
ptgf,95,microcredito_rango,nro1smmlv,57.0,nro1smmlv,_59_nro_microcr_dito_hasta,59,57.0,microcredito_rango,0.0
ptgf,18,transacciones_corresponsales_fisicos,montogirorec,2717838360.0,montogirorec,_10_monto_giros_recibidos,10,2717838360.0,transacciones_corresponsales_fisicos,0.0
ptgf,54,transacciones_corresponsales_fisicos,montogirorec,14349961516.0,montogirorec,_10_monto_giros_recibidos,10,14349961516.0,transacciones_corresponsales_fisicos,0.0
ptgf,70,transacciones_corresponsales_fisicos,montogirorec,14410837625.0,montogirorec,_10_monto_giros_recibidos,10,14410837625.0,transacciones_corresponsales_fisicos,0.0
ptgf,81,transacciones_corresponsales_fisicos,montogirorec,827907750.0,montogirorec,_10_monto_giros_recibidos,10,827907750.0,transacciones_corresponsales_fisicos,0.0
ptgf,11,transacciones_corresponsales_fisicos,montotransfer,22897035915.0,montotransfer,_16_monto_transferencias,16,22897035915.0,transacciones_corresponsales_fisicos,0.0
ptgf,15,transacciones_corresponsales_fisicos,montotransfer,28477778152.0,montotransfer,_16_monto_transferencias,16,28477778152.0,transacciones_corresponsales_fisicos,0.0
ptgf,17,transacciones_corresponsales_fisicos,montotransfer,12692634996.0,montotransfer,_16_monto_transferencias,16,12692634996.0,transacciones_corresponsales_fisicos,0.0
ptgf,23,transacciones_corresponsales_fisicos,montotransfer,21102548156.0,montotransfer,_16_monto_transferencias,16,20940511589.0,transacciones_corresponsales_fisicos,0.00767853084860412
ptgf,47,transacciones_corresponsales_fisicos,montotransfer,15240584179.0,montotransfer,_16_monto_transferencias,16,15240584179.0,transacciones_corresponsales_fisicos,0.0
ptgf,52,transacciones_corresponsales_fisicos,montotransfer,17804640669.0,montotransfer,_16_monto_transferencias,16,17804640769.0,transacciones_corresponsales_fisicos,5.616513237142264e-09
ptgf,63,transacciones_corresponsales_fisicos,montotransfer,5244198914.0,montotransfer,_16_monto_transferencias,16,5244198914.0,transacciones_corresponsales_fisicos,0.0
ptgf,86,transacciones_corresponsales_fisicos,montotransfer,11380150602.0,montotransfer,_16_monto_transferencias,16,11380150602.0,transacciones_corresponsales_fisicos,0.0
ptgf,94,transacciones_corresponsales_fisicos,montotransfer,480933820.0,montotransfer,_16_monto_transferencias,16,480933820.0,transacciones_corresponsales_fisicos,0.0
ptgf,95,transacciones_corresponsales_fisicos,montotransfer,1377097278.0,montotransfer,_16_monto_transferencias,16,1377097278.0,transacciones_corresponsales_fisicos,0.0
ptgf,05,transacciones_corresponsales_fisicos,nrogirosenv,8177.0,nrogirosenv,_7_nro_giros_enviados,7,8260.0,transacciones_corresponsales_fisicos,0.010150421915127798
ptgf,08,transacciones_corresponsales_fisicos,nrogirosenv,12884.0,nrogirosenv,_7_nro_giros_enviados,7,12884.0,transacciones_corresponsales_fisicos,0.0
ptgf,13,transacciones_corresponsales_fisicos,nrogirosenv,2028.0,nrogirosenv,_7_nro_giros_enviados,7,2028.0,transacciones_corresponsales_fisicos,0.0
ptgf,19,transacciones_corresponsales_fisicos,nrogirosenv,719.0,nrogirosenv,_7_nro_giros_enviados,7,724.0,transacciones_corresponsales_fisicos,0.006954102920723227
ptgf,25,transacciones_corresponsales_fisicos,nrogirosenv,3529.0,nrogirosenv,_7_nro_giros_enviados,7,3555.0,transacciones_corresponsales_fisicos,0.007367526211391329
ptgf,41,transacciones_corresponsales_fisicos,nrogirosenv,1299.0,nrogirosenv,_7_nro_giros_enviados,7,1348.0,transacciones_corresponsales_fisicos,0.037721324095458045
ptgf,50,transacciones_corresponsales_fisicos,nrogirosenv,558.0,nrogirosenv,_7_nro_giros_enviados,7,562.0,transacciones_corresponsales_fisicos,0.007168458781362007
ptgf,66,transacciones_corresponsales_fisicos,nrogirosenv,935.0,nrogirosenv,_7_nro_giros_enviados,7,950.0,transacciones_corresponsales_fisicos,0.016042780748663103
ptgf,85,transacciones_corresponsales_fisicos,nrogirosenv,669.0,nrogirosenv,_7_nro_giros_enviados,7,669.0,transacciones_corresponsales_fisicos,0.0
ptgf,88,transacciones_corresponsales_fisicos,nrogirosenv,109.0,nrogirosenv,_7_nro_giros_enviados,7,109.0,transacciones_corresponsales_fisicos,0.0
ptgf,97,transacciones_corresponsales_fisicos,nrogirosenv,13.0,nrogirosenv,_7_nro_giros_enviados,7,13.0,transacciones_corresponsales_fisicos,0.0
ptgf,99,transacciones_corresponsales_fisicos,nrogirosenv,49.0,nrogirosenv,_7_nro_giros_enviados,7,49.0,transacciones_corresponsales_fisicos,0.0
ptgf,18,transacciones_corresponsales_fisicos,totalnrocorr,965832.0,totalnrocorr,_17_nro_transacciones_tr,17,968737.0,transacciones_corresponsales_fisicos,0.003007769467153708
ptgf,54,transacciones_corresponsales_fisicos,totalnrocorr,4140711.0,totalnrocorr,_17_nro_transacciones_tr,17,4159572.0,transacciones_corresponsales_fisicos,0.004555014827163741
ptgf,70,transacciones_corresponsales_fisicos,totalnrocorr,1607494.0,totalnrocorr,_17_nro_transacciones_tr,17,1611748.0,transacciones_corresponsales_fisicos,0.0026463551341404695
ptgf,81,transacciones_corresponsales_fisicos,totalnrocorr,445762.0,totalnrocorr,_17_nro_transacciones_tr,17,447854.0,transacciones_corresponsales_fisicos,0.0046930873425729425
ptgf,05,corresponsales_fisicos,corresactivos,22762.0,corresactivos,_3_nro_corresponsales_f_sicos,3,26228.0,corresponsales_fisicos,0.15227132940866356
ptgf,11,corresponsales_fisicos,corresactivos,43289.0,corresactivos,_3_nro_corresponsales_f_sicos,3,45108.0,corresponsales_fisicos,0.042019912679895584
ptgf,19,corresponsales_fisicos,corresactivos,3879.0,corresactivos,_3_nro_corresponsales_f_sicos,3,3988.0,corresponsales_fisicos,0.028100025779840165
ptgf,23,corresponsales_fisicos,corresactivos,4507.0,corresactivos,_3_nro_corresponsales_f_sicos,3,4665.0,corresponsales_fisicos,0.03505657865542489
ptgf,44,corresponsales_fisicos,corresactivos,1878.0,corresactivos,_3_nro_corresponsales_f_sicos,3,1924.0,corresponsales_fisicos,0.024494142705005325
ptgf,50,corresponsales_fisicos,corresactivos,5083.0,corresactivos,_3_nro_corresponsales_f_sicos,3,5288.0,corresponsales_fisicos,0.04033051347629353
ptgf,52,corresponsales_fisicos,corresactivos,4272.0,corresactivos,_3_nro_corresponsales_f_sicos,3,4438.0,corresponsales_fisicos,0.03885767790262172
ptgf,54,corresponsales_fisicos,corresactivos,4783.0,corresactivos,_3_nro_corresponsales_f_sicos,3,4971.0,corresponsales_fisicos,0.03930587497386578
ptgf,66,corresponsales_fisicos,corresactivos,2486.0,corresactivos,_3_nro_corresponsales_f_sicos,3,2606.0,corresponsales_fisicos,0.04827031375703942
ptgf,73,corresponsales_fisicos,corresactivos,5389.0,corresactivos,_3_nro_corresponsales_f_sicos,3,5646.0,corresponsales_fisicos,0.047689738355910186
ptgf,81,corresponsales_fisicos,corresactivos,1053.0,corresactivos,_3_nro_corresponsales_f_sicos,3,1078.0,corresponsales_fisicos,0.023741690408357077
ptgf,91,corresponsales_fisicos,corresactivos,107.0,corresactivos,_3_nro_corresponsales_f_sicos,3,109.0,corresponsales_fisicos,0.018691588785046728
ptgf,97,corresponsales_fisicos,corresactivos,58.0,corresactivos,_3_nro_corresponsales_f_sicos,3,59.0,corresponsales_fisicos,0.017241379310344827
ptgf,99,corresponsales_fisicos,corresactivos,111.0,corresactivos,_3_nro_corresponsales_f_sicos,3,108.0,corresponsales_fisicos,0.02702702702702703
ptgf,13,credito_consumo,generomontohcdc,387075348600.48,generomontohcdc,_44_monto_cr_dito_consumo,44,391159749171.68,credito_consumo,0.010551952187003591
ptgf,15,credito_consumo,generomontohcdc,273889532740.91998,generomontohcdc,_44_monto_cr_dito_consumo,44,276122958477.84,credito_consumo,0.008154476421823341
ptgf,18,credito_consumo,generomontohcdc,122499268784.73,generomontohcdc,_44_monto_cr_dito_consumo,44,122499268784.73,credito_consumo,0.0
ptgf,20,credito_consumo,generomontohcdc,228028005276.92,generomontohcdc,_44_monto_cr_dito_consumo,44,194968839677.52002,credito_consumo,0.14497853261160853
ptgf,23,credito_consumo,generomontohcdc,271819518582.9,generomontohcdc,_44_monto_cr_dito_consumo,44,273917454540.57,credito_consumo,0.007718121084929305
ptgf,25,credito_consumo,generomontohcdc,404583978186.07,generomontohcdc,_44_monto_cr_dito_consumo,44,409090817737.54004,credito_consumo,0.011139441486724706
ptgf,41,credito_consumo,generomontohcdc,287475814227.63,generomontohcdc,_44_monto_cr_dito_consumo,44,291215245931.23,credito_consumo,0.013007813243861297
ptgf,52,credito_consumo,generomontohcdc,238526348716.13,generomontohcdc,_44_monto_cr_dito_consumo,44,240328916215.87,credito_consumo,0.007557100125174113
ptgf,63,credito_consumo,generomontohcdc,195240684131.34998,generomontohcdc,_44_monto_cr_dito_consumo,44,197175512718.19998,credito_consumo,0.00990996623197823
ptgf,73,credito_consumo,generomontohcdc,370278457272.0,generomontohcdc,_44_monto_cr_dito_consumo,44,374325467394.58,credito_consumo,0.010929639688995341
ptgf,86,credito_consumo,generomontohcdc,33672181275.61,generomontohcdc,_44_monto_cr_dito_consumo,44,33672181275.61,credito_consumo,0.0
ptgf,66,credito_vivienda,generonrohcdv,676.0,generonrohcdv,_55_nro_cr_dito_vivienda,55,696.0,credito_vivienda,0.029585798816568046
ptgf,20,credito_vivienda,generonrohcdv,426.0,generonrohcdv,_55_nro_cr_dito_vivienda,55,427.0,credito_vivienda,0.002347417840375587
ptgf,23,credito_vivienda,generonrohcdv,205.0,generonrohcdv,_55_nro_cr_dito_vivienda,55,215.0,credito_vivienda,0.04878048780487805
ptgf,27,credito_vivienda,generonrohcdv,7.0,generonrohcdv,_55_nro_cr_dito_vivienda,55,7.0,credito_vivienda,0.0
ptgf,44,credito_vivienda,generonrohcdv,62.0,generonrohcdv,_55_nro_cr_dito_vivienda,55,62.0,credito_vivienda,0.0
ptgf,52,credito_vivienda,generonrohcdv,363.0,generonrohcdv,_55_nro_cr_dito_vivienda,55,363.0,credito_vivienda,0.0
ptgf,73,credito_vivienda,generonrohcdv,880.0,generonrohcdv,_55_nro_cr_dito_vivienda,55,890.0,credito_vivienda,0.011363636363636364
ptgf,86,credito_vivienda,generonrohcdv,21.0,generonrohcdv,_55_nro_cr_dito_vivienda,55,21.0,credito_vivienda,0.0
ptgf,88,credito_vivienda,generonrohcdv,18.0,generonrohcdv,_55_nro_cr_dito_vivienda,55,18.0,credito_vivienda,0.0
ptgf,66,credito_vivienda,generonromcdv,741.0,generonromcdv,_53_nro_cr_dito_vivienda,53,753.0,credito_vivienda,0.016194331983805668
ptgf,20,credito_vivienda,generonromcdv,382.0,generonromcdv,_53_nro_cr_dito_vivienda,53,382.0,credito_vivienda,0.0
ptgf,23,credito_vivienda,generonromcdv,225.0,generonromcdv,_53_nro_cr_dito_vivienda,53,226.0,credito_vivienda,0.0044444444444444444
ptgf,27,credito_vivienda,generonromcdv,10.0,generonromcdv,_53_nro_cr_dito_vivienda,53,10.0,credito_vivienda,0.0
ptgf,44,credito_vivienda,generonromcdv,64.0,generonromcdv,_53_nro_cr_dito_vivienda,53,64.0,credito_vivienda,0.0
ptgf,52,credito_vivienda,generonromcdv,375.0,generonromcdv,_53_nro_cr_dito_vivienda,53,378.0,credito_vivienda,0.008
ptgf,73,credito_vivienda,generonromcdv,765.0,generonromcdv,_53_nro_cr_dito_vivienda,53,776.0,credito_vivienda,0.01437908496732026
ptgf,86,credito_vivienda,generonromcdv,19.0,generonromcdv,_53_nro_cr_dito_vivienda,53,19.0,credito_vivienda,0.0
ptgf,88,credito_vivienda,generonromcdv,6.0,generonromcdv,_53_nro_cr_dito_vivienda,53,6.0,credito_vivienda,0.0
ptgf,66,credito_vivienda,totalmontocdv,145469926332.04,totalmontocdv,_58_monto_cr_dito_vivienda,58,150118027595.9,credito_vivienda,0.031952317438111145
ptgf,20,credito_vivienda,totalmontocdv,81904449060.22,totalmontocdv,_58_monto_cr_dito_vivienda,58,81984449060.22,credito_vivienda,0.0009767479168461318
ptgf,23,credito_vivienda,totalmontocdv,53656400755.55,totalmontocdv,_58_monto_cr_dito_vivienda,58,56288134648.55,credito_vivienda,0.04904790213174677
ptgf,27,credito_vivienda,totalmontocdv,2696397142.14,totalmontocdv,_58_monto_cr_dito_vivienda,58,2696397142.14,credito_vivienda,0.0
ptgf,44,credito_vivienda,totalmontocdv,14713414362.83,totalmontocdv,_58_monto_cr_dito_vivienda,58,14713414362.83,credito_vivienda,0.0
ptgf,52,credito_vivienda,totalmontocdv,79930247639.52,totalmontocdv,_58_monto_cr_dito_vivienda,58,80433510640.52,credito_vivienda,0.006296277265018395
ptgf,73,credito_vivienda,totalmontocdv,147173921344.34,totalmontocdv,_58_monto_cr_dito_vivienda,58,149544573942.31,credito_vivienda,0.016107830628657577
ptgf,86,credito_vivienda,totalmontocdv,4045493476.0,totalmontocdv,_58_monto_cr_dito_vivienda,58,4045493476.0,credito_vivienda,0.0
ptgf,88,credito_vivienda,totalmontocdv,3926813874.0,totalmontocdv,_58_monto_cr_dito_vivienda,58,3926813874.0,credito_vivienda,0.0
ptgf,05,credito_vivienda,totalnrocdv,6653.0,totalnrocdv,_57_nro_cr_dito_vivienda,57,7027.0,credito_vivienda,0.05621524124455133
ptgf,11,credito_vivienda,totalnrocdv,17227.0,totalnrocdv,_57_nro_cr_dito_vivienda,57,18188.0,credito_vivienda,0.05578452429326058
ptgf,54,credito_vivienda,totalnrocdv,1095.0,totalnrocdv,_57_nro_cr_dito_vivienda,57,1101.0,credito_vivienda,0.005479452054794521
ptgf,95,credito_vivienda,totalnrocdv,21.0,totalnrocdv,_57_nro_cr_dito_vivienda,57,21.0,credito_vivienda,0.0
ptgf,25,cuentas_ahorro,generonrohca,1805343.0,generonrohca,_29_nro_ctas_ahorro_hombres,29,1805187.0,cuentas_ahorro,8.641017247138079e-05
ptgf,47,cuentas_ahorro,generonrohca,542389.0,generonrohca,_29_nro_ctas_ahorro_hombres,29,542388.0,cuentas_ahorro,1.8436952076830466e-06
ptgf,54,cuentas_ahorro,generonrohca,763090.0,generonrohca,_29_nro_ctas_ahorro_hombres,29,763087.0,cuentas_ahorro,3.931384240391042e-06
ptgf,81,cuentas_ahorro,generonrohca,138530.0,generonrohca,_29_nro_ctas_ahorro_hombres,29,138531.0,cuentas_ahorro,7.218652999350321e-06
ptgf,88,cuentas_ahorro,generonrohca,63948.0,generonrohca,_29_nro_ctas_ahorro_hombres,29,63947.0,cuentas_ahorro,1.5637705635829112e-05
ptgf,08,cuentas_ahorro,saldo1smmlv,134333978292.74,saldo1smmlv,_20_saldo_ctas_ahorro_hasta,20,134630518671.39001,cuentas_ahorro,0.00220748601670822
ptgf,11,cuentas_ahorro,saldo1smmlv,869103413712.7101,saldo1smmlv,_20_saldo_ctas_ahorro_hasta,20,865738432508.6302,cuentas_ahorro,0.003871784589713001
ptgf,27,cuentas_ahorro,saldo1smmlv,12825631160.640001,saldo1smmlv,_20_saldo_ctas_ahorro_hasta,20,12909507234.640001,cuentas_ahorro,0.006539722914955132
ptgf,41,cuentas_ahorro,saldo1smmlv,53905413891.329994,saldo1smmlv,_20_saldo_ctas_ahorro_hasta,20,54056316701.329994,cuentas_ahorro,0.0027993998952352134
ptgf,70,cuentas_ahorro,saldo1smmlv,25599527582.359997,saldo1smmlv,_20_saldo_ctas_ahorro_hasta,20,25696902482.52,cuentas_ahorro,0.0038037772316979125
ptgf,73,cuentas_ahorro,saldo1smmlv,88585975044.03998,saldo1smmlv,_20_saldo_ctas_ahorro_hasta,20,88825387424.06003,cuentas_ahorro,0.0027025991405640413
ptgf,91,cuentas_ahorro,saldo1smmlv,2549203707.8,saldo1smmlv,_20_saldo_ctas_ahorro_hasta,20,2559965680.7999997,cuentas_ahorro,0.004221699884975949
ptgf,08,cuentas_ahorro,saldo1y3smmlv,206248484756.68,saldo1y3smmlv,_22_saldo_ctas_ahorro_1smmlv,22,206527005489.11,cuentas_ahorro,0.0013504134721696274
ptgf,11,cuentas_ahorro,saldo1y3smmlv,1579639181990.58,saldo1y3smmlv,_22_saldo_ctas_ahorro_1smmlv,22,1576615213234.16,cuentas_ahorro,0.0019143414463862034
ptgf,27,cuentas_ahorro,saldo1y3smmlv,20038233107.91,saldo1y3smmlv,_22_saldo_ctas_ahorro_1smmlv,22,20106824199.91,cuentas_ahorro,0.0034230109825862834
ptgf,41,cuentas_ahorro,saldo1y3smmlv,81999695334.65001,saldo1y3smmlv,_22_saldo_ctas_ahorro_1smmlv,22,82208111562.65,cuentas_ahorro,0.0025416707604755677
ptgf,70,cuentas_ahorro,saldo1y3smmlv,38588217524.23001,saldo1y3smmlv,_22_saldo_ctas_ahorro_1smmlv,22,38656621117.23,cuentas_ahorro,0.0017726549031978718
ptgf,73,cuentas_ahorro,saldo1y3smmlv,130470241814.93999,saldo1y3smmlv,_22_saldo_ctas_ahorro_1smmlv,22,130718184493.79001,cuentas_ahorro,0.0019003772461900178
ptgf,91,cuentas_ahorro,saldo1y3smmlv,3578383652.54,saldo1y3smmlv,_22_saldo_ctas_ahorro_1smmlv,22,3583823871.54,cuentas_ahorro,0.0015203006519824772
ptgf,17,cuentas_ahorro,saldo3y5smmlv,78847579097.76999,saldo3y5smmlv,_24_saldo_ctas_ahorr_3smmlv,24,79079231170.26001,cuentas_ahorro,0.002937973177372702
ptgf,20,cuentas_ahorro,saldo3y5smmlv,42768592394.59,saldo3y5smmlv,_24_saldo_ctas_ahorr_3smmlv,24,42830097952.590004,cuentas_ahorro,0.0014381010586588245
ptgf,05,microcredito_rango,monto10y25smmlv,82657679341.83,monto10y25smmlv,_70_monto_microcr_dito_10smmlv,70,79781450807.03,microcredito_rango,0.034796870148088584
ptgf,19,microcredito_rango,monto10y25smmlv,30222526210.0,monto10y25smmlv,_70_monto_microcr_dito_10smmlv,70,30222526210.0,microcredito_rango,0.0
ptgf,20,microcredito_rango,monto10y25smmlv,17567323783.6,monto10y25smmlv,_70_monto_microcr_dito_10smmlv,70,15198160800.0,microcredito_rango,0.1348619182286453
ptgf,25,microcredito_rango,monto10y25smmlv,47900767502.0,monto10y25smmlv,_70_monto_microcr_dito_10smmlv,70,47900767502.0,microcredito_rango,0.0
ptgf,73,microcredito_rango,monto10y25smmlv,26927026249.28,monto10y25smmlv,_70_monto_microcr_dito_10smmlv,70,26927026249.28,microcredito_rango,0.0
ptgf,86,microcredito_rango,monto10y25smmlv,9127002481.0,monto10y25smmlv,_70_monto_microcr_dito_10smmlv,70,9127002481.0,microcredito_rango,0.0
ptgf,97,microcredito_rango,monto10y25smmlv,215017068.0,monto10y25smmlv,_70_monto_microcr_dito_10smmlv,70,215017068.0,microcredito_rango,0.0
ptgf,99,microcredito_rango,monto10y25smmlv,530104000.0,monto10y25smmlv,_70_monto_microcr_dito_10smmlv,70,530104000.0,microcredito_rango,0.0
ptgf,52,microcredito_rango,monto1smmlv,579403541.5,monto1smmlv,_60_monto_microcr_dito_hasta,60,427586585.2,microcredito_rango,0.2620228311117425
ptgf,76,microcredito_rango,monto1smmlv,2233503663.85,monto1smmlv,_60_monto_microcr_dito_hasta,60,1829840130.95,microcredito_rango,0.18073108158872916
ptgf,95,microcredito_rango,monto1smmlv,29953380.0,monto1smmlv,_60_monto_microcr_dito_hasta,60,29953380.0,microcredito_rango,0.0
ptgf,08,microcredito_rango,monto1y2smmlv,5111941418.0,monto1y2smmlv,_62_monto_microcr_dito_1smmlv,62,4795664543.0,microcredito_rango,0.061870207253615285
ptgf,11,microcredito_rango,monto1y2smmlv,6271230987.35,monto1y2smmlv,_62_monto_microcr_dito_1smmlv,62,5817913417.43,microcredito_rango,0.07228526119264442
ptgf,17,microcredito_rango,monto1y2smmlv,1443476189.0,monto1y2smmlv,_62_monto_microcr_dito_1smmlv,62,1443476189.0,microcredito_rango,0.0
ptgf,18,microcredito_rango,monto1y2smmlv,964707188.0,monto1y2smmlv,_62_monto_microcr_dito_1smmlv,62,964707188.0,microcredito_rango,0.0
ptgf,23,microcredito_rango,monto1y2smmlv,4057345630.6,monto1y2smmlv,_62_monto_microcr_dito_1smmlv,62,4057345630.6,microcredito_rango,0.0
ptgf,47,microcredito_rango,monto1y2smmlv,4943436913.65,monto1y2smmlv,_62_monto_microcr_dito_1smmlv,62,4943436913.65,microcredito_rango,0.0
ptgf,66,microcredito_rango,monto1y2smmlv,1874755730.77,monto1y2smmlv,_62_monto_microcr_dito_1smmlv,62,1874755730.77,microcredito_rango,0.0
ptgf,85,microcredito_rango,monto1y2smmlv,911936699.0,monto1y2smmlv,_62_monto_microcr_dito_1smmlv,62,911936699.0,microcredito_rango,0.0
ptgf,13,microcredito_rango,monto2y3smmlv,6311040322.0,monto2y3smmlv,_64_monto_microcr_dito_2smmlv,64,6311040322.0,microcredito_rango,0.0
ptgf,15,microcredito_rango,monto2y3smmlv,4014888029.0,monto2y3smmlv,_64_monto_microcr_dito_2smmlv,64,4014888029.0,microcredito_rango,0.0
ptgf,27,microcredito_rango,monto2y3smmlv,522543390.0,monto2y3smmlv,_64_monto_microcr_dito_2smmlv,64,522543390.0,microcredito_rango,0.0
ptgf,41,microcredito_rango,monto2y3smmlv,6335664526.8,monto2y3smmlv,_64_monto_microcr_dito_2smmlv,64,5744421866.0,microcredito_rango,0.09331975490479819
ptgf,44,microcredito_rango,monto2y3smmlv,1196328932.0,monto2y3smmlv,_64_monto_microcr_dito_2smmlv,64,1196328932.0,microcredito_rango,0.0
ptgf,50,microcredito_rango,monto2y3smmlv,3678850319.07,monto2y3smmlv,_64_monto_microcr_dito_2smmlv,64,3678850319.07,microcredito_rango,0.0
ptgf,54,microcredito_rango,monto2y3smmlv,3009880419.24,monto2y3smmlv,_64_monto_microcr_dito_2smmlv,64,3009880419.24,microcredito_rango,0.0
ptgf,63,microcredito_rango,monto2y3smmlv,1977122896.8,monto2y3smmlv,_64_monto_microcr_dito_2smmlv,64,1977122896.8,microcredito_rango,0.0
ptgf,68,microcredito_rango,monto2y3smmlv,9835199905.98,monto2y3smmlv,_64_monto_microcr_dito_2smmlv,64,8024824694.48,microcredito_rango,0.18407101317780591
ptgf,70,microcredito_rango,monto2y3smmlv,4144308455.0,monto2y3smmlv,_64_monto_microcr_dito_2smmlv,64,4144308455.0,microcredito_rango,0.0
ptgf,81,microcredito_rango,monto2y3smmlv,682081592.0,monto2y3smmlv,_64_monto_microcr_dito_2smmlv,64,682081592.0,microcredito_rango,0.0
ptgf,88,microcredito_rango,monto2y3smmlv,4469872.0,monto2y3smmlv,_64_monto_microcr_dito_2smmlv,64,4469872.0,microcredito_rango,0.0
ptgf,91,microcredito_rango,monto2y3smmlv,55049114.0,monto2y3smmlv,_64_monto_microcr_dito_2smmlv,64,55049114.0,microcredito_rango,0.0
ptgf,94,microcredito_rango,monto2y3smmlv,47972210.0,monto2y3smmlv,_64_monto_microcr_dito_2smmlv,64,47972210.0,microcredito_rango,0.0
ptgf,08,microcredito_rango,nro1y2smmlv,3977.0,nro1y2smmlv,_61_nro_microcr_dito_1smmlv,61,3750.0,microcredito_rango,0.057078199647975864
ptgf,11,microcredito_rango,nro1y2smmlv,4788.0,nro1y2smmlv,_61_nro_microcr_dito_1smmlv,61,4452.0,microcredito_rango,0.07017543859649122
ptgf,17,microcredito_rango,nro1y2smmlv,1135.0,nro1y2smmlv,_61_nro_microcr_dito_1smmlv,61,1135.0,microcredito_rango,0.0
ptgf,18,microcredito_rango,nro1y2smmlv,733.0,nro1y2smmlv,_61_nro_microcr_dito_1smmlv,61,733.0,microcredito_rango,0.0
ptgf,23,microcredito_rango,nro1y2smmlv,3179.0,nro1y2smmlv,_61_nro_microcr_dito_1smmlv,61,3179.0,microcredito_rango,0.0
ptgf,47,microcredito_rango,nro1y2smmlv,4010.0,nro1y2smmlv,_61_nro_microcr_dito_1smmlv,61,4010.0,microcredito_rango,0.0
ptgf,66,microcredito_rango,nro1y2smmlv,1463.0,nro1y2smmlv,_61_nro_microcr_dito_1smmlv,61,1463.0,microcredito_rango,0.0
ptgf,85,microcredito_rango,nro1y2smmlv,697.0,nro1y2smmlv,_61_nro_microcr_dito_1smmlv,61,697.0,microcredito_rango,0.0
ptgf,13,microcredito_rango,nro2y3smmlv,2902.0,nro2y3smmlv,_63_nro_microcr_dito_2smmlv,63,2902.0,microcredito_rango,0.0
ptgf,15,microcredito_rango,nro2y3smmlv,1837.0,nro2y3smmlv,_63_nro_microcr_dito_2smmlv,63,1837.0,microcredito_rango,0.0
ptgf,27,microcredito_rango,nro2y3smmlv,229.0,nro2y3smmlv,_63_nro_microcr_dito_2smmlv,63,229.0,microcredito_rango,0.0
ptgf,41,microcredito_rango,nro2y3smmlv,2838.0,nro2y3smmlv,_63_nro_microcr_dito_2smmlv,63,2575.0,microcredito_rango,0.09267089499647639
ptgf,44,microcredito_rango,nro2y3smmlv,538.0,nro2y3smmlv,_63_nro_microcr_dito_2smmlv,63,538.0,microcredito_rango,0.0
ptgf,50,microcredito_rango,nro2y3smmlv,1658.0,nro2y3smmlv,_63_nro_microcr_dito_2smmlv,63,1658.0,microcredito_rango,0.0
ptgf,54,microcredito_rango,nro2y3smmlv,1385.0,nro2y3smmlv,_63_nro_microcr_dito_2smmlv,63,1385.0,microcredito_rango,0.0
ptgf,63,microcredito_rango,nro2y3smmlv,883.0,nro2y3smmlv,_63_nro_microcr_dito_2smmlv,63,883.0,microcredito_rango,0.0
ptgf,68,microcredito_rango,nro2y3smmlv,4494.0,nro2y3smmlv,_63_nro_microcr_dito_2smmlv,63,3687.0,microcredito_rango,0.1795727636849132
ptgf,70,microcredito_rango,nro2y3smmlv,1910.0,nro2y3smmlv,_63_nro_microcr_dito_2smmlv,63,1910.0,microcredito_rango,0.0
ptgf,81,microcredito_rango,nro2y3smmlv,302.0,nro2y3smmlv,_63_nro_microcr_dito_2smmlv,63,302.0,microcredito_rango,0.0
ptgf,88,microcredito_rango,nro2y3smmlv,2.0,nro2y3smmlv,_63_nro_microcr_dito_2smmlv,63,2.0,microcredito_rango,0.0
ptgf,91,microcredito_rango,nro2y3smmlv,26.0,nro2y3smmlv,_63_nro_microcr_dito_2smmlv,63,26.0,microcredito_rango,0.0
ptgf,94,microcredito_rango,nro2y3smmlv,22.0,nro2y3smmlv,_63_nro_microcr_dito_2smmlv,63,22.0,microcredito_rango,0.0
ptgf,52,microcredito_rango,nro3y4smmlv,2637.0,nro3y4smmlv,_65_nro_microcr_dito_3smmlv,65,2344.0,microcredito_rango,0.1111111111111111
ptgf,76,microcredito_rango,nro3y4smmlv,3877.0,nro3y4smmlv,_65_nro_microcr_dito_3smmlv,65,3212.0,microcredito_rango,0.17152437451637864
ptgf,95,microcredito_rango,nro3y4smmlv,72.0,nro3y4smmlv,_65_nro_microcr_dito_3smmlv,65,72.0,microcredito_rango,0.0
ptgf,05,transacciones_corresponsales_fisicos,montoreti,5019829778697.0,montoreti,_14_monto_retiros,14,5019810029933.0,transacciones_corresponsales_fisicos,3.934150134693651e-06
ptgf,08,transacciones_corresponsales_fisicos,montoreti,479728763575.0,montoreti,_14_monto_retiros,14,479684918575.0,transacciones_corresponsales_fisicos,9.139539533394134e-05
ptgf,13,transacciones_corresponsales_fisicos,montoreti,378539554026.0,montoreti,_14_monto_retiros,14,378539974026.0,transacciones_corresponsales_fisicos,1.1095273810439168e-06
ptgf,19,transacciones_corresponsales_fisicos,montoreti,335398829601.0,montoreti,_14_monto_retiros,14,335400579601.0,transacciones_corresponsales_fisicos,5.217668773864983e-06
ptgf,25,transacciones_corresponsales_fisicos,montoreti,1025545231913.0,montoreti,_14_monto_retiros,14,1030276858906.0,transacciones_corresponsales_fisicos,0.004613767238889954
ptgf,41,transacciones_corresponsales_fisicos,montoreti,448193050067.0,montoreti,_14_monto_retiros,14,448196275067.0,transacciones_corresponsales_fisicos,7.195560037171253e-06
ptgf,50,transacciones_corresponsales_fisicos,montoreti,460155350101.0,montoreti,_14_monto_retiros,14,460168253101.0,transacciones_corresponsales_fisicos,2.804053021912688e-05
ptgf,66,transacciones_corresponsales_fisicos,montoreti,291642700312.0,montoreti,_14_monto_retiros,14,291643050312.0,transacciones_corresponsales_fisicos,1.2000986125336557e-06
ptgf,85,transacciones_corresponsales_fisicos,montoreti,195061342219.0,montoreti,_14_monto_retiros,14,195062432219.0,transacciones_corresponsales_fisicos,5.58798574643371e-06
ptgf,88,transacciones_corresponsales_fisicos,montoreti,10072232272.0,montoreti,_14_monto_retiros,14,10072232272.0,transacciones_corresponsales_fisicos,0.0
ptgf,97,transacciones_corresponsales_fisicos,montoreti,6041287064.0,montoreti,_14_monto_retiros,14,6041287064.0,transacciones_corresponsales_fisicos,0.0
ptgf,99,transacciones_corresponsales_fisicos,montoreti,13065724763.0,montoreti,_14_monto_retiros,14,13065724763.0,transacciones_corresponsales_fisicos,0.0
ptgf,05,transacciones_corresponsales_fisicos,nropagos,9538906.0,nropagos,_11_nro_pagos_corresponsales,11,9402549.0,transacciones_corresponsales_fisicos,0.014294825842711942
ptgf,08,transacciones_corresponsales_fisicos,nropagos,1905180.0,nropagos,_11_nro_pagos_corresponsales,11,1924271.0,transacciones_corresponsales_fisicos,0.010020575483681331
ptgf,13,transacciones_corresponsales_fisicos,nropagos,1077216.0,nropagos,_11_nro_pagos_corresponsales,11,1090842.0,transacciones_corresponsales_fisicos,0.012649273683272436
ptgf,19,transacciones_corresponsales_fisicos,nropagos,902811.0,nropagos,_11_nro_pagos_corresponsales,11,913850.0,transacciones_corresponsales_fisicos,0.012227365417568019
ptgf,25,transacciones_corresponsales_fisicos,nropagos,6610838.0,nropagos,_11_nro_pagos_corresponsales,11,6685475.0,transacciones_corresponsales_fisicos,0.011290096656429941
ptgf,41,transacciones_corresponsales_fisicos,nropagos,1802670.0,nropagos,_11_nro_pagos_corresponsales,11,1813641.0,transacciones_corresponsales_fisicos,0.006085972474163324
ptgf,50,transacciones_corresponsales_fisicos,nropagos,1629182.0,nropagos,_11_nro_pagos_corresponsales,11,1648424.0,transacciones_corresponsales_fisicos,0.011810835130758871
ptgf,66,transacciones_corresponsales_fisicos,nropagos,885102.0,nropagos,_11_nro_pagos_corresponsales,11,898278.0,transacciones_corresponsales_fisicos,0.014886419870252241
ptgf,85,transacciones_corresponsales_fisicos,nropagos,733208.0,nropagos,_11_nro_pagos_corresponsales,11,737045.0,transacciones_corresponsales_fisicos,0.005233167123108313
ptgf,88,transacciones_corresponsales_fisicos,nropagos,27806.0,nropagos,_11_nro_pagos_corresponsales,11,28601.0,transacciones_corresponsales_fisicos,0.028590951593181327
ptgf,97,transacciones_corresponsales_fisicos,nropagos,5138.0,nropagos,_11_nro_pagos_corresponsales,11,5139.0,transacciones_corresponsales_fisicos,0.00019462826002335538
ptgf,99,transacciones_corresponsales_fisicos,nropagos,12013.0,nropagos,_11_nro_pagos_corresponsales,11,12052.0,transacciones_corresponsales_fisicos,0.00324648297677516
ptgf,05,transacciones_corresponsales_fisicos,nrotrnsfer,606075.0,nrotrnsfer,_15_nro_transferencias,15,604743.0,transacciones_corresponsales_fisicos,0.002197747803489667
ptgf,08,transacciones_corresponsales_fisicos,nrotrnsfer,35178.0,nrotrnsfer,_15_nro_transferencias,15,35176.0,transacciones_corresponsales_fisicos,5.6853715390300756e-05
ptgf,13,transacciones_corresponsales_fisicos,nrotrnsfer,74066.0,nrotrnsfer,_15_nro_transferencias,15,74066.0,transacciones_corresponsales_fisicos,0.0
ptgf,19,transacciones_corresponsales_fisicos,nrotrnsfer,21664.0,nrotrnsfer,_15_nro_transferencias,15,21664.0,transacciones_corresponsales_fisicos,0.0
ptgf,25,transacciones_corresponsales_fisicos,nrotrnsfer,60470.0,nrotrnsfer,_15_nro_transferencias,15,60657.0,transacciones_corresponsales_fisicos,0.0030924425334876797
ptgf,41,transacciones_corresponsales_fisicos,nrotrnsfer,84391.0,nrotrnsfer,_15_nro_transferencias,15,84391.0,transacciones_corresponsales_fisicos,0.0
ptgf,50,transacciones_corresponsales_fisicos,nrotrnsfer,35160.0,nrotrnsfer,_15_nro_transferencias,15,35160.0,transacciones_corresponsales_fisicos,0.0
ptgf,66,transacciones_corresponsales_fisicos,nrotrnsfer,23565.0,nrotrnsfer,_15_nro_transferencias,15,23565.0,transacciones_corresponsales_fisicos,0.0
ptgf,85,transacciones_corresponsales_fisicos,nrotrnsfer,19663.0,nrotrnsfer,_15_nro_transferencias,15,19663.0,transacciones_corresponsales_fisicos,0.0
ptgf,88,transacciones_corresponsales_fisicos,nrotrnsfer,690.0,nrotrnsfer,_15_nro_transferencias,15,690.0,transacciones_corresponsales_fisicos,0.0
ptgf,97,transacciones_corresponsales_fisicos,nrotrnsfer,704.0,nrotrnsfer,_15_nro_transferencias,15,704.0,transacciones_corresponsales_fisicos,0.0
ptgf,99,transacciones_corresponsales_fisicos,nrotrnsfer,2143.0,nrotrnsfer,_15_nro_transferencias,15,2143.0,transacciones_corresponsales_fisicos,0.0
ptgf,25,corresponsales_fisicos,nrocorresponsales,18318.0,nrocorresponsales,_4_nro_corresponsales_f_sicos,4,18791.0,corresponsales_fisicos,0.025821596244131457
ptgf,27,corresponsales_fisicos,nrocorresponsales,1652.0,nrocorresponsales,_4_nro_corresponsales_f_sicos,4,1661.0,corresponsales_fisicos,0.005447941888619854
ptgf,47,corresponsales_fisicos,nrocorresponsales,5141.0,nrocorresponsales,_4_nro_corresponsales_f_sicos,4,5272.0,corresponsales_fisicos,0.025481423847500486
ptgf,85,corresponsales_fisicos,nrocorresponsales,2946.0,nrocorresponsales,_4_nro_corresponsales_f_sicos,4,3042.0,corresponsales_fisicos,0.032586558044806514
ptgf,95,corresponsales_fisicos,nrocorresponsales,384.0,nrocorresponsales,_4_nro_corresponsales_f_sicos,4,385.0,corresponsales_fisicos,0.0026041666666666665
ptgf,13,credito_consumo,totalnrocdc,482654.0,totalnrocdc,_45_nro_cr_dito_consumo,45,484018.0,credito_consumo,0.0028260410148885124
ptgf,15,credito_consumo,totalnrocdc,181231.0,totalnrocdc,_45_nro_cr_dito_consumo,45,181572.0,credito_consumo,0.001881576551472982
ptgf,18,credito_consumo,totalnrocdc,71266.0,totalnrocdc,_45_nro_cr_dito_consumo,45,71266.0,credito_consumo,0.0
ptgf,20,credito_consumo,totalnrocdc,168217.0,totalnrocdc,_45_nro_cr_dito_consumo,45,165513.0,credito_consumo,0.01607447523139754
ptgf,23,credito_consumo,totalnrocdc,194292.0,totalnrocdc,_45_nro_cr_dito_consumo,45,195009.0,credito_consumo,0.0036903217837069976
ptgf,25,credito_consumo,totalnrocdc,400422.0,totalnrocdc,_45_nro_cr_dito_consumo,45,401636.0,credito_consumo,0.0030318014494708084
ptgf,41,credito_consumo,totalnrocdc,184079.0,totalnrocdc,_45_nro_cr_dito_consumo,45,184546.0,credito_consumo,0.0025369542424719823
ptgf,52,credito_consumo,totalnrocdc,121763.0,totalnrocdc,_45_nro_cr_dito_consumo,45,122096.0,credito_consumo,0.0027348209226119593
ptgf,63,credito_consumo,totalnrocdc,281808.0,totalnrocdc,_45_nro_cr_dito_consumo,45,282313.0,credito_consumo,0.0017920002271049793
ptgf,73,credito_consumo,totalnrocdc,197331.0,totalnrocdc,_45_nro_cr_dito_consumo,45,198232.0,credito_consumo,0.004565932367443534
ptgf,86,credito_consumo,totalnrocdc,3814.0,totalnrocdc,_45_nro_cr_dito_consumo,45,3814.0,credito_consumo,0.0
ptgf,05,credito_consumo_bajo_monto,generomontohcdcbm,11832445600.0,generomontohcdcbm,_50_monto_cred_cons_bajo,50,11832445600.0,credito_consumo_bajo_monto,0.0
ptgf,11,credito_consumo_bajo_monto,generomontohcdcbm,50000.0,generomontohcdcbm,_50_monto_cred_cons_bajo,50,50000.0,credito_consumo_bajo_monto,0.0
ptgf,05,credito_consumo_bajo_monto,totalmontocdcbm,27899214245.0,totalmontocdcbm,_52_monto_cred_cons_bajo,52,27899214245.0,credito_consumo_bajo_monto,0.0
ptgf,11,credito_consumo_bajo_monto,totalmontocdcbm,400000.0,totalmontocdcbm,_52_monto_cred_cons_bajo,52,400000.0,credito_consumo_bajo_monto,0.0
ptgf,08,credito_vivienda,generomontohcdv,193309009732.71002,generomontohcdv,_56_monto_cr_dito_vivienda,56,198298494875.54,credito_vivienda,0.025810929090832286
ptgf,81,credito_vivienda,generomontohcdv,1325235528.0,generomontohcdv,_56_monto_cr_dito_vivienda,56,1325235528.0,credito_vivienda,0.0
ptgf,15,credito_vivienda,generomontohcdv,48657572822.52,generomontohcdv,_56_monto_cr_dito_vivienda,56,49074129484.52,credito_vivienda,0.008560983169452438
ptgf,17,credito_vivienda,generomontohcdv,64862951025.54,generomontohcdv,_56_monto_cr_dito_vivienda,56,65376935151.54,credito_vivienda,0.007924155744896914
ptgf,50,credito_vivienda,generomontohcdv,45208682340.0,generomontohcdv,_56_monto_cr_dito_vivienda,56,46477389870.0,credito_vivienda,0.02806336005235582
ptgf,13,credito_vivienda,generomontomcdv,79309136187.19,generomontomcdv,_54_monto_cr_dito_vivienda,54,80559691276.72,credito_vivienda,0.01576810881634578
ptgf,25,credito_vivienda,generomontomcdv,109229580193.84001,generomontomcdv,_54_monto_cr_dito_vivienda,54,109229580193.84001,credito_vivienda,0.0
ptgf,68,credito_vivienda,generomontomcdv,106967013746.69,generomontomcdv,_54_monto_cr_dito_vivienda,54,111015831146.4,credito_vivienda,0.037851083786428305
ptgf,76,credito_vivienda,generomontomcdv,282495913900.81,generomontomcdv,_54_monto_cr_dito_vivienda,54,286732666882.39,credito_vivienda,0.014997572612917957
ptgf,18,credito_vivienda,generomontomcdv,4413621825.0,generomontomcdv,_54_monto_cr_dito_vivienda,54,4413621825.0,credito_vivienda,0.0
ptgf,19,credito_vivienda,generomontomcdv,25136972159.79,generomontomcdv,_54_monto_cr_dito_vivienda,54,25358016873.79,credito_vivienda,0.008793609373271736
ptgf,41,credito_vivienda,generomontomcdv,35596346436.520004,generomontomcdv,_54_monto_cr_dito_vivienda,54,35676010328.520004,credito_vivienda,0.0022379794550563474
ptgf,47,credito_vivienda,generomontomcdv,30301733642.0,generomontomcdv,_54_monto_cr_dito_vivienda,54,30583457119.0,credito_vivienda,0.009297272569563959
ptgf,63,credito_vivienda,generomontomcdv,43372167345.85,generomontomcdv,_54_monto_cr_dito_vivienda,54,43811869085.85,credito_vivienda,0.010137877973535768
ptgf,70,credito_vivienda,generomontomcdv,9526465101.46,generomontomcdv,_54_monto_cr_dito_vivienda,54,9678209259.46,credito_vivienda,0.015928695101895048
ptgf,85,credito_vivienda,generomontomcdv,7933137897.0,generomontomcdv,_54_monto_cr_dito_vivienda,54,7933137897.0,credito_vivienda,0.0
ptgf,91,credito_vivienda,generomontomcdv,367241039.0,generomontomcdv,_54_monto_cr_dito_vivienda,54,367241039.0,credito_vivienda,0.0
ptgf,94,credito_vivienda,generomontomcdv,202000000.0,generomontomcdv,_54_monto_cr_dito_vivienda,54,202000000.0,credito_vivienda,0.0
ptgf,99,credito_vivienda,generomontomcdv,90000000.0,generomontomcdv,_54_monto_cr_dito_vivienda,54,90000000.0,credito_vivienda,0.0
ptgf,08,cuentas_ahorro,nro3y5smmlv,43399.0,nro3y5smmlv,_23_nro_ctas_ahorr_3smmlv,23,43308.0,cuentas_ahorro,0.0020968225074310468
ptgf,11,cuentas_ahorro,nro3y5smmlv,361511.0,nro3y5smmlv,_23_nro_ctas_ahorr_3smmlv,23,362102.0,cuentas_ahorro,0.001634805026679686
ptgf,27,cuentas_ahorro,nro3y5smmlv,4215.0,nro3y5smmlv,_23_nro_ctas_ahorr_3smmlv,23,4204.0,cuentas_ahorro,0.0026097271648873074
ptgf,41,cuentas_ahorro,nro3y5smmlv,16814.0,nro3y5smmlv,_23_nro_ctas_ahorr_3smmlv,23,16772.0,cuentas_ahorro,0.002497918401332223
ptgf,70,cuentas_ahorro,nro3y5smmlv,8080.0,nro3y5smmlv,_23_nro_ctas_ahorr_3smmlv,23,8079.0,cuentas_ahorro,0.00012376237623762376
ptgf,73,cuentas_ahorro,nro3y5smmlv,27726.0,nro3y5smmlv,_23_nro_ctas_ahorr_3smmlv,23,27714.0,cuentas_ahorro,0.00043280675178532783
ptgf,91,cuentas_ahorro,nro3y5smmlv,597.0,nro3y5smmlv,_23_nro_ctas_ahorr_3smmlv,23,600.0,cuentas_ahorro,0.005025125628140704
ptgf,17,cuentas_ahorro,nroactivasca,527446.0,nroactivasca,_25_nro_ctas_ahorro_activas,25,526973.0,cuentas_ahorro,0.0008967742669391748
ptgf,20,cuentas_ahorro,nroactivasca,388499.0,nroactivasca,_25_nro_ctas_ahorro_activas,25,387902.0,cuentas_ahorro,0.001536683492106801
ptgf,50,cuentas_ahorro,nroactivasca,518330.0,nroactivasca,_25_nro_ctas_ahorro_activas,25,518083.0,cuentas_ahorro,0.000476530395693863
ptgf,52,cuentas_ahorro,nroactivasca,512805.0,nroactivasca,_25_nro_ctas_ahorro_activas,25,512467.0,cuentas_ahorro,0.0006591199383781359
ptgf,63,cuentas_ahorro,nroactivasca,315056.0,nroactivasca,_25_nro_ctas_ahorro_activas,25,314287.0,cuentas_ahorro,0.002440835914884973
ptgf,76,cuentas_ahorro,nroactivasca,2595835.0,nroactivasca,_25_nro_ctas_ahorro_activas,25,2588963.0,cuentas_ahorro,0.0026473177224284284
ptgf,86,cuentas_ahorro,nroactivasca,107394.0,nroactivasca,_25_nro_ctas_ahorro_activas,25,107394.0,cuentas_ahorro,0.0
ptgf,94,cuentas_ahorro,nroactivasca,10210.0,nroactivasca,_25_nro_ctas_ahorro_activas,25,10210.0,cuentas_ahorro,0.0
ptgf,95,cuentas_ahorro,nroactivasca,33728.0,nroactivasca,_25_nro_ctas_ahorro_activas,25,33728.0,cuentas_ahorro,0.0
ptgf,97,cuentas_ahorro,nroactivasca,5500.0,nroactivasca,_25_nro_ctas_ahorro_activas,25,5500.0,cuentas_ahorro,0.0
ptgf,99,cuentas_ahorro,nroactivasca,17272.0,nroactivasca,_25_nro_ctas_ahorro_activas,25,17272.0,cuentas_ahorro,0.0
ptgf,17,cuentas_ahorro,totalsaldoca,2404575804602.2793,totalsaldoca,_32_saldo_ctas_ahorro,32,2404599882030.9893,cuentas_ahorro,1.0013170998343046e-05
ptgf,20,cuentas_ahorro,totalsaldoca,1488157897699.1,totalsaldoca,_32_saldo_ctas_ahorro,32,1488162465226.48,cuentas_ahorro,3.0692491616278404e-06
ptgf,50,cuentas_ahorro,totalsaldoca,2866435143692.631,totalsaldoca,_32_saldo_ctas_ahorro,32,2866442244866.73,cuentas_ahorro,2.4773538360868476e-06
ptgf,52,cuentas_ahorro,totalsaldoca,2690712652237.55,totalsaldoca,_32_saldo_ctas_ahorro,32,2690764179154.1694,cuentas_ahorro,1.9149914271514656e-05
ptgf,63,cuentas_ahorro,totalsaldoca,1474965571022.3298,totalsaldoca,_32_saldo_ctas_ahorro,32,1474970726681.27,cuentas_ahorro,3.4954435828709213e-06
ptgf,76,cuentas_ahorro,totalsaldoca,17362152655912.492,totalsaldoca,_32_saldo_ctas_ahorro,32,17363088543297.5,cuentas_ahorro,5.390387952205375e-05
ptgf,86,cuentas_ahorro,totalsaldoca,656813113260.2699,totalsaldoca,_32_saldo_ctas_ahorro,32,656815089360.31,cuentas_ahorro,3.0086184338680827e-06
ptgf,94,cuentas_ahorro,totalsaldoca,193140407810.97003,totalsaldoca,_32_saldo_ctas_ahorro,32,193140405467.53998,cuentas_ahorro,1.213329763704597e-08
ptgf,95,cuentas_ahorro,totalsaldoca,199842184575.91,totalsaldoca,_32_saldo_ctas_ahorro,32,199881389115.67,cuentas_ahorro,0.0001961774979752482
ptgf,97,cuentas_ahorro,totalsaldoca,109774141471.85,totalsaldoca,_32_saldo_ctas_ahorro,32,109774141471.85,cuentas_ahorro,0.0
ptgf,99,cuentas_ahorro,totalsaldoca,93991377761.54001,totalsaldoca,_32_saldo_ctas_ahorro,32,93991375875.58,cuentas_ahorro,2.0065244830207994e-08
ptgf,11,cuentas_ahorro_electronicas,generonrohche,32830.0,generonrohche,,37,,,
ptgf,13,cuentas_ahorro_electronicas,generonrohche,40986.0,generonrohche,,37,,,
ptgf,15,cuentas_ahorro_electronicas,generonrohche,10881.0,generonrohche,,37,,,
ptgf,17,cuentas_ahorro_electronicas,generonrohche,6526.0,generonrohche,,37,,,
ptgf,47,cuentas_ahorro_electronicas,generonrohche,36198.0,generonrohche,,37,,,
ptgf,50,cuentas_ahorro_electronicas,generonrohche,18328.0,generonrohche,,37,,,
ptgf,68,cuentas_ahorro_electronicas,generonrohche,22697.0,generonrohche,,37,,,
ptgf,81,cuentas_ahorro_electronicas,generonrohche,6180.0,generonrohche,,37,,,
ptgf,86,cuentas_ahorro_electronicas,generonrohche,16105.0,generonrohche,,37,,,
ptgf,95,cuentas_ahorro_electronicas,generonrohche,7113.0,generonrohche,,37,,,
ptgf,97,cuentas_ahorro_electronicas,generonrohche,252.0,generonrohche,,37,,,
ptgf,99,cuentas_ahorro_electronicas,generonrohche,934.0,generonrohche,,37,,,
ptgf,11,cuentas_ahorro_electronicas,generonromche,215594.0,generonromche,,35,,,
ptgf,13,cuentas_ahorro_electronicas,generonromche,203737.0,generonromche,,35,,,
ptgf,15,cuentas_ahorro_electronicas,generonromche,97614.0,generonromche,,35,,,
ptgf,17,cuentas_ahorro_electronicas,generonromche,47724.0,generonromche,,35,,,
ptgf,47,cuentas_ahorro_electronicas,generonromche,160606.0,generonromche,,35,,,
ptgf,50,cuentas_ahorro_electronicas,generonromche,81828.0,generonromche,,35,,,
ptgf,68,cuentas_ahorro_electronicas,generonromche,142844.0,generonromche,,35,,,
ptgf,81,cuentas_ahorro_electronicas,generonromche,32250.0,generonromche,,35,,,
ptgf,86,cuentas_ahorro_electronicas,generonromche,50973.0,generonromche,,35,,,
ptgf,95,cuentas_ahorro_electronicas,generonromche,13299.0,generonromche,,35,,,
ptgf,97,cuentas_ahorro_electronicas,generonromche,1359.0,generonromche,,35,,,
ptgf,99,cuentas_ahorro_electronicas,generonromche,3551.0,generonromche,,35,,,
ptgf,18,cuentas_ahorro_electronicas,generosaldohche,646724590.0,generosaldohche,,38,,,
ptgf,25,cuentas_ahorro_electronicas,generosaldohche,713751390.0,generosaldohche,,38,,,
ptgf,27,cuentas_ahorro_electronicas,generosaldohche,291781633.0,generosaldohche,,38,,,
ptgf,54,cuentas_ahorro_electronicas,generosaldohche,624582298.0,generosaldohche,,38,,,
ptgf,73,cuentas_ahorro_electronicas,generosaldohche,449802402.0,generosaldohche,,38,,,
ptgf,76,cuentas_ahorro_electronicas,generosaldohche,1935418634.0,generosaldohche,,38,,,
ptgf,91,cuentas_ahorro_electronicas,generosaldohche,26368466.0,generosaldohche,,38,,,
ptgf,05,cuentas_ahorro_electronicas,generosaldomche,9673312320.0,generosaldomche,,36,,,
ptgf,08,cuentas_ahorro_electronicas,generosaldomche,4745193815.0,generosaldomche,,36,,,
ptgf,23,cuentas_ahorro_electronicas,generosaldomche,4433646092.0,generosaldomche,,36,,,
ptgf,52,cuentas_ahorro_electronicas,generosaldomche,6722054207.0,generosaldomche,,36,,,
ptgf,70,cuentas_ahorro_electronicas,generosaldomche,1820646588.0,generosaldomche,,36,,,
ptgf,85,cuentas_ahorro_electronicas,generosaldomche,1003172439.0,generosaldomche,,36,,,
ptgf,94,cuentas_ahorro_electronicas,generosaldomche,65247838.0,generosaldomche,,36,,,
ptgf,52,microcredito_rango,nro4y10smmlv,7689.0,nro4y10smmlv,_67_nro_microcr_dito_4smmlv,67,6761.0,microcredito_rango,0.12069189751593185
ptgf,76,microcredito_rango,nro4y10smmlv,11292.0,nro4y10smmlv,_67_nro_microcr_dito_4smmlv,67,9278.0,microcredito_rango,0.1783563584838824
ptgf,95,microcredito_rango,nro4y10smmlv,313.0,nro4y10smmlv,_67_nro_microcr_dito_4smmlv,67,313.0,microcredito_rango,0.0
ptgf,11,transacciones_corresponsales_fisicos,montodepositos,1759558608048.26,montodepositos,_6_monto_dep_sitos,6,1765062781495.26,transacciones_corresponsales_fisicos,0.003128155789653035
ptgf,15,transacciones_corresponsales_fisicos,montodepositos,517193344688.0,montodepositos,_6_monto_dep_sitos,6,517670022372.0,transacciones_corresponsales_fisicos,0.0009216624477013692
ptgf,17,transacciones_corresponsales_fisicos,montodepositos,346523881010.0,montodepositos,_6_monto_dep_sitos,6,346968349688.0,transacciones_corresponsales_fisicos,0.0012826494863918873
ptgf,23,transacciones_corresponsales_fisicos,montodepositos,462295265244.0,montodepositos,_6_monto_dep_sitos,6,459624804331.0,transacciones_corresponsales_fisicos,0.005776526635180933
ptgf,47,transacciones_corresponsales_fisicos,montodepositos,340932651293.57,montodepositos,_6_monto_dep_sitos,6,341336178443.57,transacciones_corresponsales_fisicos,0.0011835978410074052
ptgf,52,transacciones_corresponsales_fisicos,montodepositos,423514994327.0,montodepositos,_6_monto_dep_sitos,6,423566441927.0,transacciones_corresponsales_fisicos,0.00012147763524111926
ptgf,63,transacciones_corresponsales_fisicos,montodepositos,208460315962.0,montodepositos,_6_monto_dep_sitos,6,208839615191.0,transacciones_corresponsales_fisicos,0.0018195272670945295
ptgf,86,transacciones_corresponsales_fisicos,montodepositos,140572669277.0,montodepositos,_6_monto_dep_sitos,6,140574609277.0,transacciones_corresponsales_fisicos,1.3800691201055652e-05
ptgf,94,transacciones_corresponsales_fisicos,montodepositos,12204885982.0,montodepositos,_6_monto_dep_sitos,6,12204885982.0,transacciones_corresponsales_fisicos,0.0
ptgf,95,transacciones_corresponsales_fisicos,montodepositos,50134359495.0,montodepositos,_6_monto_dep_sitos,6,50136874495.0,transacciones_corresponsales_fisicos,5.016519659039079e-05
ptgf,05,transacciones_corresponsales_fisicos,nrodepositos,10094777.0,nrodepositos,_5_nro_dep_sitos,5,10097020.0,transacciones_corresponsales_fisicos,0.00022219411087535663
ptgf,08,transacciones_corresponsales_fisicos,nrodepositos,1380304.0,nrodepositos,_5_nro_dep_sitos,5,1382719.0,transacciones_corresponsales_fisicos,0.001749614577658255
ptgf,13,transacciones_corresponsales_fisicos,nrodepositos,931492.0,nrodepositos,_5_nro_dep_sitos,5,933621.0,transacciones_corresponsales_fisicos,0.0022855805524899836
ptgf,19,transacciones_corresponsales_fisicos,nrodepositos,615096.0,nrodepositos,_5_nro_dep_sitos,5,615328.0,transacciones_corresponsales_fisicos,0.00037717689596420724
ptgf,25,transacciones_corresponsales_fisicos,nrodepositos,2083318.0,nrodepositos,_5_nro_dep_sitos,5,2093009.0,transacciones_corresponsales_fisicos,0.004651714236616781
ptgf,41,transacciones_corresponsales_fisicos,nrodepositos,984316.0,nrodepositos,_5_nro_dep_sitos,5,985124.0,transacciones_corresponsales_fisicos,0.0008208745971822057
ptgf,50,transacciones_corresponsales_fisicos,nrodepositos,1065229.0,nrodepositos,_5_nro_dep_sitos,5,1066584.0,transacciones_corresponsales_fisicos,0.0012720269538287073
ptgf,66,transacciones_corresponsales_fisicos,nrodepositos,601667.0,nrodepositos,_5_nro_dep_sitos,5,602533.0,transacciones_corresponsales_fisicos,0.0014393343826402311
ptgf,85,transacciones_corresponsales_fisicos,nrodepositos,408689.0,nrodepositos,_5_nro_dep_sitos,5,409336.0,transacciones_corresponsales_fisicos,0.0015831108740386945
ptgf,88,transacciones_corresponsales_fisicos,nrodepositos,38085.0,nrodepositos,_5_nro_dep_sitos,5,38113.0,transacciones_corresponsales_fisicos,0.0007351975843507942
ptgf,97,transacciones_corresponsales_fisicos,nrodepositos,9548.0,nrodepositos,_5_nro_dep_sitos,5,9548.0,transacciones_corresponsales_fisicos,0.0
ptgf,99,transacciones_corresponsales_fisicos,nrodepositos,23163.0,nrodepositos,_5_nro_dep_sitos,5,23163.0,transacciones_corresponsales_fisicos,0.0
ptgf,11,transacciones_corresponsales_fisicos,nrogirosreci,17714.0,nrogirosreci,_9_nro_giros_recibidos,9,17714.0,transacciones_corresponsales_fisicos,0.0
ptgf,15,transacciones_corresponsales_fisicos,nrogirosreci,10245.0,nrogirosreci,_9_nro_giros_recibidos,9,10245.0,transacciones_corresponsales_fisicos,0.0
ptgf,17,transacciones_corresponsales_fisicos,nrogirosreci,2726.0,nrogirosreci,_9_nro_giros_recibidos,9,2726.0,transacciones_corresponsales_fisicos,0.0
ptgf,23,transacciones_corresponsales_fisicos,nrogirosreci,142577.0,nrogirosreci,_9_nro_giros_recibidos,9,142571.0,transacciones_corresponsales_fisicos,4.208252382922912e-05
ptgf,47,transacciones_corresponsales_fisicos,nrogirosreci,100665.0,nrogirosreci,_9_nro_giros_recibidos,9,100665.0,transacciones_corresponsales_fisicos,0.0
ptgf,52,transacciones_corresponsales_fisicos,nrogirosreci,12586.0,nrogirosreci,_9_nro_giros_recibidos,9,12586.0,transacciones_corresponsales_fisicos,0.0
ptgf,63,transacciones_corresponsales_fisicos,nrogirosreci,1421.0,nrogirosreci,_9_nro_giros_recibidos,9,1421.0,transacciones_corresponsales_fisicos,0.0
ptgf,86,transacciones_corresponsales_fisicos,nrogirosreci,1497.0,nrogirosreci,_9_nro_giros_recibidos,9,1497.0,transacciones_corresponsales_fisicos,0.0
ptgf,94,transacciones_corresponsales_fisicos,nrogirosreci,77.0,nrogirosreci,_9_nro_giros_recibidos,9,77.0,transacciones_corresponsales_fisicos,0.0
ptgf,95,transacciones_corresponsales_fisicos,nrogirosreci,872.0,nrogirosreci,_9_nro_giros_recibidos,9,872.0,transacciones_corresponsales_fisicos,0.0
ptgf,20,transacciones_corresponsales_fisicos,totalmontocorr,1105330947925.52,totalmontocorr,_18_monto_transacciones,18,1106083640691.52,transacciones_corresponsales_fisicos,0.0006809659744103341
ptgf,27,transacciones_corresponsales_fisicos,totalmontocorr,555224365603.1799,totalmontocorr,_18_monto_transacciones,18,556260065512.18,transacciones_corresponsales_fisicos,0.001865371862553199
ptgf,44,transacciones_corresponsales_fisicos,totalmontocorr,565711426947.81,totalmontocorr,_18_monto_transacciones,18,567293118647.81,transacciones_corresponsales_fisicos,0.002795933800619374
ptgf,68,transacciones_corresponsales_fisicos,totalmontocorr,3026864246192.92,totalmontocorr,_18_monto_transacciones,18,3035195037806.25,transacciones_corresponsales_fisicos,0.002752284521450952
ptgf,73,transacciones_corresponsales_fisicos,totalmontocorr,1336723537419.6501,totalmontocorr,_18_monto_transacciones,18,1343345576464.99,transacciones_corresponsales_fisicos,0.004953933150696759
ptgf,76,transacciones_corresponsales_fisicos,totalmontocorr,5102262568059.761,totalmontocorr,_18_monto_transacciones,18,5128655783430.439,transacciones_corresponsales_fisicos,0.00517284538351684
ptgf,91,transacciones_corresponsales_fisicos,totalmontocorr,26214242184.629997,totalmontocorr,_18_monto_transacciones,18,26340984564.629997,transacciones_corresponsales_fisicos,0.004834867211012185
ptgf,05,corresponsales_fisicos,correstercerizados,29507.0,correstercerizados,_2_nro_corresponsales_f_sicos,2,31262.0,corresponsales_fisicos,0.05947741213949232
ptgf,11,corresponsales_fisicos,correstercerizados,54649.0,correstercerizados,_2_nro_corresponsales_f_sicos,2,56389.0,corresponsales_fisicos,0.031839557905908616
ptgf,19,corresponsales_fisicos,correstercerizados,5182.0,correstercerizados,_2_nro_corresponsales_f_sicos,2,5352.0,corresponsales_fisicos,0.032805866460825936
ptgf,23,corresponsales_fisicos,correstercerizados,4809.0,correstercerizados,_2_nro_corresponsales_f_sicos,2,5103.0,corresponsales_fisicos,0.0611353711790393
ptgf,44,corresponsales_fisicos,correstercerizados,2530.0,correstercerizados,_2_nro_corresponsales_f_sicos,2,2609.0,corresponsales_fisicos,0.031225296442687747
ptgf,50,corresponsales_fisicos,correstercerizados,5345.0,correstercerizados,_2_nro_corresponsales_f_sicos,2,5562.0,corresponsales_fisicos,0.04059869036482694
ptgf,52,corresponsales_fisicos,correstercerizados,5179.0,correstercerizados,_2_nro_corresponsales_f_sicos,2,5441.0,corresponsales_fisicos,0.050588916779301024
ptgf,54,corresponsales_fisicos,correstercerizados,5950.0,correstercerizados,_2_nro_corresponsales_f_sicos,2,6158.0,corresponsales_fisicos,0.03495798319327731
ptgf,66,corresponsales_fisicos,correstercerizados,2705.0,correstercerizados,_2_nro_corresponsales_f_sicos,2,2866.0,corresponsales_fisicos,0.059519408502772646
ptgf,73,corresponsales_fisicos,correstercerizados,6371.0,correstercerizados,_2_nro_corresponsales_f_sicos,2,6670.0,corresponsales_fisicos,0.04693140794223827
ptgf,81,corresponsales_fisicos,correstercerizados,1457.0,correstercerizados,_2_nro_corresponsales_f_sicos,2,1483.0,corresponsales_fisicos,0.017844886753603295
ptgf,91,corresponsales_fisicos,correstercerizados,159.0,correstercerizados,_2_nro_corresponsales_f_sicos,2,161.0,corresponsales_fisicos,0.012578616352201259
ptgf,97,corresponsales_fisicos,correstercerizados,63.0,correstercerizados,_2_nro_corresponsales_f_sicos,2,64.0,corresponsales_fisicos,0.015873015873015872
ptgf,99,corresponsales_fisicos,correstercerizados,161.0,correstercerizados,_2_nro_corresponsales_f_sicos,2,163.0,corresponsales_fisicos,0.012422360248447204
ptgf,05,credito_consumo,generonromcdc,874061.0,generonromcdc,_41_nro_cr_dito_consumo,41,872350.0,credito_consumo,0.001957529279993044
ptgf,08,credito_consumo,generonromcdc,598252.0,generonromcdc,_41_nro_cr_dito_consumo,41,596958.0,credito_consumo,0.002162968113771454
ptgf,17,credito_consumo,generonromcdc,105380.0,generonromcdc,_41_nro_cr_dito_consumo,41,105734.0,credito_consumo,0.0033592712089580566
ptgf,44,credito_consumo,generonromcdc,19524.0,generonromcdc,_41_nro_cr_dito_consumo,41,19524.0,credito_consumo,0.0
ptgf,50,credito_consumo,generonromcdc,86771.0,generonromcdc,_41_nro_cr_dito_consumo,41,87138.0,credito_consumo,0.0042295236887900335
ptgf,66,credito_consumo,generonromcdc,177474.0,generonromcdc,_41_nro_cr_dito_consumo,41,178308.0,credito_consumo,0.004699279894519761
ptgf,76,credito_consumo,generonromcdc,648876.0,generonromcdc,_41_nro_cr_dito_consumo,41,648898.0,credito_consumo,3.3904783040211074e-05
ptgf,85,credito_consumo,generonromcdc,25188.0,generonromcdc,_41_nro_cr_dito_consumo,41,25226.0,credito_consumo,0.0015086549150389074
ptgf,11,credito_consumo,totalmontocdc,11920701279881.43,totalmontocdc,_46_monto_cr_dito_consumo,46,11820991673925.95,credito_consumo,0.00836440773193104
ptgf,27,credito_consumo,totalmontocdc,76353277058.44,totalmontocdc,_46_monto_cr_dito_consumo,46,76353277058.44,credito_consumo,0.0
ptgf,54,credito_consumo,totalmontocdc,489039771313.05,totalmontocdc,_46_monto_cr_dito_consumo,46,497559539185.75006,credito_consumo,0.01742142126769133
ptgf,88,credito_consumo,totalmontocdc,39990195002.88,totalmontocdc,_46_monto_cr_dito_consumo,46,39990195002.88,credito_consumo,0.0
ptgf,94,credito_consumo,totalmontocdc,3000194081.8900003,totalmontocdc,_46_monto_cr_dito_consumo,46,3000194081.8900003,credito_consumo,0.0
ptgf,95,credito_consumo,totalmontocdc,28677556880.56,totalmontocdc,_46_monto_cr_dito_consumo,46,28677556880.559998,credito_consumo,1.3302030160773265e-16
ptgf,17,cuentas_ahorro,generosaldomca,634547902010.6699,generosaldomca,_28_saldo_ctas_ahorro_mujeres,28,634550637619.86,cuentas_ahorro,4.3111153332872845e-06
ptgf,20,cuentas_ahorro,generosaldomca,396151828975.10004,generosaldomca,_28_saldo_ctas_ahorro_mujeres,28,396151836727.51,cuentas_ahorro,1.9569289868485768e-08
ptgf,50,cuentas_ahorro,generosaldomca,565390666951.6501,generosaldomca,_28_saldo_ctas_ahorro_mujeres,28,565390091694.51,cuentas_ahorro,1.0174507181702601e-06
ptgf,52,cuentas_ahorro,generosaldomca,693086617000.06,generosaldomca,_28_saldo_ctas_ahorro_mujeres,28,693086741559.79,cuentas_ahorro,1.797174075003932e-07
ptgf,63,cuentas_ahorro,generosaldomca,488892704655.65,generosaldomca,_28_saldo_ctas_ahorro_mujeres,28,488893304576.35,cuentas_ahorro,1.2271009451321719e-06
ptgf,76,cuentas_ahorro,generosaldomca,4020993708402.869,generosaldomca,_28_saldo_ctas_ahorro_mujeres,28,4021918795853.929,cuentas_ahorro,0.00023006438660345518
ptgf,86,cuentas_ahorro,generosaldomca,102656176245.12,generosaldomca,_28_saldo_ctas_ahorro_mujeres,28,102656197205.12001,cuentas_ahorro,2.041767069641382e-07
ptgf,94,cuentas_ahorro,generosaldomca,8106373103.32,generosaldomca,_28_saldo_ctas_ahorro_mujeres,28,8106373103.32,cuentas_ahorro,0.0
ptgf,95,cuentas_ahorro,generosaldomca,27432750266.659996,generosaldomca,_28_saldo_ctas_ahorro_mujeres,28,27432750266.66,cuentas_ahorro,1.390563187629473e-16
ptgf,97,cuentas_ahorro,generosaldomca,3730565369.23,generosaldomca,_28_saldo_ctas_ahorro_mujeres,28,3730541348.23,cuentas_ahorro,6.4389704032871586e-06
ptgf,99,cuentas_ahorro,generosaldomca,11820753716.68,generosaldomca,_28_saldo_ctas_ahorro_mujeres,28,11820753716.68,cuentas_ahorro,0.0
ptgf,17,cuentas_ahorro,nro1smmlvca,1029208.0,nro1smmlvca,_19_nro_ctas_ahorro_hasta,19,1029362.0,cuentas_ahorro,0.0001496296181141227
ptgf,20,cuentas_ahorro,nro1smmlvca,830236.0,nro1smmlvca,_19_nro_ctas_ahorro_hasta,19,830373.0,cuentas_ahorro,0.000165013321513401
ptgf,50,cuentas_ahorro,nro1smmlvca,1128831.0,nro1smmlvca,_19_nro_ctas_ahorro_hasta,19,1129000.0,cuentas_ahorro,0.00014971240159067213
ptgf,52,cuentas_ahorro,nro1smmlvca,1163688.0,nro1smmlvca,_19_nro_ctas_ahorro_hasta,19,1164025.0,cuentas_ahorro,0.00028959652415424066
ptgf,63,cuentas_ahorro,nro1smmlvca,615967.0,nro1smmlvca,_19_nro_ctas_ahorro_hasta,19,616085.0,cuentas_ahorro,0.00019156870416759338
ptgf,76,cuentas_ahorro,nro1smmlvca,5746387.0,nro1smmlvca,_19_nro_ctas_ahorro_hasta,19,5734251.0,cuentas_ahorro,0.0021119357258743625
ptgf,86,cuentas_ahorro,nro1smmlvca,254079.0,nro1smmlvca,_19_nro_ctas_ahorro_hasta,19,254174.0,cuentas_ahorro,0.0003738994564682638
ptgf,94,cuentas_ahorro,nro1smmlvca,18089.0,nro1smmlvca,_19_nro_ctas_ahorro_hasta,19,18100.0,cuentas_ahorro,0.0006081043728232628
ptgf,95,cuentas_ahorro,nro1smmlvca,79081.0,nro1smmlvca,_19_nro_ctas_ahorro_hasta,19,79106.0,cuentas_ahorro,0.000316131561310555
ptgf,97,cuentas_ahorro,nro1smmlvca,11564.0,nro1smmlvca,_19_nro_ctas_ahorro_hasta,19,11577.0,cuentas_ahorro,0.0011241784849533034
ptgf,99,cuentas_ahorro,nro1smmlvca,38221.0,nro1smmlvca,_19_nro_ctas_ahorro_hasta,19,38236.0,cuentas_ahorro,0.0003924544098793857
ptgf,17,cuentas_ahorro,nro1y3smmlv,63694.0,nro1y3smmlv,_21_nro_ctas_ahorro_1smmlv,21,63637.0,cuentas_ahorro,0.0008949037585957861
ptgf,20,cuentas_ahorro,nro1y3smmlv,36574.0,nro1y3smmlv,_21_nro_ctas_ahorro_1smmlv,21,36526.0,cuentas_ahorro,0.001312407721332094
ptgf,50,cuentas_ahorro,nro1y3smmlv,59788.0,nro1y3smmlv,_21_nro_ctas_ahorro_1smmlv,21,59729.0,cuentas_ahorro,0.0009868200976784639
ptgf,52,cuentas_ahorro,nro1y3smmlv,60871.0,nro1y3smmlv,_21_nro_ctas_ahorro_1smmlv,21,60698.0,cuentas_ahorro,0.0028420758653546025
ptgf,63,cuentas_ahorro,nro1y3smmlv,40022.0,nro1y3smmlv,_21_nro_ctas_ahorro_1smmlv,21,39970.0,cuentas_ahorro,0.0012992853930338315
ptgf,76,cuentas_ahorro,nro1y3smmlv,335783.0,nro1y3smmlv,_21_nro_ctas_ahorro_1smmlv,21,335164.0,cuentas_ahorro,0.0018434524678140347
ptgf,86,cuentas_ahorro,nro1y3smmlv,11378.0,nro1y3smmlv,_21_nro_ctas_ahorro_1smmlv,21,11341.0,cuentas_ahorro,0.0032518896115310246
ptgf,94,cuentas_ahorro,nro1y3smmlv,1075.0,nro1y3smmlv,_21_nro_ctas_ahorro_1smmlv,21,1067.0,cuentas_ahorro,0.0074418604651162795
ptgf,95,cuentas_ahorro,nro1y3smmlv,3560.0,nro1y3smmlv,_21_nro_ctas_ahorro_1smmlv,21,3541.0,cuentas_ahorro,0.0053370786516853935
ptgf,97,cuentas_ahorro,nro1y3smmlv,501.0,nro1y3smmlv,_21_nro_ctas_ahorro_1smmlv,21,496.0,cuentas_ahorro,0.00998003992015968
ptgf,99,cuentas_ahorro,nro1y3smmlv,1909.0,nro1y3smmlv,_21_nro_ctas_ahorro_1smmlv,21,1904.0,cuentas_ahorro,0.0026191723415400735
ptgf,11,cuentas_ahorro_electronicas,nroactivasche,296.0,nroactivasche,,33,,,
ptgf,13,cuentas_ahorro_electronicas,nroactivasche,717.0,nroactivasche,,33,,,
ptgf,15,cuentas_ahorro_electronicas,nroactivasche,986.0,nroactivasche,,33,,,
ptgf,17,cuentas_ahorro_electronicas,nroactivasche,189.0,nroactivasche,,33,,,
ptgf,47,cuentas_ahorro_electronicas,nroactivasche,331.0,nroactivasche,,33,,,
ptgf,50,cuentas_ahorro_electronicas,nroactivasche,470.0,nroactivasche,,33,,,
ptgf,68,cuentas_ahorro_electronicas,nroactivasche,706.0,nroactivasche,,33,,,
ptgf,81,cuentas_ahorro_electronicas,nroactivasche,163.0,nroactivasche,,33,,,
ptgf,86,cuentas_ahorro_electronicas,nroactivasche,809.0,nroactivasche,,33,,,
ptgf,95,cuentas_ahorro_electronicas,nroactivasche,153.0,nroactivasche,,33,,,
ptgf,97,cuentas_ahorro_electronicas,nroactivasche,23.0,nroactivasche,,33,,,
ptgf,99,cuentas_ahorro_electronicas,nroactivasche,37.0,nroactivasche,,33,,,
ptgf,18,cuentas_ahorro_electronicas,saldoactivasche,520441650.0,saldoactivasche,,34,,,
ptgf,25,cuentas_ahorro_electronicas,saldoactivasche,40846040.0,saldoactivasche,,34,,,
ptgf,27,cuentas_ahorro_electronicas,saldoactivasche,8030487.0,saldoactivasche,,34,,,
ptgf,54,cuentas_ahorro_electronicas,saldoactivasche,97130789.0,saldoactivasche,,34,,,
ptgf,73,cuentas_ahorro_electronicas,saldoactivasche,42397719.0,saldoactivasche,,34,,,
ptgf,76,cuentas_ahorro_electronicas,saldoactivasche,43649515.0,saldoactivasche,,34,,,
ptgf,91,cuentas_ahorro_electronicas,saldoactivasche,245392.0,saldoactivasche,,34,,,
ptgf,05,cuentas_ahorro_electronicas,totalnroche,472299.0,totalnroche,,39,,,
ptgf,08,cuentas_ahorro_electronicas,totalnroche,219732.0,totalnroche,,39,,,
ptgf,23,cuentas_ahorro_electronicas,totalnroche,270112.0,totalnroche,,39,,,
ptgf,52,cuentas_ahorro_electronicas,totalnroche,221248.0,totalnroche,,39,,,
ptgf,70,cuentas_ahorro_electronicas,totalnroche,140513.0,totalnroche,,39,,,
ptgf,85,cuentas_ahorro_electronicas,totalnroche,49555.0,totalnroche,,39,,,
ptgf,94,cuentas_ahorro_electronicas,totalnroche,2618.0,totalnroche,,39,,,
ptgf,18,cuentas_ahorro_electronicas,totalsaldoche,3573554849.0,totalsaldoche,,40,,,
ptgf,25,cuentas_ahorro_electronicas,totalsaldoche,5758405713.0,totalsaldoche,,40,,,
ptgf,27,cuentas_ahorro_electronicas,totalsaldoche,1502743934.0,totalsaldoche,,40,,,
ptgf,54,cuentas_ahorro_electronicas,totalsaldoche,4070017413.0,totalsaldoche,,40,,,
ptgf,73,cuentas_ahorro_electronicas,totalsaldoche,3091566876.0,totalsaldoche,,40,,,
ptgf,76,cuentas_ahorro_electronicas,totalsaldoche,11780282776.0,totalsaldoche,,40,,,
ptgf,91,cuentas_ahorro_electronicas,totalsaldoche,109913689.0,totalsaldoche,,40,,,
ptgf,08,microcredito,generomontohmicro,30905663974.96,generomontohmicro,_74_monto_microcr_dito_hombres,74,27029232522.559998,microcredito,0.12542786511691564
ptgf,11,microcredito,generomontohmicro,129592093829.97,generomontohmicro,_74_monto_microcr_dito_hombres,74,121412748832.97,microcredito,0.06311608027362862
ptgf,13,microcredito,generomontohmicro,19358585829.43,generomontohmicro,_74_monto_microcr_dito_hombres,74,19358585829.43,microcredito,0.0
ptgf,15,microcredito,generomontohmicro,46705433338.85,generomontohmicro,_74_monto_microcr_dito_hombres,74,46705433338.85,microcredito,0.0
ptgf,17,microcredito,generomontohmicro,16657566507.4,generomontohmicro,_74_monto_microcr_dito_hombres,74,16657566507.4,microcredito,0.0
ptgf,18,microcredito,generomontohmicro,11941590684.050001,generomontohmicro,_74_monto_microcr_dito_hombres,74,11941590684.05,microcredito,1.5972316279104124e-16
ptgf,19,microcredito,generomontohmicro,38899453543.0,generomontohmicro,_74_monto_microcr_dito_hombres,74,38899453543.0,microcredito,0.0
ptgf,52,microcredito,generomontohmicro,66740857101.22,generomontohmicro,_74_monto_microcr_dito_hombres,74,60435537445.3,microcredito,0.09447465809971953
ptgf,88,microcredito,generomontohmicro,499880977.0,generomontohmicro,_74_monto_microcr_dito_hombres,74,499880977.0,microcredito,0.0
ptgf,91,microcredito,generomontohmicro,445170911.0,generomontohmicro,_74_monto_microcr_dito_hombres,74,445170911.0,microcredito,0.0
ptgf,99,microcredito,generomontohmicro,531954000.0,generomontohmicro,_74_monto_microcr_dito_hombres,74,531954000.0,microcredito,0.0
ptgf,08,microcredito,generomontommicro,40691091372.59,generomontommicro,_72_monto_microcr_dito_mujeres,72,37124157290.03,microcredito,0.08765884527154086
ptgf,11,microcredito,generomontommicro,134440354053.92,generomontommicro,_72_monto_microcr_dito_mujeres,72,125321323982.5,microcredito,0.06782956007213897
ptgf,13,microcredito,generomontommicro,40477530649.67,generomontommicro,_72_monto_microcr_dito_mujeres,72,40477530649.67,microcredito,0.0
ptgf,15,microcredito,generomontommicro,62600906112.0,generomontommicro,_72_monto_microcr_dito_mujeres,72,62600906112.0,microcredito,0.0
ptgf,17,microcredito,generomontommicro,15949997851.0,generomontommicro,_72_monto_microcr_dito_mujeres,72,15949997851.0,microcredito,0.0
ptgf,18,microcredito,generomontommicro,12274220475.0,generomontommicro,_72_monto_microcr_dito_mujeres,72,12274220475.0,microcredito,0.0
ptgf,19,microcredito,generomontommicro,44241038872.0,generomontommicro,_72_monto_microcr_dito_mujeres,72,44241038872.0,microcredito,0.0
ptgf,52,microcredito,generomontommicro,82404053368.81,generomontommicro,_72_monto_microcr_dito_mujeres,72,74765507620.02,microcredito,0.09269623806735203
ptgf,88,microcredito,generomontommicro,882422146.1800001,generomontommicro,_72_monto_microcr_dito_mujeres,72,882422146.1800001,microcredito,0.0
ptgf,91,microcredito,generomontommicro,453071434.0,generomontommicro,_72_monto_microcr_dito_mujeres,72,453071434.0,microcredito,0.0
ptgf,99,microcredito,generomontommicro,235300000.0,generomontommicro,_72_monto_microcr_dito_mujeres,72,235300000.0,microcredito,0.0
ptgf,50,microcredito,generonrohmicro,3757.0,generonrohmicro,_73_nro_microcr_dito_hombres,73,3757.0,microcredito,0.0
ptgf,54,microcredito,generonrohmicro,2869.0,generonrohmicro,_73_nro_microcr_dito_hombres,73,2869.0,microcredito,0.0
ptgf,73,microcredito,generonrohmicro,6209.0,generonrohmicro,_73_nro_microcr_dito_hombres,73,6209.0,microcredito,0.0
ptgf,81,microcredito,generonrohmicro,951.0,generonrohmicro,_73_nro_microcr_dito_hombres,73,951.0,microcredito,0.0
ptgf,85,microcredito,generonrohmicro,1652.0,generonrohmicro,_73_nro_microcr_dito_hombres,73,1652.0,microcredito,0.0
ptgf,86,microcredito,generonrohmicro,1641.0,generonrohmicro,_73_nro_microcr_dito_hombres,73,1641.0,microcredito,0.0
ptgf,97,microcredito,generonrohmicro,99.0,generonrohmicro,_73_nro_microcr_dito_hombres,73,99.0,microcredito,0.0
ptgf,11,transacciones_corresponsales_fisicos,montogiroenv,2361454737.0,montogiroenv,_8_monto_giros_enviados,8,2421629737.0,transacciones_corresponsales_fisicos,0.02548217378769094
ptgf,15,transacciones_corresponsales_fisicos,montogiroenv,552772399.0,montogiroenv,_8_monto_giros_enviados,8,555572399.0,transacciones_corresponsales_fisicos,0.00506537592156442
ptgf,17,transacciones_corresponsales_fisicos,montogiroenv,648161675.0,montogiroenv,_8_monto_giros_enviados,8,654161675.0,transacciones_corresponsales_fisicos,0.009256949664603357
ptgf,23,transacciones_corresponsales_fisicos,montogiroenv,309344642.0,montogiroenv,_8_monto_giros_enviados,8,307062152.0,transacciones_corresponsales_fisicos,0.0073784694806512926
ptgf,47,transacciones_corresponsales_fisicos,montogiroenv,383153699.0,montogiroenv,_8_monto_giros_enviados,8,383153699.0,transacciones_corresponsales_fisicos,0.0
ptgf,52,transacciones_corresponsales_fisicos,montogiroenv,213115343.0,montogiroenv,_8_monto_giros_enviados,8,215915343.0,transacciones_corresponsales_fisicos,0.013138425232950028
ptgf,63,transacciones_corresponsales_fisicos,montogiroenv,229386454.0,montogiroenv,_8_monto_giros_enviados,8,232286454.0,transacciones_corresponsales_fisicos,0.0126424204630671
ptgf,86,transacciones_corresponsales_fisicos,montogiroenv,261514737.0,montogiroenv,_8_monto_giros_enviados,8,261514737.0,transacciones_corresponsales_fisicos,0.0
ptgf,94,transacciones_corresponsales_fisicos,montogiroenv,3836170.0,montogiroenv,_8_monto_giros_enviados,8,3836170.0,transacciones_corresponsales_fisicos,0.0
ptgf,95,transacciones_corresponsales_fisicos,montogiroenv,28102837.0,montogiroenv,_8_monto_giros_enviados,8,28102837.0,transacciones_corresponsales_fisicos,0.0
ptgf,11,transacciones_corresponsales_fisicos,montopago,3387141299661.89,montopago,_12_monto_pagos_corresponsales,12,3464118682986.91,transacciones_corresponsales_fisicos,0.022726357277360713
ptgf,15,transacciones_corresponsales_fisicos,montopago,561148329888.49,montopago,_12_monto_pagos_corresponsales,12,566784110410.89,transacciones_corresponsales_fisicos,0.010043299110450802
ptgf,17,transacciones_corresponsales_fisicos,montopago,368841296073.78,montopago,_12_monto_pagos_corresponsales,12,374292188525.78,transacciones_corresponsales_fisicos,0.014778422345933975
ptgf,23,transacciones_corresponsales_fisicos,montopago,456428379130.91,montopago,_12_monto_pagos_corresponsales,12,457473110444.6,transacciones_corresponsales_fisicos,0.0022889271602245377
ptgf,47,transacciones_corresponsales_fisicos,montopago,319957057359.67,montopago,_12_monto_pagos_corresponsales,12,322022146180.67,transacciones_corresponsales_fisicos,0.0064542687010606965
ptgf,52,transacciones_corresponsales_fisicos,montopago,383709319144.1,montopago,_12_monto_pagos_corresponsales,12,385374317038.10004,transacciones_corresponsales_fisicos,0.004339216721955038
ptgf,63,transacciones_corresponsales_fisicos,montopago,247753773072.62,montopago,_12_monto_pagos_corresponsales,12,249761786296.62,transacciones_corresponsales_fisicos,0.008104874444884535
ptgf,86,transacciones_corresponsales_fisicos,montopago,96956137054.82999,montopago,_12_monto_pagos_corresponsales,12,97099418576.82999,transacciones_corresponsales_fisicos,0.0014777973458139364
ptgf,94,transacciones_corresponsales_fisicos,montopago,4732918439.99,montopago,_12_monto_pagos_corresponsales,12,4761066353.99,transacciones_corresponsales_fisicos,0.005947263692982522
ptgf,95,transacciones_corresponsales_fisicos,montopago,33459417973.52,montopago,_12_monto_pagos_corresponsales,12,33957534434.52,transacciones_corresponsales_fisicos,0.014887182478613722
ptgf,18,transacciones_corresponsales_fisicos,nroretiros,228692.0,nroretiros,_13_nro_retiros_corresponsales,13,228692.0,transacciones_corresponsales_fisicos,0.0
ptgf,54,transacciones_corresponsales_fisicos,nroretiros,1498637.0,nroretiros,_13_nro_retiros_corresponsales,13,1498646.0,transacciones_corresponsales_fisicos,6.005456958556342e-06
ptgf,70,transacciones_corresponsales_fisicos,nroretiros,562016.0,nroretiros,_13_nro_retiros_corresponsales,13,561924.0,transacciones_corresponsales_fisicos,0.0001636964072197233
ptgf,81,transacciones_corresponsales_fisicos,nroretiros,100643.0,nroretiros,_13_nro_retiros_corresponsales,13,100646.0,transacciones_corresponsales_fisicos,2.9808332422523176e-05
ptgf,05,corresponsales_fisicos,correspropios,4154.0,correspropios,_1_nro_corresponsales_f_sicos,1,3503.0,corresponsales_fisicos,0.15671641791044777
ptgf,11,corresponsales_fisicos,correspropios,6746.0,correspropios,_1_nro_corresponsales_f_sicos,1,6724.0,corresponsales_fisicos,0.003261191817373258
ptgf,19,corresponsales_fisicos,correspropios,658.0,correspropios,_1_nro_corresponsales_f_sicos,1,592.0,corresponsales_fisicos,0.10030395136778116
ptgf,23,corresponsales_fisicos,correspropios,686.0,correspropios,_1_nro_corresponsales_f_sicos,1,514.0,corresponsales_fisicos,0.25072886297376096
ptgf,44,corresponsales_fisicos,correspropios,193.0,correspropios,_1_nro_corresponsales_f_sicos,1,159.0,corresponsales_fisicos,0.17616580310880828
ptgf,50,corresponsales_fisicos,correspropios,1017.0,correspropios,_1_nro_corresponsales_f_sicos,1,1003.0,corresponsales_fisicos,0.01376597836774828
ptgf,52,corresponsales_fisicos,correspropios,841.0,correspropios,_1_nro_corresponsales_f_sicos,1,739.0,corresponsales_fisicos,0.12128418549346016
ptgf,54,corresponsales_fisicos,correspropios,850.0,correspropios,_1_nro_corresponsales_f_sicos,1,829.0,corresponsales_fisicos,0.024705882352941175
ptgf,66,corresponsales_fisicos,correspropios,399.0,correspropios,_1_nro_corresponsales_f_sicos,1,344.0,corresponsales_fisicos,0.13784461152882205
ptgf,73,corresponsales_fisicos,correspropios,1357.0,correspropios,_1_nro_corresponsales_f_sicos,1,1294.0,corresponsales_fisicos,0.04642593957258659
ptgf,81,corresponsales_fisicos,correspropios,140.0,correspropios,_1_nro_corresponsales_f_sicos,1,137.0,corresponsales_fisicos,0.02142857142857143
ptgf,91,corresponsales_fisicos,correspropios,10.0,correspropios,_1_nro_corresponsales_f_sicos,1,9.0,corresponsales_fisicos,0.1
ptgf,97,corresponsales_fisicos,correspropios,12.0,correspropios,_1_nro_corresponsales_f_sicos,1,12.0,corresponsales_fisicos,0.0
ptgf,99,corresponsales_fisicos,correspropios,19.0,correspropios,_1_nro_corresponsales_f_sicos,1,19.0,corresponsales_fisicos,0.0
ptgf,11,credito_consumo,generomontomcdc,5238125838522.36,generomontomcdc,_42_monto_cr_dito_consumo,42,5155547030463.73,credito_consumo,0.01576495307755432
ptgf,27,credito_consumo,generomontomcdc,40835027933.34,generomontomcdc,_42_monto_cr_dito_consumo,42,40835027933.34,credito_consumo,0.0
ptgf,54,credito_consumo,generomontomcdc,207439097737.66,generomontomcdc,_42_monto_cr_dito_consumo,42,210747386835.16998,credito_consumo,0.0159482428027808
ptgf,88,credito_consumo,generomontomcdc,18904091141.690002,generomontomcdc,_42_monto_cr_dito_consumo,42,18904091141.69,credito_consumo,2.017921537212802e-16
ptgf,94,credito_consumo,generomontomcdc,1364481748.5700002,generomontomcdc,_42_monto_cr_dito_consumo,42,1364481748.5700002,credito_consumo,0.0
ptgf,95,credito_consumo,generomontomcdc,10002636041.03,generomontomcdc,_42_monto_cr_dito_consumo,42,10002636041.029999,credito_consumo,1.9068459803882805e-16
ptgf,05,credito_consumo,generonrohcdc,914900.0,generonrohcdc,_43_nro_cr_dito_consumo,43,915523.0,credito_consumo,0.0006809487375669472
ptgf,08,credito_consumo,generonrohcdc,601919.0,generonrohcdc,_43_nro_cr_dito_consumo,43,601062.0,credito_consumo,0.0014237796115424168
ptgf,17,credito_consumo,generonrohcdc,119256.0,generonrohcdc,_43_nro_cr_dito_consumo,43,119609.0,credito_consumo,0.0029600187831220234
ptgf,44,credito_consumo,generonrohcdc,19872.0,generonrohcdc,_43_nro_cr_dito_consumo,43,19872.0,credito_consumo,0.0
ptgf,50,credito_consumo,generonrohcdc,96257.0,generonrohcdc,_43_nro_cr_dito_consumo,43,96646.0,credito_consumo,0.004041264531410703
ptgf,66,credito_consumo,generonrohcdc,196852.0,generonrohcdc,_43_nro_cr_dito_consumo,43,198577.0,credito_consumo,0.008762928494503485
ptgf,76,credito_consumo,generonrohcdc,681707.0,generonrohcdc,_43_nro_cr_dito_consumo,43,682665.0,credito_consumo,0.0014052958235722971
ptgf,85,credito_consumo,generonrohcdc,33235.0,generonrohcdc,_43_nro_cr_dito_consumo,43,33279.0,credito_consumo,0.001323905521287799
ptgf,08,cuentas_ahorro,generonromca,1544607.0,generonromca,_27_nro_ctas_ahorro_mujeres,27,1553191.0,cuentas_ahorro,0.00555740068509336
ptgf,11,cuentas_ahorro,generonromca,8259337.0,generonromca,_27_nro_ctas_ahorro_mujeres,27,8407626.0,cuentas_ahorro,0.017954104548585436
ptgf,27,cuentas_ahorro,generonromca,142063.0,generonromca,_27_nro_ctas_ahorro_mujeres,27,142063.0,cuentas_ahorro,0.0
ptgf,41,cuentas_ahorro,generonromca,587673.0,generonromca,_27_nro_ctas_ahorro_mujeres,27,587675.0,cuentas_ahorro,3.403253169704921e-06
ptgf,70,cuentas_ahorro,generonromca,280633.0,generonromca,_27_nro_ctas_ahorro_mujeres,27,280634.0,cuentas_ahorro,3.563372803626088e-06
ptgf,73,cuentas_ahorro,generonromca,823072.0,generonromca,_27_nro_ctas_ahorro_mujeres,27,823069.0,cuentas_ahorro,3.6448816142451695e-06
ptgf,91,cuentas_ahorro,generonromca,23666.0,generonromca,_27_nro_ctas_ahorro_mujeres,27,23664.0,cuentas_ahorro,8.450942280064228e-05
ptgf,17,cuentas_ahorro,generosaldohca,733055483486.54,generosaldohca,_30_saldo_ctas_ahorro_hombres,30,733057818662.68,cuentas_ahorro,3.185538056284829e-06
ptgf,20,cuentas_ahorro,generosaldohca,493675909487.74,generosaldohca,_30_saldo_ctas_ahorro_hombres,30,493675901735.94995,cuentas_ahorro,1.570218414567991e-08
ptgf,50,cuentas_ahorro,generosaldohca,696769563795.4197,generosaldohca,_30_saldo_ctas_ahorro_hombres,30,696770109827.2599,cuentas_ahorro,7.836620147924297e-07
ptgf,52,cuentas_ahorro,generosaldohca,745000467919.7999,generosaldohca,_30_saldo_ctas_ahorro_hombres,30,745006553539.6301,cuentas_ahorro,8.168612091201155e-06
ptgf,63,cuentas_ahorro,generosaldohca,498882623665.82996,generosaldohca,_30_saldo_ctas_ahorro_hombres,30,498882624134.24994,cuentas_ahorro,9.38938260603603e-10
ptgf,76,cuentas_ahorro,generosaldohca,4139097034185.7197,generosaldohca,_30_saldo_ctas_ahorro_hombres,30,4139884801648.79,cuentas_ahorro,0.00019032350693012665
ptgf,86,cuentas_ahorro,generosaldohca,131213807464.86,generosaldohca,_30_saldo_ctas_ahorro_hombres,30,131213786504.86,cuentas_ahorro,1.5973928662662455e-07
ptgf,94,cuentas_ahorro,generosaldohca,11832485934.11,generosaldohca,_30_saldo_ctas_ahorro_hombres,30,11832485934.11,cuentas_ahorro,0.0
ptgf,95,cuentas_ahorro,generosaldohca,41355865743.97,generosaldohca,_30_saldo_ctas_ahorro_hombres,30,41355865743.97,cuentas_ahorro,0.0
ptgf,97,cuentas_ahorro,generosaldohca,3557358380.3,generosaldohca,_30_saldo_ctas_ahorro_hombres,30,3557382401.3,cuentas_ahorro,6.752482441191166e-06
ptgf,99,cuentas_ahorro,generosaldohca,14816956907.130001,generosaldohca,_30_saldo_ctas_ahorro_hombres,30,14816956907.130001,cuentas_ahorro,0.0
ptgf,27,cuentas_ahorro,saldo3y5smmlv,14562892519.67,saldo3y5smmlv,_24_saldo_ctas_ahorr_3smmlv,24,14615219841.67,cuentas_ahorro,0.003593195646354036
ptgf,41,cuentas_ahorro,saldo3y5smmlv,59539021562.899994,saldo3y5smmlv,_24_saldo_ctas_ahorr_3smmlv,24,59591203804.89999,cuentas_ahorro,0.0008764376812081879
ptgf,70,cuentas_ahorro,saldo3y5smmlv,28387474486.75,saldo3y5smmlv,_24_saldo_ctas_ahorr_3smmlv,24,28493919489.709995,cuentas_ahorro,0.003749717256802081
ptgf,73,cuentas_ahorro,saldo3y5smmlv,97207419525.67001,saldo3y5smmlv,_24_saldo_ctas_ahorr_3smmlv,24,97479745543.05002,cuentas_ahorro,0.002801494152492038
ptgf,91,cuentas_ahorro,saldo3y5smmlv,2189225886.78,saldo3y5smmlv,_24_saldo_ctas_ahorr_3smmlv,24,2213145548.78,cuentas_ahorro,0.010926082203048486
ptgf,05,cuentas_ahorro,saldoactivasca,33039928846950.203,saldoactivasca,_26_saldo_ctas_ahorro_activas,26,33106418860161.793,cuentas_ahorro,0.0020124139346543203
ptgf,13,cuentas_ahorro,saldoactivasca,4198943008926.8604,saldoactivasca,_26_saldo_ctas_ahorro_activas,26,4197976418250.341,cuentas_ahorro,0.00023019857008408563
ptgf,15,cuentas_ahorro,saldoactivasca,2971460155100.0503,saldoactivasca,_26_saldo_ctas_ahorro_activas,26,2971347078341.0303,cuentas_ahorro,3.8054274032899554e-05
ptgf,18,cuentas_ahorro,saldoactivasca,480092475873.5801,saldoactivasca,_26_saldo_ctas_ahorro_activas,26,479821259928.14996,cuentas_ahorro,0.0005649243824048858
ptgf,19,cuentas_ahorro,saldoactivasca,2389041926219.7793,saldoactivasca,_26_saldo_ctas_ahorro_activas,26,2388024421760.3896,cuentas_ahorro,0.00042590481490614214
ptgf,23,cuentas_ahorro,saldoactivasca,1915007478329.0798,saldoactivasca,_26_saldo_ctas_ahorro_activas,26,1914684272497.1,cuentas_ahorro,0.0001687752322835555
ptgf,44,cuentas_ahorro,saldoactivasca,846612630098.5299,saldoactivasca,_26_saldo_ctas_ahorro_activas,26,846341819523.7001,cuentas_ahorro,0.0003198754249606655
ptgf,66,cuentas_ahorro,saldoactivasca,3172043918094.89,saldoactivasca,_26_saldo_ctas_ahorro_activas,26,3171389164030.28,cuentas_ahorro,0.00020641393420668425
ptgf,68,cuentas_ahorro,saldoactivasca,7201661357872.069,saldoactivasca,_26_saldo_ctas_ahorro_activas,26,7201245992993.48,cuentas_ahorro,5.767625801160946e-05
ptgf,85,cuentas_ahorro,saldoactivasca,1303199249057.3,saldoactivasca,_26_saldo_ctas_ahorro_activas,26,1303111622841.4805,cuentas_ahorro,6.723930809733551e-05
ptgf,05,cuentas_ahorro,totalnroca,8753201.0,totalnroca,_31_nro_ctas_ahorro,31,8885508.0,cuentas_ahorro,0.015115270402221999
ptgf,13,cuentas_ahorro,totalnroca,1915921.0,totalnroca,_31_nro_ctas_ahorro,31,1919505.0,cuentas_ahorro,0.0018706408040832581
ptgf,15,cuentas_ahorro,totalnroca,1665323.0,totalnroca,_31_nro_ctas_ahorro,31,1665323.0,cuentas_ahorro,0.0
ptgf,18,cuentas_ahorro,totalnroca,395905.0,totalnroca,_31_nro_ctas_ahorro,31,395905.0,cuentas_ahorro,0.0
ptgf,19,cuentas_ahorro,totalnroca,994257.0,totalnroca,_31_nro_ctas_ahorro,31,994257.0,cuentas_ahorro,0.0
ptgf,23,cuentas_ahorro,totalnroca,1198783.0,totalnroca,_31_nro_ctas_ahorro,31,1198783.0,cuentas_ahorro,0.0
ptgf,44,cuentas_ahorro,totalnroca,531609.0,totalnroca,_31_nro_ctas_ahorro,31,531609.0,cuentas_ahorro,0.0
ptgf,66,cuentas_ahorro,totalnroca,1486161.0,totalnroca,_31_nro_ctas_ahorro,31,1486161.0,cuentas_ahorro,0.0
ptgf,68,cuentas_ahorro,totalnroca,3128421.0,totalnroca,_31_nro_ctas_ahorro,31,3128421.0,cuentas_ahorro,0.0
ptgf,85,cuentas_ahorro,totalnroca,588567.0,totalnroca,_31_nro_ctas_ahorro,31,588567.0,cuentas_ahorro,0.0
ptgf,50,microcredito,generonrommicro,6657.0,generonrommicro,_71_nro_microcr_dito_mujeres,71,6656.0,microcredito,0.0001502178158329578
ptgf,54,microcredito,generonrommicro,5834.0,generonrommicro,_71_nro_microcr_dito_mujeres,71,5834.0,microcredito,0.0
ptgf,73,microcredito,generonrommicro,7977.0,generonrommicro,_71_nro_microcr_dito_mujeres,71,7977.0,microcredito,0.0
ptgf,81,microcredito,generonrommicro,1070.0,generonrommicro,_71_nro_microcr_dito_mujeres,71,1070.0,microcredito,0.0
ptgf,85,microcredito,generonrommicro,2364.0,generonrommicro,_71_nro_microcr_dito_mujeres,71,2364.0,microcredito,0.0
ptgf,86,microcredito,generonrommicro,2415.0,generonrommicro,_71_nro_microcr_dito_mujeres,71,2415.0,microcredito,0.0
ptgf,97,microcredito,generonrommicro,108.0,generonrommicro,_71_nro_microcr_dito_mujeres,71,108.0,microcredito,0.0
ptgf,05,microcredito,totalmontomicro,222638208611.7,totalmontomicro,_76_monto_microcr_dito,76,201747925598.93,microcredito,0.09383062836803745
ptgf,20,microcredito,totalmontomicro,65692751155.48,totalmontomicro,_76_monto_microcr_dito,76,56012904338.98,microcredito,0.14735030343895897
ptgf,27,microcredito,totalmontomicro,10798052525.0,totalmontomicro,_76_monto_microcr_dito,76,9964106225.0,microcredito,0.07723117646160922
ptgf,41,microcredito,totalmontomicro,84229208399.06999,totalmontomicro,_76_monto_microcr_dito,76,72574893112.2,microcredito,0.13836429794820054
ptgf,63,microcredito,totalmontomicro,22707266608.48,totalmontomicro,_76_monto_microcr_dito,76,21995269782.48,microcredito,0.031355461591933996
ptgf,94,microcredito,totalmontomicro,1088476242.0,totalmontomicro,_76_monto_microcr_dito,76,1088476242.0,microcredito,0.0
ptgf,05,microcredito,totalnromicro,29549.0,totalnromicro,_75_nro_microcr_dito,75,27674.0,microcredito,0.06345392399065958
ptgf,20,microcredito,totalnromicro,16666.0,totalnromicro,_75_nro_microcr_dito,75,15267.0,microcredito,0.08394335773430937
ptgf,27,microcredito,totalnromicro,1812.0,totalnromicro,_75_nro_microcr_dito,75,1790.0,microcredito,0.012141280353200883
ptgf,41,microcredito,totalnromicro,16653.0,totalnromicro,_75_nro_microcr_dito,75,14641.0,microcredito,0.12081907163874377
ptgf,63,microcredito,totalnromicro,4957.0,totalnromicro,_75_nro_microcr_dito,75,4922.0,microcredito,0.007060722211014727
ptgf,94,microcredito,totalnromicro,190.0,totalnromicro,_75_nro_microcr_dito,75,190.0,microcredito,0.0
ptgf,13,microcredito_rango,monto3y4smmlv,5191502404.08,monto3y4smmlv,_66_monto_microcr_dito_3smmlv,66,5191502404.08,microcredito_rango,0.0
ptgf,15,microcredito_rango,monto3y4smmlv,4818472469.0,monto3y4smmlv,_66_monto_microcr_dito_3smmlv,66,4818472469.0,microcredito_rango,0.0
ptgf,27,microcredito_rango,monto3y4smmlv,639209723.0,monto3y4smmlv,_66_monto_microcr_dito_3smmlv,66,639209723.0,microcredito_rango,0.0
ptgf,41,microcredito_rango,monto3y4smmlv,6915564454.85,monto3y4smmlv,_66_monto_microcr_dito_3smmlv,66,6088080641.0,microcredito_rango,0.11965528182875546
ptgf,44,microcredito_rango,monto3y4smmlv,996017618.0,monto3y4smmlv,_66_monto_microcr_dito_3smmlv,66,996017618.0,microcredito_rango,0.0
ptgf,50,microcredito_rango,monto3y4smmlv,3616644086.0,monto3y4smmlv,_66_monto_microcr_dito_3smmlv,66,3616644086.0,microcredito_rango,0.0
ptgf,54,microcredito_rango,monto3y4smmlv,2909506798.0,monto3y4smmlv,_66_monto_microcr_dito_3smmlv,66,2909506798.0,microcredito_rango,0.0
ptgf,63,microcredito_rango,monto3y4smmlv,1741933252.34,monto3y4smmlv,_66_monto_microcr_dito_3smmlv,66,1741933252.3400002,microcredito_rango,1.368701003791543e-16
ptgf,68,microcredito_rango,monto3y4smmlv,10177010187.11,monto3y4smmlv,_66_monto_microcr_dito_3smmlv,66,8183403302.49,microcredito_rango,0.19589317962411631
ptgf,70,microcredito_rango,monto3y4smmlv,3291947155.0,monto3y4smmlv,_66_monto_microcr_dito_3smmlv,66,3291947155.0,microcredito_rango,0.0
ptgf,81,microcredito_rango,monto3y4smmlv,689317896.0,monto3y4smmlv,_66_monto_microcr_dito_3smmlv,66,689317896.0,microcredito_rango,0.0
ptgf,88,microcredito_rango,monto3y4smmlv,18400000.0,monto3y4smmlv,_66_monto_microcr_dito_3smmlv,66,18400000.0,microcredito_rango,0.0
ptgf,91,microcredito_rango,monto3y4smmlv,24990055.0,monto3y4smmlv,_66_monto_microcr_dito_3smmlv,66,24990055.0,microcredito_rango,0.0
ptgf,94,microcredito_rango,monto3y4smmlv,56671010.0,monto3y4smmlv,_66_monto_microcr_dito_3smmlv,66,56671010.0,microcredito_rango,0.0
ptgf,08,microcredito_rango,monto4y10smmlv,20451103366.079998,monto4y10smmlv,_68_monto_microcr_dito_4smmlv,68,17757967814.120003,microcredito_rango,0.1316865649619083
ptgf,11,microcredito_rango,monto4y10smmlv,63797195276.55,monto4y10smmlv,_68_monto_microcr_dito_4smmlv,68,57992363817.65,microcredito_rango,0.09098881908110605
ptgf,17,microcredito_rango,monto4y10smmlv,10492131330.0,monto4y10smmlv,_68_monto_microcr_dito_4smmlv,68,10492131330.0,microcredito_rango,0.0
ptgf,18,microcredito_rango,monto4y10smmlv,7087354995.2,monto4y10smmlv,_68_monto_microcr_dito_4smmlv,68,7087354995.2,microcredito_rango,0.0
ptgf,23,microcredito_rango,monto4y10smmlv,13159200119.2,monto4y10smmlv,_68_monto_microcr_dito_4smmlv,68,13159200119.2,microcredito_rango,0.0
ptgf,47,microcredito_rango,monto4y10smmlv,14053803162.91,monto4y10smmlv,_68_monto_microcr_dito_4smmlv,68,14053803162.91,microcredito_rango,0.0
ptgf,66,microcredito_rango,monto4y10smmlv,10056047115.0,monto4y10smmlv,_68_monto_microcr_dito_4smmlv,68,10056047115.0,microcredito_rango,0.0
ptgf,85,microcredito_rango,monto4y10smmlv,6901076985.0,monto4y10smmlv,_68_monto_microcr_dito_4smmlv,68,6901076985.0,microcredito_rango,0.0
ptgf,13,microcredito_rango,nro10y25smmlv,1312.0,nro10y25smmlv,_69_nro_microcr_dito_10smmlv,69,1312.0,microcredito_rango,0.0
ptgf,15,microcredito_rango,nro10y25smmlv,4001.0,nro10y25smmlv,_69_nro_microcr_dito_10smmlv,69,4001.0,microcredito_rango,0.0
ptgf,27,microcredito_rango,nro10y25smmlv,285.0,nro10y25smmlv,_69_nro_microcr_dito_10smmlv,69,285.0,microcredito_rango,0.0
ptgf,41,microcredito_rango,nro10y25smmlv,1853.0,nro10y25smmlv,_69_nro_microcr_dito_10smmlv,69,1722.0,microcredito_rango,0.07069616837560712
ptgf,44,microcredito_rango,nro10y25smmlv,313.0,nro10y25smmlv,_69_nro_microcr_dito_10smmlv,69,313.0,microcredito_rango,0.0
ptgf,50,microcredito_rango,nro10y25smmlv,1766.0,nro10y25smmlv,_69_nro_microcr_dito_10smmlv,69,1766.0,microcredito_rango,0.0
ptgf,54,microcredito_rango,nro10y25smmlv,1445.0,nro10y25smmlv,_69_nro_microcr_dito_10smmlv,69,1445.0,microcredito_rango,0.0
ptgf,63,microcredito_rango,nro10y25smmlv,484.0,nro10y25smmlv,_69_nro_microcr_dito_10smmlv,69,484.0,microcredito_rango,0.0
ptgf,68,microcredito_rango,nro10y25smmlv,3610.0,nro10y25smmlv,_69_nro_microcr_dito_10smmlv,69,2999.0,microcredito_rango,0.16925207756232688
ptgf,70,microcredito_rango,nro10y25smmlv,705.0,nro10y25smmlv,_69_nro_microcr_dito_10smmlv,69,705.0,microcredito_rango,0.0
ptgf,81,microcredito_rango,nro10y25smmlv,481.0,nro10y25smmlv,_69_nro_microcr_dito_10smmlv,69,481.0,microcredito_rango,0.0
ptgf,88,microcredito_rango,nro10y25smmlv,64.0,nro10y25smmlv,_69_nro_microcr_dito_10smmlv,69,64.0,microcredito_rango,0.0
ptgf,91,microcredito_rango,nro10y25smmlv,19.0,nro10y25smmlv,_69_nro_microcr_dito_10smmlv,69,19.0,microcredito_rango,0.0
ptgf,94,microcredito_rango,nro10y25smmlv,27.0,nro10y25smmlv,_69_nro_microcr_dito_10smmlv,69,27.0,microcredito_rango,0.0
ptgf,13,microcredito_rango,nro1smmlv,1834.0,nro1smmlv,_59_nro_microcr_dito_hasta,59,1834.0,microcredito_rango,0.0
ptgf,15,microcredito_rango,nro1smmlv,564.0,nro1smmlv,_59_nro_microcr_dito_hasta,59,564.0,microcredito_rango,0.0
ptgf,27,microcredito_rango,nro1smmlv,211.0,nro1smmlv,_59_nro_microcr_dito_hasta,59,211.0,microcredito_rango,0.0
ptgf,41,microcredito_rango,nro1smmlv,693.0,nro1smmlv,_59_nro_microcr_dito_hasta,59,419.0,microcredito_rango,0.3953823953823954
ptgf,44,microcredito_rango,nro1smmlv,690.0,nro1smmlv,_59_nro_microcr_dito_hasta,59,690.0,microcredito_rango,0.0
ptgf,50,microcredito_rango,nro1smmlv,407.0,nro1smmlv,_59_nro_microcr_dito_hasta,59,407.0,microcredito_rango,0.0
ptgf,54,microcredito_rango,nro1smmlv,586.0,nro1smmlv,_59_nro_microcr_dito_hasta,59,586.0,microcredito_rango,0.0
ptgf,63,microcredito_rango,nro1smmlv,457.0,nro1smmlv,_59_nro_microcr_dito_hasta,59,457.0,microcredito_rango,0.0
ptgf,68,microcredito_rango,nro1smmlv,2618.0,nro1smmlv,_59_nro_microcr_dito_hasta,59,1831.0,microcredito_rango,0.30061115355233003
ptgf,70,microcredito_rango,nro1smmlv,1494.0,nro1smmlv,_59_nro_microcr_dito_hasta,59,1494.0,microcredito_rango,0.0
ptgf,81,microcredito_rango,nro1smmlv,90.0,nro1smmlv,_59_nro_microcr_dito_hasta,59,90.0,microcredito_rango,0.0
ptgf,88,microcredito_rango,nro1smmlv,1.0,nro1smmlv,_59_nro_microcr_dito_hasta,59,1.0,microcredito_rango,0.0
ptgf,91,microcredito_rango,nro1smmlv,6.0,nro1smmlv,_59_nro_microcr_dito_hasta,59,6.0,microcredito_rango,0.0
ptgf,94,microcredito_rango,nro1smmlv,4.0,nro1smmlv,_59_nro_microcr_dito_hasta,59,4.0,microcredito_rango,0.0
ptgf,11,transacciones_corresponsales_fisicos,montogirorec,6970175387.0,montogirorec,_10_monto_giros_recibidos,10,6970175387.0,transacciones_corresponsales_fisicos,0.0
ptgf,15,transacciones_corresponsales_fisicos,montogirorec,4492484127.0,montogirorec,_10_monto_giros_recibidos,10,4492484127.0,transacciones_corresponsales_fisicos,0.0
ptgf,17,transacciones_corresponsales_fisicos,montogirorec,2051465530.0,montogirorec,_10_monto_giros_recibidos,10,2051465530.0,transacciones_corresponsales_fisicos,0.0
ptgf,23,transacciones_corresponsales_fisicos,montogirorec,24590447412.0,montogirorec,_10_monto_giros_recibidos,10,24589147412.0,transacciones_corresponsales_fisicos,5.28660572221068e-05
ptgf,47,transacciones_corresponsales_fisicos,montogirorec,21275657357.0,montogirorec,_10_monto_giros_recibidos,10,21275657357.0,transacciones_corresponsales_fisicos,0.0
ptgf,52,transacciones_corresponsales_fisicos,montogirorec,7276401417.0,montogirorec,_10_monto_giros_recibidos,10,7276401417.0,transacciones_corresponsales_fisicos,0.0
ptgf,63,transacciones_corresponsales_fisicos,montogirorec,626862903.0,montogirorec,_10_monto_giros_recibidos,10,626862903.0,transacciones_corresponsales_fisicos,0.0
ptgf,86,transacciones_corresponsales_fisicos,montogirorec,867893900.0,montogirorec,_10_monto_giros_recibidos,10,867893900.0,transacciones_corresponsales_fisicos,0.0
ptgf,94,transacciones_corresponsales_fisicos,montogirorec,53407700.0,montogirorec,_10_monto_giros_recibidos,10,53407700.0,transacciones_corresponsales_fisicos,0.0
ptgf,95,transacciones_corresponsales_fisicos,montogirorec,316300791.0,montogirorec,_10_monto_giros_recibidos,10,316300791.0,transacciones_corresponsales_fisicos,0.0
ptgf,18,transacciones_corresponsales_fisicos,montotransfer,9362085851.0,montotransfer,_16_monto_transferencias,16,9362085851.0,transacciones_corresponsales_fisicos,0.0
ptgf,54,transacciones_corresponsales_fisicos,montotransfer,55507595622.0,montotransfer,_16_monto_transferencias,16,55507595622.0,transacciones_corresponsales_fisicos,0.0
ptgf,70,transacciones_corresponsales_fisicos,montotransfer,11998579118.0,montotransfer,_16_monto_transferencias,16,11998579118.0,transacciones_corresponsales_fisicos,0.0
ptgf,81,transacciones_corresponsales_fisicos,montotransfer,3409241800.0,montotransfer,_16_monto_transferencias,16,3409241800.0,transacciones_corresponsales_fisicos,0.0
ptgf,20,transacciones_corresponsales_fisicos,nrogirosenv,1226.0,nrogirosenv,_7_nro_giros_enviados,7,1226.0,transacciones_corresponsales_fisicos,0.0
ptgf,27,transacciones_corresponsales_fisicos,nrogirosenv,178.0,nrogirosenv,_7_nro_giros_enviados,7,178.0,transacciones_corresponsales_fisicos,0.0
ptgf,44,transacciones_corresponsales_fisicos,nrogirosenv,594.0,nrogirosenv,_7_nro_giros_enviados,7,594.0,transacciones_corresponsales_fisicos,0.0
ptgf,68,transacciones_corresponsales_fisicos,nrogirosenv,2603.0,nrogirosenv,_7_nro_giros_enviados,7,2615.0,transacciones_corresponsales_fisicos,0.004610065309258548
ptgf,73,transacciones_corresponsales_fisicos,nrogirosenv,867.0,nrogirosenv,_7_nro_giros_enviados,7,888.0,transacciones_corresponsales_fisicos,0.02422145328719723
ptgf,76,transacciones_corresponsales_fisicos,nrogirosenv,4399.0,nrogirosenv,_7_nro_giros_enviados,7,4422.0,transacciones_corresponsales_fisicos,0.005228461013866788
ptgf,91,transacciones_corresponsales_fisicos,nrogirosenv,5.0,nrogirosenv,_7_nro_giros_enviados,7,5.0,transacciones_corresponsales_fisicos,0.0
ptgf,11,transacciones_corresponsales_fisicos,totalnrocorr,25079835.0,totalnrocorr,_17_nro_transacciones_tr,17,25358728.0,transacciones_corresponsales_fisicos,0.011120208725456129
ptgf,15,transacciones_corresponsales_fisicos,totalnrocorr,4928039.0,totalnrocorr,_17_nro_transacciones_tr,17,4944707.0,transacciones_corresponsales_fisicos,0.003382278427585496
ptgf,17,transacciones_corresponsales_fisicos,totalnrocorr,2525873.0,totalnrocorr,_17_nro_transacciones_tr,17,2546006.0,transacciones_corresponsales_fisicos,0.00797070953290209
ptgf,23,transacciones_corresponsales_fisicos,totalnrocorr,3151711.0,totalnrocorr,_17_nro_transacciones_tr,17,3132422.0,transacciones_corresponsales_fisicos,0.006120167743806459
ptgf,47,transacciones_corresponsales_fisicos,totalnrocorr,2110013.0,totalnrocorr,_17_nro_transacciones_tr,17,2118072.0,transacciones_corresponsales_fisicos,0.003819407747724777
ptgf,52,transacciones_corresponsales_fisicos,totalnrocorr,2500555.0,totalnrocorr,_17_nro_transacciones_tr,17,2505201.0,transacciones_corresponsales_fisicos,0.0018579875267690574
ptgf,63,transacciones_corresponsales_fisicos,totalnrocorr,1493322.0,totalnrocorr,_17_nro_transacciones_tr,17,1501922.0,transacciones_corresponsales_fisicos,0.005758972277914609
ptgf,86,transacciones_corresponsales_fisicos,totalnrocorr,668269.0,totalnrocorr,_17_nro_transacciones_tr,17,668675.0,transacciones_corresponsales_fisicos,0.0006075397781432327
ptgf,94,transacciones_corresponsales_fisicos,totalnrocorr,47291.0,totalnrocorr,_17_nro_transacciones_tr,17,47373.0,transacciones_corresponsales_fisicos,0.0017339451481254362
ptgf,95,transacciones_corresponsales_fisicos,totalnrocorr,175895.0,totalnrocorr,_17_nro_transacciones_tr,17,177318.0,transacciones_corresponsales_fisicos,0.008090053725233803
ptgf,25,corresponsales_fisicos,corresactivos,12698.0,corresactivos,_3_nro_corresponsales_f_sicos,3,13188.0,corresponsales_fisicos,0.03858875413450937
ptgf,27,corresponsales_fisicos,corresactivos,1259.0,corresactivos,_3_nro_corresponsales_f_sicos,3,1286.0,corresponsales_fisicos,0.021445591739475776
ptgf,47,corresponsales_fisicos,corresactivos,4168.0,corresactivos,_3_nro_corresponsales_f_sicos,3,4302.0,corresponsales_fisicos,0.032149712092130515
ptgf,85,corresponsales_fisicos,corresactivos,2252.0,corresactivos,_3_nro_corresponsales_f_sicos,3,2348.0,corresponsales_fisicos,0.04262877442273535
ptgf,95,corresponsales_fisicos,corresactivos,258.0,corresactivos,_3_nro_corresponsales_f_sicos,3,259.0,corresponsales_fisicos,0.003875968992248062
ptgf,19,credito_consumo,generomontohcdc,168056483452.88,generomontohcdc,_44_monto_cr_dito_consumo,44,169103652118.22,credito_consumo,0.006231051869139006
ptgf,47,credito_consumo,generomontohcdc,206296873444.86,generomontohcdc,_44_monto_cr_dito_consumo,44,208000610683.74002,credito_consumo,0.008258667280943637
ptgf,68,credito_consumo,generomontohcdc,628534397328.58,generomontohcdc,_44_monto_cr_dito_consumo,44,623413043981.08,credito_consumo,0.00814808762935961
ptgf,70,credito_consumo,generomontohcdc,130072342048.36,generomontohcdc,_44_monto_cr_dito_consumo,44,130208775033.98999,credito_consumo,0.00104890081535754
ptgf,81,credito_consumo,generomontohcdc,36433442005.8,generomontohcdc,_44_monto_cr_dito_consumo,44,36433442005.8,credito_consumo,0.0
ptgf,91,credito_consumo,generomontohcdc,11672103293.34,generomontohcdc,_44_monto_cr_dito_consumo,44,11672103293.34,credito_consumo,0.0
ptgf,97,credito_consumo,generomontohcdc,202807644.0,generomontohcdc,_44_monto_cr_dito_consumo,44,202807644.0,credito_consumo,0.0
ptgf,99,credito_consumo,generomontohcdc,6266337102.719999,generomontohcdc,_44_monto_cr_dito_consumo,44,6266337102.719999,credito_consumo,0.0
ptgf,13,credito_vivienda,generonrohcdv,748.0,generonrohcdv,_55_nro_cr_dito_vivienda,55,760.0,credito_vivienda,0.016042780748663103
ptgf,25,credito_vivienda,generonrohcdv,1129.0,generonrohcdv,_55_nro_cr_dito_vivienda,55,1129.0,credito_vivienda,0.0
ptgf,68,credito_vivienda,generonrohcdv,1093.0,generonrohcdv,_55_nro_cr_dito_vivienda,55,1138.0,credito_vivienda,0.04117108874656908
ptgf,76,credito_vivienda,generonrohcdv,3532.0,generonrohcdv,_55_nro_cr_dito_vivienda,55,3584.0,credito_vivienda,0.014722536806342015
ptgf,18,credito_vivienda,generonrohcdv,57.0,generonrohcdv,_55_nro_cr_dito_vivienda,55,57.0,credito_vivienda,0.0
ptgf,19,credito_vivienda,generonrohcdv,331.0,generonrohcdv,_55_nro_cr_dito_vivienda,55,335.0,credito_vivienda,0.012084592145015106
ptgf,41,credito_vivienda,generonrohcdv,417.0,generonrohcdv,_55_nro_cr_dito_vivienda,55,421.0,credito_vivienda,0.009592326139088728
ptgf,47,credito_vivienda,generonrohcdv,285.0,generonrohcdv,_55_nro_cr_dito_vivienda,55,294.0,credito_vivienda,0.031578947368421054
ptgf,63,credito_vivienda,generonrohcdv,577.0,generonrohcdv,_55_nro_cr_dito_vivienda,55,582.0,credito_vivienda,0.008665511265164644
ptgf,70,credito_vivienda,generonrohcdv,116.0,generonrohcdv,_55_nro_cr_dito_vivienda,55,117.0,credito_vivienda,0.008620689655172414
ptgf,85,credito_vivienda,generonrohcdv,97.0,generonrohcdv,_55_nro_cr_dito_vivienda,55,98.0,credito_vivienda,0.010309278350515464
ptgf,91,credito_vivienda,generonrohcdv,6.0,generonrohcdv,_55_nro_cr_dito_vivienda,55,6.0,credito_vivienda,0.0
ptgf,94,credito_vivienda,generonrohcdv,4.0,generonrohcdv,_55_nro_cr_dito_vivienda,55,4.0,credito_vivienda,0.0
ptgf,99,credito_vivienda,generonrohcdv,1.0,generonrohcdv,_55_nro_cr_dito_vivienda,55,1.0,credito_vivienda,0.0
ptgf,13,credito_vivienda,generonromcdv,733.0,generonromcdv,_53_nro_cr_dito_vivienda,53,736.0,credito_vivienda,0.004092769440654843
ptgf,25,credito_vivienda,generonromcdv,1111.0,generonromcdv,_53_nro_cr_dito_vivienda,53,1111.0,credito_vivienda,0.0
ptgf,68,credito_vivienda,generonromcdv,969.0,generonromcdv,_53_nro_cr_dito_vivienda,53,1002.0,credito_vivienda,0.034055727554179564
ptgf,76,credito_vivienda,generonromcdv,3518.0,generonromcdv,_53_nro_cr_dito_vivienda,53,3557.0,credito_vivienda,0.011085844229675953
ptgf,18,credito_vivienda,generonromcdv,41.0,generonromcdv,_53_nro_cr_dito_vivienda,53,41.0,credito_vivienda,0.0
ptgf,19,credito_vivienda,generonromcdv,335.0,generonromcdv,_53_nro_cr_dito_vivienda,53,337.0,credito_vivienda,0.005970149253731343
ptgf,41,credito_vivienda,generonromcdv,364.0,generonromcdv,_53_nro_cr_dito_vivienda,53,365.0,credito_vivienda,0.0027472527472527475
ptgf,47,credito_vivienda,generonromcdv,224.0,generonromcdv,_53_nro_cr_dito_vivienda,53,226.0,credito_vivienda,0.008928571428571428
ptgf,63,credito_vivienda,generonromcdv,572.0,generonromcdv,_53_nro_cr_dito_vivienda,53,578.0,credito_vivienda,0.01048951048951049
ptgf,70,credito_vivienda,generonromcdv,91.0,generonromcdv,_53_nro_cr_dito_vivienda,53,92.0,credito_vivienda,0.01098901098901099
ptgf,85,credito_vivienda,generonromcdv,86.0,generonromcdv,_53_nro_cr_dito_vivienda,53,86.0,credito_vivienda,0.0
ptgf,91,credito_vivienda,generonromcdv,4.0,generonromcdv,_53_nro_cr_dito_vivienda,53,4.0,credito_vivienda,0.0
ptgf,94,credito_vivienda,generonromcdv,2.0,generonromcdv,_53_nro_cr_dito_vivienda,53,2.0,credito_vivienda,0.0
ptgf,99,credito_vivienda,generonromcdv,1.0,generonromcdv,_53_nro_cr_dito_vivienda,53,1.0,credito_vivienda,0.0
ptgf,13,credito_vivienda,totalmontocdv,165267988555.64,totalmontocdv,_58_monto_cr_dito_vivienda,58,168720597835.24,credito_vivienda,0.020890974167314932
ptgf,25,credito_vivienda,totalmontocdv,239429380275.26,totalmontocdv,_58_monto_cr_dito_vivienda,58,239429380276.26,credito_vivienda,4.1765968689822025e-12
ptgf,68,credito_vivienda,totalmontocdv,235224860028.71002,totalmontocdv,_58_monto_cr_dito_vivienda,58,245006651897.27,credito_vivienda,0.041584855730665816
ptgf,76,credito_vivienda,totalmontocdv,605037405866.8201,totalmontocdv,_58_monto_cr_dito_vivienda,58,617611336444.49,credito_vivienda,0.020782071415329447
ptgf,18,credito_vivienda,totalmontocdv,10494201148.07,totalmontocdv,_58_monto_cr_dito_vivienda,58,10494201148.07,credito_vivienda,0.0
ptgf,19,credito_vivienda,totalmontocdv,55520741091.58,totalmontocdv,_58_monto_cr_dito_vivienda,58,56148488615.58,credito_vivienda,0.011306540792828161
ptgf,41,credito_vivienda,totalmontocdv,81452352594.55,totalmontocdv,_58_monto_cr_dito_vivienda,58,81899768308.55,credito_vivienda,0.005492974723850232
ptgf,47,credito_vivienda,totalmontocdv,73172594892.27,totalmontocdv,_58_monto_cr_dito_vivienda,58,75789122611.27,credito_vivienda,0.035758301627163036
ptgf,63,credito_vivienda,totalmontocdv,90631533397.73999,totalmontocdv,_58_monto_cr_dito_vivienda,58,91899338390.73999,credito_vivienda,0.013988563863707225
ptgf,70,credito_vivienda,totalmontocdv,25153260341.94,totalmontocdv,_58_monto_cr_dito_vivienda,58,25389004499.940002,credito_vivienda,0.00937231018147294
ptgf,85,credito_vivienda,totalmontocdv,18069088315.0,totalmontocdv,_58_monto_cr_dito_vivienda,58,18137126816.0,credito_vivienda,0.003765463968844407
ptgf,91,credito_vivienda,totalmontocdv,1001162269.0,totalmontocdv,_58_monto_cr_dito_vivienda,58,1001162269.0,credito_vivienda,0.0
ptgf,94,credito_vivienda,totalmontocdv,543000000.0,totalmontocdv,_58_monto_cr_dito_vivienda,58,543000000.0,credito_vivienda,0.0
ptgf,99,credito_vivienda,totalmontocdv,180000000.0,totalmontocdv,_58_monto_cr_dito_vivienda,58,180000000.0,credito_vivienda,0.0
ptgf,08,credito_vivienda,totalnrocdv,3519.0,totalnrocdv,_57_nro_cr_dito_vivienda,57,3596.0,credito_vivienda,0.02188121625461779
ptgf,81,credito_vivienda,totalnrocdv,37.0,totalnrocdv,_57_nro_cr_dito_vivienda,57,37.0,credito_vivienda,0.0
ptgf,15,credito_vivienda,totalnrocdv,919.0,totalnrocdv,_57_nro_cr_dito_vivienda,57,927.0,credito_vivienda,0.008705114254624592
ptgf,17,credito_vivienda,totalnrocdv,947.0,totalnrocdv,_57_nro_cr_dito_vivienda,57,954.0,credito_vivienda,0.007391763463569166
ptgf,50,credito_vivienda,totalnrocdv,799.0,totalnrocdv,_57_nro_cr_dito_vivienda,57,810.0,credito_vivienda,0.01376720901126408
ptgf,05,cuentas_ahorro,generonrohca,4260815.0,generonrohca,_29_nro_ctas_ahorro_hombres,29,4328200.0,cuentas_ahorro,0.01581504946823554
ptgf,13,cuentas_ahorro,generonrohca,930195.0,generonrohca,_29_nro_ctas_ahorro_hombres,29,933730.0,cuentas_ahorro,0.003800278436241863
ptgf,15,cuentas_ahorro,generonrohca,833873.0,generonrohca,_29_nro_ctas_ahorro_hombres,29,833875.0,cuentas_ahorro,2.3984467658744195e-06
ptgf,18,cuentas_ahorro,generonrohca,210974.0,generonrohca,_29_nro_ctas_ahorro_hombres,29,210974.0,cuentas_ahorro,0.0
ptgf,19,cuentas_ahorro,generonrohca,502793.0,generonrohca,_29_nro_ctas_ahorro_hombres,29,502789.0,cuentas_ahorro,7.955560240496585e-06
ptgf,23,cuentas_ahorro,generonrohca,582772.0,generonrohca,_29_nro_ctas_ahorro_hombres,29,582771.0,cuentas_ahorro,1.7159369358857324e-06
ptgf,44,cuentas_ahorro,generonrohca,252095.0,generonrohca,_29_nro_ctas_ahorro_hombres,29,252095.0,cuentas_ahorro,0.0
ptgf,66,cuentas_ahorro,generonrohca,706108.0,generonrohca,_29_nro_ctas_ahorro_hombres,29,706106.0,cuentas_ahorro,2.8324279005477916e-06
ptgf,68,cuentas_ahorro,generonrohca,1554534.0,generonrohca,_29_nro_ctas_ahorro_hombres,29,1554536.0,cuentas_ahorro,1.286559187512142e-06
ptgf,85,cuentas_ahorro,generonrohca,315572.0,generonrohca,_29_nro_ctas_ahorro_hombres,29,315571.0,cuentas_ahorro,3.1688489473083795e-06
ptgf,17,cuentas_ahorro,saldo1smmlv,66877663607.05,saldo1smmlv,_20_saldo_ctas_ahorro_hasta,20,67015380956.63,cuentas_ahorro,0.0020592428346356963
ptgf,20,cuentas_ahorro,saldo1smmlv,37423554172.38001,saldo1smmlv,_20_saldo_ctas_ahorro_hasta,20,37545824010.41,cuentas_ahorro,0.0032671893606575422
ptgf,50,cuentas_ahorro,saldo1smmlv,58702791952.24999,saldo1smmlv,_20_saldo_ctas_ahorro_hasta,20,58853834136.15001,cuentas_ahorro,0.002572998300027663
ptgf,52,cuentas_ahorro,saldo1smmlv,60072879778.73,saldo1smmlv,_20_saldo_ctas_ahorro_hasta,20,60373859615.80001,cuentas_ahorro,0.005010244858888473
ptgf,63,cuentas_ahorro,saldo1smmlv,39940989860.73,saldo1smmlv,_20_saldo_ctas_ahorro_hasta,20,40046042460.28,cuentas_ahorro,0.0026301951933665815
ptgf,76,cuentas_ahorro,saldo1smmlv,350562242343.2001,saldo1smmlv,_20_saldo_ctas_ahorro_hasta,20,349335904046.57,cuentas_ahorro,0.0034982041660649864
ptgf,86,cuentas_ahorro,saldo1smmlv,13413175891.25,saldo1smmlv,_20_saldo_ctas_ahorro_hasta,20,13497931625.25,cuentas_ahorro,0.006318841614183996
ptgf,94,cuentas_ahorro,saldo1smmlv,1136068961.46,saldo1smmlv,_20_saldo_ctas_ahorro_hasta,20,1146007966.46,cuentas_ahorro,0.008748593031911596
ptgf,95,cuentas_ahorro,saldo1smmlv,4431276162.0199995,saldo1smmlv,_20_saldo_ctas_ahorro_hasta,20,4453616967.02,cuentas_ahorro,0.005041618753415017
ptgf,97,cuentas_ahorro,saldo1smmlv,673028540.75,saldo1smmlv,_20_saldo_ctas_ahorro_hasta,20,684595557.75,cuentas_ahorro,0.017186517806674455
ptgf,99,cuentas_ahorro,saldo1smmlv,2280245626.3199997,saldo1smmlv,_20_saldo_ctas_ahorro_hasta,20,2293586906.32,cuentas_ahorro,0.0058508082839880075
ptgf,17,cuentas_ahorro,saldo1y3smmlv,102174255640.62997,saldo1y3smmlv,_22_saldo_ctas_ahorro_1smmlv,22,102296782282.48999,cuentas_ahorro,0.0011991928993441347
ptgf,20,cuentas_ahorro,saldo1y3smmlv,59061834967.420006,saldo1y3smmlv,_22_saldo_ctas_ahorro_1smmlv,22,59177916288.520004,cuentas_ahorro,0.001965420159465615
ptgf,50,cuentas_ahorro,saldo1y3smmlv,96241795244.96999,saldo1y3smmlv,_22_saldo_ctas_ahorro_1smmlv,22,96385018071.37,cuentas_ahorro,0.0014881562218935708
ptgf,52,cuentas_ahorro,saldo1y3smmlv,97900856739.22,saldo1y3smmlv,_22_saldo_ctas_ahorro_1smmlv,22,98039388643.29001,cuentas_ahorro,0.0014150223877919359
ptgf,63,cuentas_ahorro,saldo1y3smmlv,64288448943.35,saldo1y3smmlv,_22_saldo_ctas_ahorro_1smmlv,22,64360560779.40001,cuentas_ahorro,0.0011216919561017023
ptgf,76,cuentas_ahorro,saldo1y3smmlv,538868750243.6499,saldo1y3smmlv,_22_saldo_ctas_ahorro_1smmlv,22,536665473407.6,cuentas_ahorro,0.004088707751291411
ptgf,86,cuentas_ahorro,saldo1y3smmlv,18986990255.66,saldo1y3smmlv,_22_saldo_ctas_ahorro_1smmlv,22,19057724964.660004,cuentas_ahorro,0.0037254303103103916
ptgf,94,cuentas_ahorro,saldo1y3smmlv,1703484222.35,saldo1y3smmlv,_22_saldo_ctas_ahorro_1smmlv,22,1701516241.35,cuentas_ahorro,0.0011552681111922012
ptgf,95,cuentas_ahorro,saldo1y3smmlv,5701580946.18,saldo1y3smmlv,_22_saldo_ctas_ahorro_1smmlv,22,5695266540.18,cuentas_ahorro,0.001107483355863006
ptgf,97,cuentas_ahorro,saldo1y3smmlv,768361008.31,saldo1y3smmlv,_22_saldo_ctas_ahorro_1smmlv,22,778177838.31,cuentas_ahorro,0.012776325052714466
ptgf,99,cuentas_ahorro,saldo1y3smmlv,3112786820.72,saldo1y3smmlv,_22_saldo_ctas_ahorro_1smmlv,22,3126338880.72,cuentas_ahorro,0.004353674305542503
ptgf,08,cuentas_ahorro,saldo3y5smmlv,149474005044.19,saldo3y5smmlv,_24_saldo_ctas_ahorr_3smmlv,24,149800440101.50998,cuentas_ahorro,0.0021838918226849587
ptgf,11,cuentas_ahorro,saldo3y5smmlv,1259345911080.7302,saldo3y5smmlv,_24_saldo_ctas_ahorr_3smmlv,24,1261661130687.48,cuentas_ahorro,0.0018384302409517562
ptgf,08,microcredito_rango,monto10y25smmlv,24264974344.0,monto10y25smmlv,_70_monto_microcr_dito_10smmlv,70,21710519513.0,microcredito_rango,0.10527333739512648
ptgf,11,microcredito_rango,monto10y25smmlv,92321299545.58,monto10y25smmlv,_70_monto_microcr_dito_10smmlv,70,86424189448.88,microcredito_rango,0.06387594331672651
ptgf,17,microcredito_rango,monto10y25smmlv,11386747863.0,monto10y25smmlv,_70_monto_microcr_dito_10smmlv,70,11386747863.0,microcredito_rango,0.0
ptgf,18,microcredito_rango,monto10y25smmlv,10187475394.0,monto10y25smmlv,_70_monto_microcr_dito_10smmlv,70,10187475394.0,microcredito_rango,0.0
ptgf,23,microcredito_rango,monto10y25smmlv,12897236689.3,monto10y25smmlv,_70_monto_microcr_dito_10smmlv,70,12897236689.3,microcredito_rango,0.0
ptgf,47,microcredito_rango,monto10y25smmlv,11652088640.89,monto10y25smmlv,_70_monto_microcr_dito_10smmlv,70,11652088640.89,microcredito_rango,0.0
ptgf,66,microcredito_rango,monto10y25smmlv,10378999040.0,monto10y25smmlv,_70_monto_microcr_dito_10smmlv,70,10378999040.0,microcredito_rango,0.0
ptgf,85,microcredito_rango,monto10y25smmlv,10496038702.0,monto10y25smmlv,_70_monto_microcr_dito_10smmlv,70,10496038702.0,microcredito_rango,0.0
ptgf,13,microcredito_rango,monto1smmlv,1083530185.26,monto1smmlv,_60_monto_microcr_dito_hasta,60,1083530185.26,microcredito_rango,0.0
ptgf,15,microcredito_rango,monto1smmlv,337428146.03,monto1smmlv,_60_monto_microcr_dito_hasta,60,337428146.03,microcredito_rango,0.0
ptgf,27,microcredito_rango,monto1smmlv,106609726.0,monto1smmlv,_60_monto_microcr_dito_hasta,60,106609726.0,microcredito_rango,0.0
ptgf,41,microcredito_rango,monto1smmlv,445081380.53,monto1smmlv,_60_monto_microcr_dito_hasta,60,303815446.23,microcredito_rango,0.3173934935938713
ptgf,44,microcredito_rango,monto1smmlv,533646129.2,monto1smmlv,_60_monto_microcr_dito_hasta,60,533646129.2,microcredito_rango,0.0
ptgf,50,microcredito_rango,monto1smmlv,232248549.57,monto1smmlv,_60_monto_microcr_dito_hasta,60,232248549.57,microcredito_rango,0.0
ptgf,54,microcredito_rango,monto1smmlv,324506238.0,monto1smmlv,_60_monto_microcr_dito_hasta,60,324506238.0,microcredito_rango,0.0
ptgf,63,microcredito_rango,monto1smmlv,240181279.2,monto1smmlv,_60_monto_microcr_dito_hasta,60,240181279.2,microcredito_rango,0.0
ptgf,68,microcredito_rango,monto1smmlv,1436850708.36,monto1smmlv,_60_monto_microcr_dito_hasta,60,1021292197.26,microcredito_rango,0.2892148145121578
ptgf,70,microcredito_rango,monto1smmlv,875794777.0,monto1smmlv,_60_monto_microcr_dito_hasta,60,875794777.0,microcredito_rango,0.0
ptgf,81,microcredito_rango,monto1smmlv,53130003.0,monto1smmlv,_60_monto_microcr_dito_hasta,60,53130003.0,microcredito_rango,0.0
ptgf,88,microcredito_rango,monto1smmlv,147852.0,monto1smmlv,_60_monto_microcr_dito_hasta,60,147852.0,microcredito_rango,0.0
ptgf,91,microcredito_rango,monto1smmlv,3150000.0,monto1smmlv,_60_monto_microcr_dito_hasta,60,3150000.0,microcredito_rango,0.0
ptgf,94,microcredito_rango,monto1smmlv,3283904.0,monto1smmlv,_60_monto_microcr_dito_hasta,60,3283904.0,microcredito_rango,0.0
ptgf,05,microcredito_rango,monto1y2smmlv,5286822340.67,monto1y2smmlv,_62_monto_microcr_dito_1smmlv,62,4978019290.87,microcredito_rango,0.05840995401424166
ptgf,19,microcredito_rango,monto1y2smmlv,3942181644.0,monto1y2smmlv,_62_monto_microcr_dito_1smmlv,62,3942181644.0,microcredito_rango,0.0
ptgf,20,microcredito_rango,monto1y2smmlv,5494871037.299999,monto1y2smmlv,_62_monto_microcr_dito_1smmlv,62,5221295912.2,microcredito_rango,0.04978736047541988
ptgf,25,microcredito_rango,monto1y2smmlv,3932663080.7,monto1y2smmlv,_62_monto_microcr_dito_1smmlv,62,3932663080.7,microcredito_rango,0.0
ptgf,73,microcredito_rango,monto1y2smmlv,3673906101.0,monto1y2smmlv,_62_monto_microcr_dito_1smmlv,62,3673906101.0,microcredito_rango,0.0
ptgf,86,microcredito_rango,monto1y2smmlv,928209165.0,monto1y2smmlv,_62_monto_microcr_dito_1smmlv,62,928209165.0,microcredito_rango,0.0
ptgf,97,microcredito_rango,monto1y2smmlv,106341258.0,monto1y2smmlv,_62_monto_microcr_dito_1smmlv,62,106341258.0,microcredito_rango,0.0
ptgf,99,microcredito_rango,monto1y2smmlv,0.0,monto1y2smmlv,_62_monto_microcr_dito_1smmlv,62,0.0,microcredito_rango,
ptgf,52,microcredito_rango,monto2y3smmlv,7642413937.17,monto2y3smmlv,_64_monto_microcr_dito_2smmlv,64,6886831228.46,microcredito_rango,0.09886702224216262
ptgf,76,microcredito_rango,monto2y3smmlv,12863665987.54,monto2y3smmlv,_64_monto_microcr_dito_2smmlv,64,11143342928.85,microcredito_rango,0.13373505347203038
ptgf,95,microcredito_rango,monto2y3smmlv,209923440.0,monto2y3smmlv,_64_monto_microcr_dito_2smmlv,64,209923440.0,microcredito_rango,0.0
ptgf,05,microcredito_rango,nro1y2smmlv,4140.0,nro1y2smmlv,_61_nro_microcr_dito_1smmlv,61,3915.0,microcredito_rango,0.05434782608695652
ptgf,19,microcredito_rango,nro1y2smmlv,3051.0,nro1y2smmlv,_61_nro_microcr_dito_1smmlv,61,3051.0,microcredito_rango,0.0
ptgf,20,microcredito_rango,nro1y2smmlv,4324.0,nro1y2smmlv,_61_nro_microcr_dito_1smmlv,61,4122.0,microcredito_rango,0.04671600370027752
ptgf,25,microcredito_rango,nro1y2smmlv,2992.0,nro1y2smmlv,_61_nro_microcr_dito_1smmlv,61,2992.0,microcredito_rango,0.0
ptgf,73,microcredito_rango,nro1y2smmlv,2835.0,nro1y2smmlv,_61_nro_microcr_dito_1smmlv,61,2835.0,microcredito_rango,0.0
ptgf,86,microcredito_rango,nro1y2smmlv,724.0,nro1y2smmlv,_61_nro_microcr_dito_1smmlv,61,724.0,microcredito_rango,0.0
ptgf,97,microcredito_rango,nro1y2smmlv,93.0,nro1y2smmlv,_61_nro_microcr_dito_1smmlv,61,93.0,microcredito_rango,0.0
ptgf,99,microcredito_rango,nro1y2smmlv,0.0,nro1y2smmlv,_61_nro_microcr_dito_1smmlv,61,0.0,microcredito_rango,
ptgf,52,microcredito_rango,nro2y3smmlv,3444.0,nro2y3smmlv,_63_nro_microcr_dito_2smmlv,63,3107.0,microcredito_rango,0.0978513356562137
ptgf,76,microcredito_rango,nro2y3smmlv,5703.0,nro2y3smmlv,_63_nro_microcr_dito_2smmlv,63,4942.0,microcredito_rango,0.13343854111870945
ptgf,95,microcredito_rango,nro2y3smmlv,92.0,nro2y3smmlv,_63_nro_microcr_dito_2smmlv,63,92.0,microcredito_rango,0.0
ptgf,13,microcredito_rango,nro3y4smmlv,1647.0,nro3y4smmlv,_65_nro_microcr_dito_3smmlv,65,1647.0,microcredito_rango,0.0
ptgf,15,microcredito_rango,nro3y4smmlv,1528.0,nro3y4smmlv,_65_nro_microcr_dito_3smmlv,65,1528.0,microcredito_rango,0.0
ptgf,27,microcredito_rango,nro3y4smmlv,198.0,nro3y4smmlv,_65_nro_microcr_dito_3smmlv,65,198.0,microcredito_rango,0.0
ptgf,41,microcredito_rango,nro3y4smmlv,2164.0,nro3y4smmlv,_65_nro_microcr_dito_3smmlv,65,1902.0,microcredito_rango,0.12107208872458411
ptgf,44,microcredito_rango,nro3y4smmlv,312.0,nro3y4smmlv,_65_nro_microcr_dito_3smmlv,65,312.0,microcredito_rango,0.0
ptgf,50,microcredito_rango,nro3y4smmlv,1133.0,nro3y4smmlv,_65_nro_microcr_dito_3smmlv,65,1133.0,microcredito_rango,0.0
ptgf,54,microcredito_rango,nro3y4smmlv,932.0,nro3y4smmlv,_65_nro_microcr_dito_3smmlv,65,932.0,microcredito_rango,0.0
ptgf,63,microcredito_rango,nro3y4smmlv,538.0,nro3y4smmlv,_65_nro_microcr_dito_3smmlv,65,538.0,microcredito_rango,0.0
ptgf,68,microcredito_rango,nro3y4smmlv,3229.0,nro3y4smmlv,_65_nro_microcr_dito_3smmlv,65,2593.0,microcredito_rango,0.19696500464540107
ptgf,70,microcredito_rango,nro3y4smmlv,1047.0,nro3y4smmlv,_65_nro_microcr_dito_3smmlv,65,1047.0,microcredito_rango,0.0
ptgf,81,microcredito_rango,nro3y4smmlv,215.0,nro3y4smmlv,_65_nro_microcr_dito_3smmlv,65,215.0,microcredito_rango,0.0
ptgf,88,microcredito_rango,nro3y4smmlv,6.0,nro3y4smmlv,_65_nro_microcr_dito_3smmlv,65,6.0,microcredito_rango,0.0
ptgf,91,microcredito_rango,nro3y4smmlv,8.0,nro3y4smmlv,_65_nro_microcr_dito_3smmlv,65,8.0,microcredito_rango,0.0
ptgf,94,microcredito_rango,nro3y4smmlv,18.0,nro3y4smmlv,_65_nro_microcr_dito_3smmlv,65,18.0,microcredito_rango,0.0
ptgf,20,transacciones_corresponsales_fisicos,montoreti,367487570254.0,montoreti,_14_monto_retiros,14,367116009616.0,transacciones_corresponsales_fisicos,0.0010110835524129013
ptgf,27,transacciones_corresponsales_fisicos,montoreti,178337087547.0,montoreti,_14_monto_retiros,14,178337087547.0,transacciones_corresponsales_fisicos,0.0
ptgf,44,transacciones_corresponsales_fisicos,montoreti,187217193830.0,montoreti,_14_monto_retiros,14,187217293830.0,transacciones_corresponsales_fisicos,5.341389749213078e-07
ptgf,68,transacciones_corresponsales_fisicos,montoreti,971962117144.0,montoreti,_14_monto_retiros,14,971993963808.0,transacciones_corresponsales_fisicos,3.2765334613634736e-05
ptgf,73,transacciones_corresponsales_fisicos,montoreti,410440806885.0,montoreti,_14_monto_retiros,14,410442459885.0,transacciones_corresponsales_fisicos,4.027377327671876e-06
ptgf,76,transacciones_corresponsales_fisicos,montoreti,1592755103807.0,montoreti,_14_monto_retiros,14,1592674770984.0,transacciones_corresponsales_fisicos,5.043639339656715e-05
ptgf,91,transacciones_corresponsales_fisicos,montoreti,3526552757.0,montoreti,_14_monto_retiros,14,3526552757.0,transacciones_corresponsales_fisicos,0.0
ptgf,20,transacciones_corresponsales_fisicos,nropagos,883854.0,nropagos,_11_nro_pagos_corresponsales,11,888333.0,transacciones_corresponsales_fisicos,0.00506757903454643
ptgf,27,transacciones_corresponsales_fisicos,nropagos,169926.0,nropagos,_11_nro_pagos_corresponsales,11,172634.0,transacciones_corresponsales_fisicos,0.01593634876357944
ptgf,44,transacciones_corresponsales_fisicos,nropagos,300892.0,nropagos,_11_nro_pagos_corresponsales,11,305182.0,transacciones_corresponsales_fisicos,0.014257607380721323
ptgf,68,transacciones_corresponsales_fisicos,nropagos,3353080.0,nropagos,_11_nro_pagos_corresponsales,11,3378633.0,transacciones_corresponsales_fisicos,0.007620754649456619
ptgf,73,transacciones_corresponsales_fisicos,nropagos,1358148.0,nropagos,_11_nro_pagos_corresponsales,11,1380677.0,transacciones_corresponsales_fisicos,0.016588030170496884
ptgf,76,transacciones_corresponsales_fisicos,nropagos,6119299.0,nropagos,_11_nro_pagos_corresponsales,11,6207589.0,transacciones_corresponsales_fisicos,0.014428123221303617
ptgf,91,transacciones_corresponsales_fisicos,nropagos,13857.0,nropagos,_11_nro_pagos_corresponsales,11,14238.0,transacciones_corresponsales_fisicos,0.027495128815760987
ptgf,20,transacciones_corresponsales_fisicos,nrotrnsfer,33500.0,nrotrnsfer,_15_nro_transferencias,15,33487.0,transacciones_corresponsales_fisicos,0.0003880597014925373
ptgf,27,transacciones_corresponsales_fisicos,nrotrnsfer,24477.0,nrotrnsfer,_15_nro_transferencias,15,24477.0,transacciones_corresponsales_fisicos,0.0
ptgf,44,transacciones_corresponsales_fisicos,nrotrnsfer,10410.0,nrotrnsfer,_15_nro_transferencias,15,10410.0,transacciones_corresponsales_fisicos,0.0
ptgf,68,transacciones_corresponsales_fisicos,nrotrnsfer,174587.0,nrotrnsfer,_15_nro_transferencias,15,175919.0,transacciones_corresponsales_fisicos,0.007629434035752948
ptgf,73,transacciones_corresponsales_fisicos,nrotrnsfer,50517.0,nrotrnsfer,_15_nro_transferencias,15,50517.0,transacciones_corresponsales_fisicos,0.0
ptgf,76,transacciones_corresponsales_fisicos,nrotrnsfer,90795.0,nrotrnsfer,_15_nro_transferencias,15,90795.0,transacciones_corresponsales_fisicos,0.0
ptgf,91,transacciones_corresponsales_fisicos,nrotrnsfer,141.0,nrotrnsfer,_15_nro_transferencias,15,141.0,transacciones_corresponsales_fisicos,0.0
ptgf,05,corresponsales_fisicos,nrocorresponsales,33661.0,nrocorresponsales,_4_nro_corresponsales_f_sicos,4,34765.0,corresponsales_fisicos,0.0327975995959716
ptgf,11,corresponsales_fisicos,nrocorresponsales,61395.0,nrocorresponsales,_4_nro_corresponsales_f_sicos,4,63113.0,corresponsales_fisicos,0.027982734750386838
ptgf,19,corresponsales_fisicos,nrocorresponsales,5840.0,nrocorresponsales,_4_nro_corresponsales_f_sicos,4,5944.0,corresponsales_fisicos,0.01780821917808219
ptgf,23,corresponsales_fisicos,nrocorresponsales,5495.0,nrocorresponsales,_4_nro_corresponsales_f_sicos,4,5617.0,corresponsales_fisicos,0.022202001819836215
ptgf,44,corresponsales_fisicos,nrocorresponsales,2723.0,nrocorresponsales,_4_nro_corresponsales_f_sicos,4,2768.0,corresponsales_fisicos,0.01652589056188028
ptgf,50,corresponsales_fisicos,nrocorresponsales,6362.0,nrocorresponsales,_4_nro_corresponsales_f_sicos,4,6565.0,corresponsales_fisicos,0.03190820496699151
ptgf,52,corresponsales_fisicos,nrocorresponsales,6020.0,nrocorresponsales,_4_nro_corresponsales_f_sicos,4,6180.0,corresponsales_fisicos,0.026578073089700997
ptgf,54,corresponsales_fisicos,nrocorresponsales,6800.0,nrocorresponsales,_4_nro_corresponsales_f_sicos,4,6987.0,corresponsales_fisicos,0.0275
ptgf,66,corresponsales_fisicos,nrocorresponsales,3104.0,nrocorresponsales,_4_nro_corresponsales_f_sicos,4,3210.0,corresponsales_fisicos,0.03414948453608247
ptgf,73,corresponsales_fisicos,nrocorresponsales,7728.0,nrocorresponsales,_4_nro_corresponsales_f_sicos,4,7964.0,corresponsales_fisicos,0.030538302277432712
ptgf,81,corresponsales_fisicos,nrocorresponsales,1597.0,nrocorresponsales,_4_nro_corresponsales_f_sicos,4,1620.0,corresponsales_fisicos,0.014402003757044458
ptgf,91,corresponsales_fisicos,nrocorresponsales,169.0,nrocorresponsales,_4_nro_corresponsales_f_sicos,4,170.0,corresponsales_fisicos,0.005917159763313609
ptgf,97,corresponsales_fisicos,nrocorresponsales,75.0,nrocorresponsales,_4_nro_corresponsales_f_sicos,4,76.0,corresponsales_fisicos,0.013333333333333334
ptgf,99,corresponsales_fisicos,nrocorresponsales,180.0,nrocorresponsales,_4_nro_corresponsales_f_sicos,4,182.0,corresponsales_fisicos,0.011111111111111112
ptgf,19,credito_consumo,totalnrocdc,92451.0,totalnrocdc,_45_nro_cr_dito_consumo,45,92691.0,credito_consumo,0.0025959697569523316
ptgf,47,credito_consumo,totalnrocdc,417639.0,totalnrocdc,_45_nro_cr_dito_consumo,45,418034.0,credito_consumo,0.0009457928976939414
ptgf,68,credito_consumo,totalnrocdc,493163.0,totalnrocdc,_45_nro_cr_dito_consumo,45,493638.0,credito_consumo,0.000963170391939379
ptgf,70,credito_consumo,totalnrocdc,126711.0,totalnrocdc,_45_nro_cr_dito_consumo,45,126843.0,credito_consumo,0.0010417406539290196
ptgf,81,credito_consumo,totalnrocdc,30495.0,totalnrocdc,_45_nro_cr_dito_consumo,45,30495.0,credito_consumo,0.0
ptgf,91,credito_consumo,totalnrocdc,1366.0,totalnrocdc,_45_nro_cr_dito_consumo,45,1366.0,credito_consumo,0.0
ptgf,97,credito_consumo,totalnrocdc,71.0,totalnrocdc,_45_nro_cr_dito_consumo,45,71.0,credito_consumo,0.0
ptgf,99,credito_consumo,totalnrocdc,542.0,totalnrocdc,_45_nro_cr_dito_consumo,45,542.0,credito_consumo,0.0
ptgf,05,credito_consumo_bajo_monto,totalnrocdcbm,32075.0,totalnrocdcbm,_51_nro_cred_cons_bajo_monto,51,32075.0,credito_consumo_bajo_monto,0.0
ptgf,11,credito_consumo_bajo_monto,totalnrocdcbm,8.0,totalnrocdcbm,_51_nro_cred_cons_bajo_monto,51,8.0,credito_consumo_bajo_monto,0.0
ptgf,05,credito_vivienda,generomontohcdv,545695166820.66003,generomontohcdv,_56_monto_cr_dito_vivienda,56,585189807140.76,credito_vivienda,0.07237491317763438
ptgf,11,credito_vivienda,generomontohcdv,1402893109516.4,generomontohcdv,_56_monto_cr_dito_vivienda,56,1523696140352.6199,credito_vivienda,0.08610993240808114
ptgf,54,credito_vivienda,generomontohcdv,45215458850.81,generomontohcdv,_56_monto_cr_dito_vivienda,56,45739430175.81,credito_vivienda,0.011588322629410041
ptgf,95,credito_vivienda,generomontohcdv,1102326140.0,generomontohcdv,_56_monto_cr_dito_vivienda,56,1102326140.0,credito_vivienda,0.0
ptgf,66,credito_vivienda,generomontomcdv,71744051608.66,generomontomcdv,_54_monto_cr_dito_vivienda,54,73179624135.52,credito_vivienda,0.02000963835567264
ptgf,20,credito_vivienda,generomontomcdv,36898790182.81,generomontomcdv,_54_monto_cr_dito_vivienda,54,36898790182.81,credito_vivienda,0.0
ptgf,23,credito_vivienda,generomontomcdv,27581503790.0,generomontomcdv,_54_monto_cr_dito_vivienda,54,27673503790.0,credito_vivienda,0.0033355686731394133
ptgf,27,credito_vivienda,generomontomcdv,1670452400.0,generomontomcdv,_54_monto_cr_dito_vivienda,54,1670452400.0,credito_vivienda,0.0
ptgf,44,credito_vivienda,generomontomcdv,7423776283.0,generomontomcdv,_54_monto_cr_dito_vivienda,54,7423776283.0,credito_vivienda,0.0
ptgf,52,credito_vivienda,generomontomcdv,39353476977.770004,generomontomcdv,_54_monto_cr_dito_vivienda,54,39856739977.770004,credito_vivienda,0.012788272819814199
ptgf,73,credito_vivienda,generomontomcdv,65689639245.0,generomontomcdv,_54_monto_cr_dito_vivienda,54,67198325474.979996,credito_vivienda,0.02296688256047669
ptgf,86,credito_vivienda,generomontomcdv,1767190329.0,generomontomcdv,_54_monto_cr_dito_vivienda,54,1767190329.0,credito_vivienda,0.0
ptgf,88,credito_vivienda,generomontomcdv,1069115906.0,generomontomcdv,_54_monto_cr_dito_vivienda,54,1069115906.0,credito_vivienda,0.0
ptgf,17,cuentas_ahorro,nro3y5smmlv,22274.0,nro3y5smmlv,_23_nro_ctas_ahorr_3smmlv,23,22287.0,cuentas_ahorro,0.0005836401185238395
ptgf,20,cuentas_ahorro,nro3y5smmlv,12056.0,nro3y5smmlv,_23_nro_ctas_ahorr_3smmlv,23,12034.0,cuentas_ahorro,0.0018248175182481751
ptgf,50,cuentas_ahorro,nro3y5smmlv,19842.0,nro3y5smmlv,_23_nro_ctas_ahorr_3smmlv,23,19834.0,cuentas_ahorro,0.00040318516278600947
ptgf,52,cuentas_ahorro,nro3y5smmlv,21082.0,nro3y5smmlv,_23_nro_ctas_ahorr_3smmlv,23,21065.0,cuentas_ahorro,0.0008063751067261171
ptgf,63,cuentas_ahorro,nro3y5smmlv,14148.0,nro3y5smmlv,_23_nro_ctas_ahorr_3smmlv,23,14129.0,cuentas_ahorro,0.0013429459994345491
ptgf,76,cuentas_ahorro,nro3y5smmlv,117277.0,nro3y5smmlv,_23_nro_ctas_ahorr_3smmlv,23,119769.0,cuentas_ahorro,0.02124883822062297
ptgf,86,cuentas_ahorro,nro3y5smmlv,4114.0,nro3y5smmlv,_23_nro_ctas_ahorr_3smmlv,23,4110.0,cuentas_ahorro,0.0009722897423432182
ptgf,94,cuentas_ahorro,nro3y5smmlv,324.0,nro3y5smmlv,_23_nro_ctas_ahorr_3smmlv,23,329.0,cuentas_ahorro,0.015432098765432098
ptgf,95,cuentas_ahorro,nro3y5smmlv,1239.0,nro3y5smmlv,_23_nro_ctas_ahorr_3smmlv,23,1243.0,cuentas_ahorro,0.003228410008071025
ptgf,97,cuentas_ahorro,nro3y5smmlv,135.0,nro3y5smmlv,_23_nro_ctas_ahorr_3smmlv,23,135.0,cuentas_ahorro,0.0
ptgf,99,cuentas_ahorro,nro3y5smmlv,502.0,nro3y5smmlv,_23_nro_ctas_ahorr_3smmlv,23,501.0,cuentas_ahorro,0.00199203187250996
ptgf,08,cuentas_ahorro,nroactivasca,1353394.0,nroactivasca,_25_nro_ctas_ahorro_activas,25,1350937.0,cuentas_ahorro,0.0018154358597718032
ptgf,11,cuentas_ahorro,nroactivasca,7062162.0,nroactivasca,_25_nro_ctas_ahorro_activas,25,7052135.0,cuentas_ahorro,0.0014198201627207078
ptgf,27,cuentas_ahorro,nroactivasca,105218.0,nroactivasca,_25_nro_ctas_ahorro_activas,25,104868.0,cuentas_ahorro,0.003326427037198958
ptgf,41,cuentas_ahorro,nroactivasca,546046.0,nroactivasca,_25_nro_ctas_ahorro_activas,25,545772.0,cuentas_ahorro,0.000501789226548679
ptgf,70,cuentas_ahorro,nroactivasca,242133.0,nroactivasca,_25_nro_ctas_ahorro_activas,25,241585.0,cuentas_ahorro,0.002263218974695725
ptgf,73,cuentas_ahorro,nroactivasca,753836.0,nroactivasca,_25_nro_ctas_ahorro_activas,25,753405.0,cuentas_ahorro,0.000571742394897564
ptgf,91,cuentas_ahorro,nroactivasca,21491.0,nroactivasca,_25_nro_ctas_ahorro_activas,25,21491.0,cuentas_ahorro,0.0
ptgf,08,cuentas_ahorro,totalsaldoca,7729670921133.78,totalsaldoca,_32_saldo_ctas_ahorro,32,7729897212044.149,cuentas_ahorro,2.9275620227303093e-05
ptgf,11,cuentas_ahorro,totalsaldoca,135798379864058.34,totalsaldoca,_32_saldo_ctas_ahorro,32,135802939444586.38,cuentas_ahorro,3.357610401976549e-05
ptgf,27,cuentas_ahorro,totalsaldoca,629025048490.42,totalsaldoca,_32_saldo_ctas_ahorro,32,629025033524.33,cuentas_ahorro,2.3792518475706705e-08
ptgf,41,cuentas_ahorro,totalsaldoca,2370339899131.31,totalsaldoca,_32_saldo_ctas_ahorro,32,2370350009159.0503,cuentas_ahorro,4.265222782580478e-06
ptgf,70,cuentas_ahorro,totalsaldoca,1031788995566.61,totalsaldoca,_32_saldo_ctas_ahorro,32,1031789353558.68,cuentas_ahorro,3.4696248128888697e-07
ptgf,73,cuentas_ahorro,totalsaldoca,3178334951251.59,totalsaldoca,_32_saldo_ctas_ahorro,32,3178342307958.75,cuentas_ahorro,2.314641871606159e-06
ptgf,91,cuentas_ahorro,totalsaldoca,165878648748.05,totalsaldoca,_32_saldo_ctas_ahorro,32,165878647144.05997,cuentas_ahorro,9.669659313346733e-09
ptgf,19,cuentas_ahorro_electronicas,generonrohche,26051.0,generonrohche,,37,,,
ptgf,20,cuentas_ahorro_electronicas,generonrohche,28091.0,generonrohche,,37,,,
ptgf,41,cuentas_ahorro_electronicas,generonrohche,17697.0,generonrohche,,37,,,
ptgf,44,cuentas_ahorro_electronicas,generonrohche,12984.0,generonrohche,,37,,,
ptgf,63,cuentas_ahorro_electronicas,generonrohche,5461.0,generonrohche,,37,,,
ptgf,66,cuentas_ahorro_electronicas,generonrohche,9899.0,generonrohche,,37,,,
ptgf,88,cuentas_ahorro_electronicas,generonrohche,711.0,generonrohche,,37,,,
ptgf,19,cuentas_ahorro_electronicas,generonromche,156297.0,generonromche,,35,,,
ptgf,20,cuentas_ahorro_electronicas,generonromche,127298.0,generonromche,,35,,,
ptgf,41,cuentas_ahorro_electronicas,generonromche,123122.0,generonromche,,35,,,
ptgf,44,cuentas_ahorro_electronicas,generonromche,70477.0,generonromche,,35,,,
ptgf,63,cuentas_ahorro_electronicas,generonromche,33823.0,generonromche,,35,,,
ptgf,66,cuentas_ahorro_electronicas,generonromche,56668.0,generonromche,,35,,,
ptgf,88,cuentas_ahorro_electronicas,generonromche,3688.0,generonromche,,35,,,
ptgf,05,cuentas_ahorro_electronicas,generosaldohche,2076009775.5,generosaldohche,,38,,,
ptgf,08,cuentas_ahorro_electronicas,generosaldohche,1578452536.0,generosaldohche,,38,,,
ptgf,23,cuentas_ahorro_electronicas,generosaldohche,1255666102.0,generosaldohche,,38,,,
ptgf,52,cuentas_ahorro_electronicas,generosaldohche,1966680229.0,generosaldohche,,38,,,
ptgf,70,cuentas_ahorro_electronicas,generosaldohche,513888839.0,generosaldohche,,38,,,
ptgf,85,cuentas_ahorro_electronicas,generosaldohche,146308059.0,generosaldohche,,38,,,
ptgf,94,cuentas_ahorro_electronicas,generosaldohche,12429859.0,generosaldohche,,38,,,
ptgf,18,cuentas_ahorro_electronicas,generosaldomche,2926830259.0,generosaldomche,,36,,,
ptgf,25,cuentas_ahorro_electronicas,generosaldomche,5044654323.0,generosaldomche,,36,,,
ptgf,27,cuentas_ahorro_electronicas,generosaldomche,1210962301.0,generosaldomche,,36,,,
ptgf,54,cuentas_ahorro_electronicas,generosaldomche,3445435115.0,generosaldomche,,36,,,
ptgf,73,cuentas_ahorro_electronicas,generosaldomche,2641764474.0,generosaldomche,,36,,,
ptgf,76,cuentas_ahorro_electronicas,generosaldomche,9844864142.0,generosaldomche,,36,,,
ptgf,91,cuentas_ahorro_electronicas,generosaldomche,83545223.0,generosaldomche,,36,,,
ptgf,13,microcredito_rango,nro4y10smmlv,3294.0,nro4y10smmlv,_67_nro_microcr_dito_4smmlv,67,3294.0,microcredito_rango,0.0
ptgf,15,microcredito_rango,nro4y10smmlv,5133.0,nro4y10smmlv,_67_nro_microcr_dito_4smmlv,67,5133.0,microcredito_rango,0.0
ptgf,27,microcredito_rango,nro4y10smmlv,594.0,nro4y10smmlv,_67_nro_microcr_dito_4smmlv,67,594.0,microcredito_rango,0.0
ptgf,41,microcredito_rango,nro4y10smmlv,5177.0,nro4y10smmlv,_67_nro_microcr_dito_4smmlv,67,4484.0,microcredito_rango,0.13386130963878695
ptgf,44,microcredito_rango,nro4y10smmlv,657.0,nro4y10smmlv,_67_nro_microcr_dito_4smmlv,67,657.0,microcredito_rango,0.0
ptgf,50,microcredito_rango,nro4y10smmlv,3159.0,nro4y10smmlv,_67_nro_microcr_dito_4smmlv,67,3159.0,microcredito_rango,0.0
ptgf,54,microcredito_rango,nro4y10smmlv,2598.0,nro4y10smmlv,_67_nro_microcr_dito_4smmlv,67,2598.0,microcredito_rango,0.0
ptgf,63,microcredito_rango,nro4y10smmlv,1307.0,nro4y10smmlv,_67_nro_microcr_dito_4smmlv,67,1307.0,microcredito_rango,0.0
ptgf,68,microcredito_rango,nro4y10smmlv,8341.0,nro4y10smmlv,_67_nro_microcr_dito_4smmlv,67,6407.0,microcredito_rango,0.2318666826519602
ptgf,70,microcredito_rango,nro4y10smmlv,2063.0,nro4y10smmlv,_67_nro_microcr_dito_4smmlv,67,2063.0,microcredito_rango,0.0
ptgf,81,microcredito_rango,nro4y10smmlv,576.0,nro4y10smmlv,_67_nro_microcr_dito_4smmlv,67,576.0,microcredito_rango,0.0
ptgf,88,microcredito_rango,nro4y10smmlv,58.0,nro4y10smmlv,_67_nro_microcr_dito_4smmlv,67,58.0,microcredito_rango,0.0
ptgf,91,microcredito_rango,nro4y10smmlv,37.0,nro4y10smmlv,_67_nro_microcr_dito_4smmlv,67,37.0,microcredito_rango,0.0
ptgf,94,microcredito_rango,nro4y10smmlv,84.0,nro4y10smmlv,_67_nro_microcr_dito_4smmlv,67,84.0,microcredito_rango,0.0
ptgf,18,transacciones_corresponsales_fisicos,montodepositos,195949136341.0,montodepositos,_6_monto_dep_sitos,6,195967666341.0,transacciones_corresponsales_fisicos,9.456535683705803e-05
ptgf,54,transacciones_corresponsales_fisicos,montodepositos,742884376242.0,montodepositos,_6_monto_dep_sitos,6,743309041547.0,transacciones_corresponsales_fisicos,0.0005716438770030913
ptgf,70,transacciones_corresponsales_fisicos,montodepositos,237685841560.0,montodepositos,_6_monto_dep_sitos,6,237758953900.0,transacciones_corresponsales_fisicos,0.0003076007368387736
ptgf,81,transacciones_corresponsales_fisicos,montodepositos,131855897952.0,montodepositos,_6_monto_dep_sitos,6,131868995952.0,transacciones_corresponsales_fisicos,9.93357157581841e-05
ptgf,20,transacciones_corresponsales_fisicos,nrodepositos,737766.0,nrodepositos,_5_nro_dep_sitos,5,735518.0,transacciones_corresponsales_fisicos,0.0030470365942588842
ptgf,27,transacciones_corresponsales_fisicos,nrodepositos,368867.0,nrodepositos,_5_nro_dep_sitos,5,368890.0,transacciones_corresponsales_fisicos,6.235309745789133e-05
ptgf,44,transacciones_corresponsales_fisicos,nrodepositos,369712.0,nrodepositos,_5_nro_dep_sitos,5,369877.0,transacciones_corresponsales_fisicos,0.00044629333102523045
ptgf,68,transacciones_corresponsales_fisicos,nrodepositos,1960894.0,nrodepositos,_5_nro_dep_sitos,5,1962438.0,transacciones_corresponsales_fisicos,0.0007873959530703853
ptgf,73,transacciones_corresponsales_fisicos,nrodepositos,868523.0,nrodepositos,_5_nro_dep_sitos,5,869675.0,transacciones_corresponsales_fisicos,0.0013263897444281843
ptgf,76,transacciones_corresponsales_fisicos,nrodepositos,2966523.0,nrodepositos,_5_nro_dep_sitos,5,2967222.0,transacciones_corresponsales_fisicos,0.00023562938834453668
ptgf,91,transacciones_corresponsales_fisicos,nrodepositos,17043.0,nrodepositos,_5_nro_dep_sitos,5,17047.0,transacciones_corresponsales_fisicos,0.00023470046353341547
ptgf,18,transacciones_corresponsales_fisicos,nrogirosreci,4670.0,nrogirosreci,_9_nro_giros_recibidos,9,4670.0,transacciones_corresponsales_fisicos,0.0
ptgf,54,transacciones_corresponsales_fisicos,nrogirosreci,77044.0,nrogirosreci,_9_nro_giros_recibidos,9,77044.0,transacciones_corresponsales_fisicos,0.0
ptgf,70,transacciones_corresponsales_fisicos,nrogirosreci,76263.0,nrogirosreci,_9_nro_giros_recibidos,9,76263.0,transacciones_corresponsales_fisicos,0.0
ptgf,81,transacciones_corresponsales_fisicos,nrogirosreci,1459.0,nrogirosreci,_9_nro_giros_recibidos,9,1459.0,transacciones_corresponsales_fisicos,0.0
ptgf,05,transacciones_corresponsales_fisicos,totalmontocorr,14333135567114.172,totalmontocorr,_18_monto_transacciones,18,13637360147297.271,transacciones_corresponsales_fisicos,0.04854314093095455
ptgf,08,transacciones_corresponsales_fisicos,totalmontocorr,1790595002679.6497,totalmontocorr,_18_monto_transacciones,18,1796590293299.65,transacciones_corresponsales_fisicos,0.0033482114107479415
ptgf,13,transacciones_corresponsales_fisicos,totalmontocorr,1367965658736.1199,totalmontocorr,_18_monto_transacciones,18,1372535388270.1199,transacciones_corresponsales_fisicos,0.0033405294239783976
ptgf,19,transacciones_corresponsales_fisicos,totalmontocorr,1033368634520.4299,totalmontocorr,_18_monto_transacciones,18,1036925630223.3,transacciones_corresponsales_fisicos,0.003442136314231042
ptgf,25,transacciones_corresponsales_fisicos,totalmontocorr,3295701892838.4,totalmontocorr,_18_monto_transacciones,18,3326837959536.32,transacciones_corresponsales_fisicos,0.009447476656058903
ptgf,41,transacciones_corresponsales_fisicos,totalmontocorr,1422767103719.6199,totalmontocorr,_18_monto_transacciones,18,1426350133649.6199,transacciones_corresponsales_fisicos,0.0025183530885924225
ptgf,50,transacciones_corresponsales_fisicos,totalmontocorr,1446604533205.3801,totalmontocorr,_18_monto_transacciones,18,1452825859263.7402,transacciones_corresponsales_fisicos,0.0043006405106272684
ptgf,66,transacciones_corresponsales_fisicos,totalmontocorr,1037766532393.36,totalmontocorr,_18_monto_transacciones,18,1041802481605.1799,transacciones_corresponsales_fisicos,0.003889072431842638
ptgf,85,transacciones_corresponsales_fisicos,totalmontocorr,608957094500.22,totalmontocorr,_18_monto_transacciones,18,610434540584.47,transacciones_corresponsales_fisicos,0.002426190773690816
ptgf,88,transacciones_corresponsales_fisicos,totalmontocorr,51389422020.740005,totalmontocorr,_18_monto_transacciones,18,51707835425.740005,transacciones_corresponsales_fisicos,0.006196088464888613
ptgf,97,transacciones_corresponsales_fisicos,totalmontocorr,14304610979.82,totalmontocorr,_18_monto_transacciones,18,14305106816.82,transacciones_corresponsales_fisicos,3.4662739217409975e-05
ptgf,99,transacciones_corresponsales_fisicos,totalmontocorr,31336497250.91,totalmontocorr,_18_monto_transacciones,18,31350476842.91,transacciones_corresponsales_fisicos,0.0004461121448279941
ptgf,15,corresponsales_fisicos,correstercerizados,7207.0,correstercerizados,_2_nro_corresponsales_f_sicos,2,7578.0,corresponsales_fisicos,0.05147772998473706
ptgf,17,corresponsales_fisicos,correstercerizados,2866.0,correstercerizados,_2_nro_corresponsales_f_sicos,2,3077.0,corresponsales_fisicos,0.07362177250523377
ptgf,20,corresponsales_fisicos,correstercerizados,4101.0,correstercerizados,_2_nro_corresponsales_f_sicos,2,4265.0,corresponsales_fisicos,0.03999024628139478
ptgf,63,corresponsales_fisicos,correstercerizados,1874.0,correstercerizados,_2_nro_corresponsales_f_sicos,2,1966.0,corresponsales_fisicos,0.04909284951974386
ptgf,70,corresponsales_fisicos,correstercerizados,3034.0,correstercerizados,_2_nro_corresponsales_f_sicos,2,3178.0,corresponsales_fisicos,0.047462096242584045
ptgf,76,corresponsales_fisicos,correstercerizados,22465.0,correstercerizados,_2_nro_corresponsales_f_sicos,2,23328.0,corresponsales_fisicos,0.03841531270865791
ptgf,88,corresponsales_fisicos,correstercerizados,337.0,correstercerizados,_2_nro_corresponsales_f_sicos,2,359.0,corresponsales_fisicos,0.06528189910979229
ptgf,13,credito_consumo,generonromcdc,229139.0,generonromcdc,_41_nro_cr_dito_consumo,41,229680.0,credito_consumo,0.002361012311304492
ptgf,15,credito_consumo,generonromcdc,82415.0,generonromcdc,_41_nro_cr_dito_consumo,41,82534.0,credito_consumo,0.001443911909239823
ptgf,18,credito_consumo,generonromcdc,32498.0,generonromcdc,_41_nro_cr_dito_consumo,41,32498.0,credito_consumo,0.0
ptgf,20,credito_consumo,generonromcdc,80670.0,generonromcdc,_41_nro_cr_dito_consumo,41,79569.0,credito_consumo,0.0136481963555225
ptgf,23,credito_consumo,generonromcdc,95495.0,generonromcdc,_41_nro_cr_dito_consumo,41,95843.0,credito_consumo,0.003644169851824703
ptgf,25,credito_consumo,generonromcdc,188264.0,generonromcdc,_41_nro_cr_dito_consumo,41,188717.0,credito_consumo,0.0024061955551778354
ptgf,41,credito_consumo,generonromcdc,82892.0,generonromcdc,_41_nro_cr_dito_consumo,41,83068.0,credito_consumo,0.0021232447039521304
ptgf,52,credito_consumo,generonromcdc,55875.0,generonromcdc,_41_nro_cr_dito_consumo,41,56022.0,credito_consumo,0.0026308724832214765
ptgf,63,credito_consumo,generonromcdc,136969.0,generonromcdc,_41_nro_cr_dito_consumo,41,137194.0,credito_consumo,0.0016427074739539605
ptgf,73,credito_consumo,generonromcdc,89035.0,generonromcdc,_41_nro_cr_dito_consumo,41,89456.0,credito_consumo,0.004728477565002527
ptgf,86,credito_consumo,generonromcdc,1648.0,generonromcdc,_41_nro_cr_dito_consumo,41,1648.0,credito_consumo,0.0
ptgf,19,credito_consumo,totalmontocdc,293432042853.61,totalmontocdc,_46_monto_cr_dito_consumo,46,295515288767.87994,credito_consumo,0.007099585628108335
ptgf,47,credito_consumo,totalmontocdc,392119423999.49,totalmontocdc,_46_monto_cr_dito_consumo,46,395006394578.07,credito_consumo,0.00736247786231516
ptgf,68,credito_consumo,totalmontocdc,1093946973647.1799,totalmontocdc,_46_monto_cr_dito_consumo,46,1078244326375.82,credito_consumo,0.014354121040262055
ptgf,70,credito_consumo,totalmontocdc,217326877581.47,totalmontocdc,_46_monto_cr_dito_consumo,46,217542637241.1,credito_consumo,0.0009927886602480744
ptgf,81,credito_consumo,totalmontocdc,67680949410.75,totalmontocdc,_46_monto_cr_dito_consumo,46,67680949411.75,credito_consumo,1.477520644592445e-11
ptgf,91,credito_consumo,totalmontocdc,18735741088.73,totalmontocdc,_46_monto_cr_dito_consumo,46,18735741088.73,credito_consumo,0.0
ptgf,97,credito_consumo,totalmontocdc,441190331.0,totalmontocdc,_46_monto_cr_dito_consumo,46,441190331.0,credito_consumo,0.0
ptgf,99,credito_consumo,totalmontocdc,10521150379.04,totalmontocdc,_46_monto_cr_dito_consumo,46,10521150379.04,credito_consumo,0.0
ptgf,05,cuentas_ahorro,generosaldomca,5588328900790.141,generosaldomca,_28_saldo_ctas_ahorro_mujeres,28,5624982734142.6,cuentas_ahorro,0.006558997153384522
ptgf,13,cuentas_ahorro,generosaldomca,832537382158.9601,generosaldomca,_28_saldo_ctas_ahorro_mujeres,28,832575269893.69,cuentas_ahorro,4.5508748966451005e-05
ptgf,15,cuentas_ahorro,generosaldomca,809438689833.2998,generosaldomca,_28_saldo_ctas_ahorro_mujeres,28,809420275010.91,cuentas_ahorro,2.2750113901230686e-05
ptgf,18,cuentas_ahorro,generosaldomca,127382276714.2,generosaldomca,_28_saldo_ctas_ahorro_mujeres,28,127382276714.20001,cuentas_ahorro,1.197873790302495e-16
ptgf,19,cuentas_ahorro,generosaldomca,463920906907.36005,generosaldomca,_28_saldo_ctas_ahorro_mujeres,28,463920993635.51,cuentas_ahorro,1.8694598297269145e-07
ptgf,23,cuentas_ahorro,generosaldomca,484747908676.75,generosaldomca,_28_saldo_ctas_ahorro_mujeres,28,484748225617.56995,cuentas_ahorro,6.538260697430638e-07
ptgf,44,cuentas_ahorro,generosaldomca,201410243820.17996,generosaldomca,_28_saldo_ctas_ahorro_mujeres,28,201410240819.63,cuentas_ahorro,1.489770281969519e-08
ptgf,66,cuentas_ahorro,generosaldomca,952023861833.87,generosaldomca,_28_saldo_ctas_ahorro_mujeres,28,952024749248.58,cuentas_ahorro,9.321349448652717e-07
ptgf,68,cuentas_ahorro,generosaldomca,1733412965921.63,generosaldomca,_28_saldo_ctas_ahorro_mujeres,28,1733414063819.25,cuentas_ahorro,6.33373374782305e-07
ptgf,85,cuentas_ahorro,generosaldomca,214152558985.24002,generosaldomca,_28_saldo_ctas_ahorro_mujeres,28,214152558985.24002,cuentas_ahorro,0.0
ptgf,05,cuentas_ahorro,nro1smmlvca,6837826.0,nro1smmlvca,_19_nro_ctas_ahorro_hasta,19,6968897.0,cuentas_ahorro,0.0191685193510335
ptgf,13,cuentas_ahorro,nro1smmlvca,1552937.0,nro1smmlvca,_19_nro_ctas_ahorro_hasta,19,1563321.0,cuentas_ahorro,0.006686684649795839
ptgf,15,cuentas_ahorro,nro1smmlvca,1333466.0,nro1smmlvca,_19_nro_ctas_ahorro_hasta,19,1334054.0,cuentas_ahorro,0.0004409561248655759
ptgf,18,cuentas_ahorro,nro1smmlvca,334491.0,nro1smmlvca,_19_nro_ctas_ahorro_hasta,19,334548.0,cuentas_ahorro,0.0001704081724171951
ptgf,19,cuentas_ahorro,nro1smmlvca,817800.0,nro1smmlvca,_19_nro_ctas_ahorro_hasta,19,818133.0,cuentas_ahorro,0.00040719002201027146
ptgf,23,cuentas_ahorro,nro1smmlvca,986878.0,nro1smmlvca,_19_nro_ctas_ahorro_hasta,19,987019.0,cuentas_ahorro,0.00014287480316715946
ptgf,44,cuentas_ahorro,nro1smmlvca,463301.0,nro1smmlvca,_19_nro_ctas_ahorro_hasta,19,463333.0,cuentas_ahorro,6.906956816410929e-05
ptgf,66,cuentas_ahorro,nro1smmlvca,1147775.0,nro1smmlvca,_19_nro_ctas_ahorro_hasta,19,1147891.0,cuentas_ahorro,0.00010106510422338873
ptgf,68,cuentas_ahorro,nro1smmlvca,2425222.0,nro1smmlvca,_19_nro_ctas_ahorro_hasta,19,2425723.0,cuentas_ahorro,0.00020657902657983474
ptgf,85,cuentas_ahorro,nro1smmlvca,483290.0,nro1smmlvca,_19_nro_ctas_ahorro_hasta,19,483393.0,cuentas_ahorro,0.00021312255581534896
ptgf,05,cuentas_ahorro,nro1y3smmlv,554026.0,nro1y3smmlv,_21_nro_ctas_ahorro_1smmlv,21,563583.0,cuentas_ahorro,0.017250092955926256
ptgf,13,cuentas_ahorro,nro1y3smmlv,74750.0,nro1y3smmlv,_21_nro_ctas_ahorro_1smmlv,21,74847.0,cuentas_ahorro,0.001297658862876254
ptgf,15,cuentas_ahorro,nro1y3smmlv,81945.0,nro1y3smmlv,_21_nro_ctas_ahorro_1smmlv,21,81745.0,cuentas_ahorro,0.0024406614192446154
ptgf,18,cuentas_ahorro,nro1y3smmlv,13311.0,nro1y3smmlv,_21_nro_ctas_ahorro_1smmlv,21,13307.0,cuentas_ahorro,0.000300503343099692
ptgf,19,cuentas_ahorro,nro1y3smmlv,48795.0,nro1y3smmlv,_21_nro_ctas_ahorro_1smmlv,21,48665.0,cuentas_ahorro,0.0026642073982990062
ptgf,23,cuentas_ahorro,nro1y3smmlv,42314.0,nro1y3smmlv,_21_nro_ctas_ahorro_1smmlv,21,42254.0,cuentas_ahorro,0.001417970411684076
ptgf,44,cuentas_ahorro,nro1y3smmlv,19695.0,nro1y3smmlv,_21_nro_ctas_ahorro_1smmlv,21,19682.0,cuentas_ahorro,0.0006600660066006601
ptgf,66,cuentas_ahorro,nro1y3smmlv,75282.0,nro1y3smmlv,_21_nro_ctas_ahorro_1smmlv,21,75201.0,cuentas_ahorro,0.0010759544114130868
ptgf,68,cuentas_ahorro,nro1y3smmlv,150311.0,nro1y3smmlv,_21_nro_ctas_ahorro_1smmlv,21,150101.0,cuentas_ahorro,0.0013971033390769805
ptgf,85,cuentas_ahorro,nro1y3smmlv,24913.0,nro1y3smmlv,_21_nro_ctas_ahorro_1smmlv,21,24861.0,cuentas_ahorro,0.0020872636775980413
ptgf,05,cuentas_ahorro_electronicas,nroactivasche,1429.0,nroactivasche,,33,,,
ptgf,08,cuentas_ahorro_electronicas,nroactivasche,269.0,nroactivasche,,33,,,
ptgf,23,cuentas_ahorro_electronicas,nroactivasche,880.0,nroactivasche,,33,,,
ptgf,52,cuentas_ahorro_electronicas,nroactivasche,2229.0,nroactivasche,,33,,,
ptgf,70,cuentas_ahorro_electronicas,nroactivasche,130.0,nroactivasche,,33,,,
ptgf,85,cuentas_ahorro_electronicas,nroactivasche,145.0,nroactivasche,,33,,,
ptgf,94,cuentas_ahorro_electronicas,nroactivasche,2.0,nroactivasche,,33,,,
ptgf,19,cuentas_ahorro_electronicas,saldoactivasche,22754884.0,saldoactivasche,,34,,,
ptgf,20,cuentas_ahorro_electronicas,saldoactivasche,10467155.0,saldoactivasche,,34,,,
ptgf,41,cuentas_ahorro_electronicas,saldoactivasche,33405029.0,saldoactivasche,,34,,,
ptgf,44,cuentas_ahorro_electronicas,saldoactivasche,1205693.0,saldoactivasche,,34,,,
ptgf,63,cuentas_ahorro_electronicas,saldoactivasche,11945551.0,saldoactivasche,,34,,,
ptgf,66,cuentas_ahorro_electronicas,saldoactivasche,8663952.0,saldoactivasche,,34,,,
ptgf,88,cuentas_ahorro_electronicas,saldoactivasche,55597.0,saldoactivasche,,34,,,
ptgf,11,cuentas_ahorro_electronicas,totalnroche,248424.0,totalnroche,,39,,,
ptgf,13,cuentas_ahorro_electronicas,totalnroche,244723.0,totalnroche,,39,,,
ptgf,15,cuentas_ahorro_electronicas,totalnroche,108495.0,totalnroche,,39,,,
ptgf,17,cuentas_ahorro_electronicas,totalnroche,54250.0,totalnroche,,39,,,
ptgf,47,cuentas_ahorro_electronicas,totalnroche,196804.0,totalnroche,,39,,,
ptgf,50,cuentas_ahorro_electronicas,totalnroche,100156.0,totalnroche,,39,,,
ptgf,68,cuentas_ahorro_electronicas,totalnroche,165541.0,totalnroche,,39,,,
ptgf,81,cuentas_ahorro_electronicas,totalnroche,38430.0,totalnroche,,39,,,
ptgf,86,cuentas_ahorro_electronicas,totalnroche,67078.0,totalnroche,,39,,,
ptgf,95,cuentas_ahorro_electronicas,totalnroche,20412.0,totalnroche,,39,,,
ptgf,97,cuentas_ahorro_electronicas,totalnroche,1611.0,totalnroche,,39,,,
ptgf,99,cuentas_ahorro_electronicas,totalnroche,4485.0,totalnroche,,39,,,
ptgf,19,cuentas_ahorro_electronicas,totalsaldoche,6697112621.0,totalsaldoche,,40,,,
ptgf,20,cuentas_ahorro_electronicas,totalsaldoche,4408718166.0,totalsaldoche,,40,,,
ptgf,41,cuentas_ahorro_electronicas,totalsaldoche,2780401019.0,totalsaldoche,,40,,,
ptgf,44,cuentas_ahorro_electronicas,totalsaldoche,2081264497.0,totalsaldoche,,40,,,
ptgf,63,cuentas_ahorro_electronicas,totalsaldoche,1778752961.0,totalsaldoche,,40,,,
ptgf,66,cuentas_ahorro_electronicas,totalsaldoche,1942740511.0,totalsaldoche,,40,,,
ptgf,88,cuentas_ahorro_electronicas,totalsaldoche,256995573.0,totalsaldoche,,40,,,
ptgf,23,microcredito,generomontohmicro,21355778929.870003,generomontohmicro,_74_monto_microcr_dito_hombres,74,21355778929.870003,microcredito,0.0
ptgf,25,microcredito,generomontohmicro,60869647810.07,generomontohmicro,_74_monto_microcr_dito_hombres,74,60869647810.07,microcredito,0.0
ptgf,44,microcredito,generomontohmicro,7244739170.0,generomontohmicro,_74_monto_microcr_dito_hombres,74,7244739170.0,microcredito,0.0
ptgf,47,microcredito,generomontohmicro,13711684630.92,generomontohmicro,_74_monto_microcr_dito_hombres,74,13711684630.92,microcredito,0.0
ptgf,66,microcredito,generomontohmicro,16382624588.6,generomontohmicro,_74_monto_microcr_dito_hombres,74,16382624588.6,microcredito,0.0
ptgf,68,microcredito,generomontohmicro,51760263606.479996,generomontohmicro,_74_monto_microcr_dito_hombres,74,40076718376.66,microcredito,0.2257242219368701
ptgf,70,microcredito,generomontohmicro,13343544456.98,generomontohmicro,_74_monto_microcr_dito_hombres,74,13343544456.98,microcredito,0.0
ptgf,76,microcredito,generomontohmicro,94617085185.29001,generomontohmicro,_74_monto_microcr_dito_hombres,74,82660058968.81,microcredito,0.12637280247076302
ptgf,95,microcredito,generomontohmicro,3614683335.0,generomontohmicro,_74_monto_microcr_dito_hombres,74,3614683335.0,microcredito,0.0
ptgf,23,microcredito,generomontommicro,22678463206.5,generomontommicro,_72_monto_microcr_dito_mujeres,72,22678463206.5,microcredito,0.0
ptgf,25,microcredito,generomontommicro,58661160557.46,generomontommicro,_72_monto_microcr_dito_mujeres,72,58661160557.46,microcredito,0.0
ptgf,44,microcredito,generomontommicro,7704059534.2,generomontommicro,_72_monto_microcr_dito_mujeres,72,7704059534.2,microcredito,0.0
ptgf,47,microcredito,generomontommicro,29904257749.0,generomontommicro,_72_monto_microcr_dito_mujeres,72,29904257749.0,microcredito,0.0
ptgf,66,microcredito,generomontommicro,17448690194.57,generomontommicro,_72_monto_microcr_dito_mujeres,72,17448690194.57,microcredito,0.0
ptgf,68,microcredito,generomontommicro,85235684759.6,generomontommicro,_72_monto_microcr_dito_mujeres,72,69298856340.43,microcredito,0.18697366559696776
ptgf,70,microcredito,generomontommicro,21767723488.0,generomontommicro,_72_monto_microcr_dito_mujeres,72,21767723488.0,microcredito,0.0
ptgf,76,microcredito,generomontommicro,128466189241.95001,generomontommicro,_72_monto_microcr_dito_mujeres,72,111828692430.55,microcredito,0.129508759538787
ptgf,95,microcredito,generomontommicro,3071401449.0,generomontommicro,_72_monto_microcr_dito_mujeres,72,3071401449.0,microcredito,0.0
ptgf,05,microcredito,generonrohmicro,13988.0,generonrohmicro,_73_nro_microcr_dito_hombres,73,13332.0,microcredito,0.046897340577637975
ptgf,20,microcredito,generonrohmicro,3744.0,generonrohmicro,_73_nro_microcr_dito_hombres,73,3153.0,microcredito,0.1578525641025641
ptgf,27,microcredito,generonrohmicro,733.0,generonrohmicro,_73_nro_microcr_dito_hombres,73,733.0,microcredito,0.0
ptgf,41,microcredito,generonrohmicro,8001.0,generonrohmicro,_73_nro_microcr_dito_hombres,73,7211.0,microcredito,0.0987376577927759
ptgf,63,microcredito,generonrohmicro,2020.0,generonrohmicro,_73_nro_microcr_dito_hombres,73,2020.0,microcredito,0.0
ptgf,94,microcredito,generonrohmicro,75.0,generonrohmicro,_73_nro_microcr_dito_hombres,73,75.0,microcredito,0.0
ptgf,05,transacciones_corresponsales_fisicos,montogiroenv,2123050191.0,montogiroenv,_8_monto_giros_enviados,8,2161440191.0,transacciones_corresponsales_fisicos,0.018082474056780318
ptgf,08,transacciones_corresponsales_fisicos,montogiroenv,1841040024.0,montogiroenv,_8_monto_giros_enviados,8,1841040024.0,transacciones_corresponsales_fisicos,0.0
ptgf,13,transacciones_corresponsales_fisicos,montogiroenv,394511928.0,montogiroenv,_8_monto_giros_enviados,8,394511928.0,transacciones_corresponsales_fisicos,0.0
ptgf,19,transacciones_corresponsales_fisicos,montogiroenv,261279517.0,montogiroenv,_8_monto_giros_enviados,8,263659517.0,transacciones_corresponsales_fisicos,0.00910901867596456
ptgf,25,transacciones_corresponsales_fisicos,montogiroenv,1363044413.0,montogiroenv,_8_monto_giros_enviados,8,1374226903.0,transacciones_corresponsales_fisicos,0.008204054022999762
ptgf,41,transacciones_corresponsales_fisicos,montogiroenv,631848548.0,montogiroenv,_8_monto_giros_enviados,8,654273548.0,transacciones_corresponsales_fisicos,0.03549109999695686
ptgf,50,transacciones_corresponsales_fisicos,montogiroenv,125177603.0,montogiroenv,_8_monto_giros_enviados,8,127077603.0,transacciones_corresponsales_fisicos,0.015178434116524822
ptgf,66,transacciones_corresponsales_fisicos,montogiroenv,438520124.0,montogiroenv,_8_monto_giros_enviados,8,445920124.0,transacciones_corresponsales_fisicos,0.016874938218342746
ptgf,85,transacciones_corresponsales_fisicos,montogiroenv,278466995.0,montogiroenv,_8_monto_giros_enviados,8,278466995.0,transacciones_corresponsales_fisicos,0.0
ptgf,88,transacciones_corresponsales_fisicos,montogiroenv,67696054.0,montogiroenv,_8_monto_giros_enviados,8,67696054.0,transacciones_corresponsales_fisicos,0.0
ptgf,97,transacciones_corresponsales_fisicos,montogiroenv,3367250.0,montogiroenv,_8_monto_giros_enviados,8,3367250.0,transacciones_corresponsales_fisicos,0.0
ptgf,99,transacciones_corresponsales_fisicos,montogiroenv,20742763.0,montogiroenv,_8_monto_giros_enviados,8,20742763.0,transacciones_corresponsales_fisicos,0.0
ptgf,05,transacciones_corresponsales_fisicos,montopago,4530427596783.08,montopago,_12_monto_pagos_corresponsales,12,3833706166023.1797,transacciones_corresponsales_fisicos,0.1537871240354048
ptgf,08,transacciones_corresponsales_fisicos,montopago,628262528550.2,montopago,_12_monto_pagos_corresponsales,12,633452865281.2,transacciones_corresponsales_fisicos,0.008261413812116725
ptgf,13,transacciones_corresponsales_fisicos,montopago,442945174273.11993,montopago,_12_monto_pagos_corresponsales,12,446803649924.12,transacciones_corresponsales_fisicos,0.008710955384787476
ptgf,19,transacciones_corresponsales_fisicos,montopago,367059127072.43005,montopago,_12_monto_pagos_corresponsales,12,370507483475.30005,transacciones_corresponsales_fisicos,0.009394552944026227
ptgf,25,transacciones_corresponsales_fisicos,montopago,1366826800138.45,montopago,_12_monto_pagos_corresponsales,12,1389242270296.3699,transacciones_corresponsales_fisicos,0.016399641970474527
ptgf,41,transacciones_corresponsales_fisicos,montopago,505461363202.62006,montopago,_12_monto_pagos_corresponsales,12,508682665242.62006,transacciones_corresponsales_fisicos,0.006372993614367917
ptgf,50,transacciones_corresponsales_fisicos,montopago,470653963221.38,montopago,_12_monto_pagos_corresponsales,12,476311990279.74,transacciones_corresponsales_fisicos,0.012021628415989003
ptgf,66,transacciones_corresponsales_fisicos,montopago,391106276214.86,montopago,_12_monto_pagos_corresponsales,12,394758104813.68005,transacciones_corresponsales_fisicos,0.00933717718407025
ptgf,85,transacciones_corresponsales_fisicos,montopago,203260994376.22,montopago,_12_monto_pagos_corresponsales,12,204450206062.47,transacciones_corresponsales_fisicos,0.005850663526957186
ptgf,88,transacciones_corresponsales_fisicos,montopago,14541353921.74,montopago,_12_monto_pagos_corresponsales,12,14844595326.740002,transacciones_corresponsales_fisicos,0.020853725631878192
ptgf,97,transacciones_corresponsales_fisicos,montopago,2511574417.82,montopago,_12_monto_pagos_corresponsales,12,2512070254.82,transacciones_corresponsales_fisicos,0.00019742078772659952
ptgf,99,transacciones_corresponsales_fisicos,montopago,4472109375.91,montopago,_12_monto_pagos_corresponsales,12,4486088967.91,transacciones_corresponsales_fisicos,0.0031259503793230428
ptgf,20,transacciones_corresponsales_fisicos,nroretiros,809489.0,nroretiros,_13_nro_retiros_corresponsales,13,808172.0,transacciones_corresponsales_fisicos,0.0016269523118905877
ptgf,27,transacciones_corresponsales_fisicos,nroretiros,305650.0,nroretiros,_13_nro_retiros_corresponsales,13,305650.0,transacciones_corresponsales_fisicos,0.0
ptgf,44,transacciones_corresponsales_fisicos,nroretiros,356814.0,nroretiros,_13_nro_retiros_corresponsales,13,356816.0,transacciones_corresponsales_fisicos,5.605161232462852e-06
ptgf,68,transacciones_corresponsales_fisicos,nroretiros,2126295.0,nroretiros,_13_nro_retiros_corresponsales,13,2126849.0,transacciones_corresponsales_fisicos,0.00026054710188379315
ptgf,73,transacciones_corresponsales_fisicos,nroretiros,916124.0,nroretiros,_13_nro_retiros_corresponsales,13,916128.0,transacciones_corresponsales_fisicos,4.366221166566971e-06
ptgf,76,transacciones_corresponsales_fisicos,nroretiros,3232730.0,nroretiros,_13_nro_retiros_corresponsales,13,3232078.0,transacciones_corresponsales_fisicos,0.00020168711893662632
ptgf,91,transacciones_corresponsales_fisicos,nroretiros,4123.0,nroretiros,_13_nro_retiros_corresponsales,13,4123.0,transacciones_corresponsales_fisicos,0.0
ptgf,15,corresponsales_fisicos,correspropios,1327.0,correspropios,_1_nro_corresponsales_f_sicos,1,1235.0,corresponsales_fisicos,0.0693293142426526
ptgf,17,corresponsales_fisicos,correspropios,540.0,correspropios,_1_nro_corresponsales_f_sicos,1,468.0,corresponsales_fisicos,0.13333333333333333
ptgf,20,corresponsales_fisicos,correspropios,620.0,correspropios,_1_nro_corresponsales_f_sicos,1,573.0,corresponsales_fisicos,0.07580645161290323
ptgf,63,corresponsales_fisicos,correspropios,254.0,correspropios,_1_nro_corresponsales_f_sicos,1,241.0,corresponsales_fisicos,0.051181102362204724
ptgf,70,corresponsales_fisicos,correspropios,420.0,correspropios,_1_nro_corresponsales_f_sicos,1,349.0,corresponsales_fisicos,0.16904761904761906
ptgf,76,corresponsales_fisicos,correspropios,2184.0,correspropios,_1_nro_corresponsales_f_sicos,1,2023.0,corresponsales_fisicos,0.07371794871794872
ptgf,88,corresponsales_fisicos,correspropios,18.0,correspropios,_1_nro_corresponsales_f_sicos,1,16.0,corresponsales_fisicos,0.1111111111111111
ptgf,19,credito_consumo,generomontomcdc,125375559400.73,generomontomcdc,_42_monto_cr_dito_consumo,42,126411636649.66,credito_consumo,0.008263789640359327
ptgf,47,credito_consumo,generomontomcdc,185822550554.63,generomontomcdc,_42_monto_cr_dito_consumo,42,187005783895.33002,credito_consumo,0.00636754439742852
ptgf,68,credito_consumo,generomontomcdc,465412576318.6,generomontomcdc,_42_monto_cr_dito_consumo,42,454831282395.74005,credito_consumo,0.02273529866029331
ptgf,70,credito_consumo,generomontomcdc,87254535533.10999,generomontomcdc,_42_monto_cr_dito_consumo,42,87333862207.11,credito_consumo,0.000909140980641787
ptgf,81,credito_consumo,generomontomcdc,31247507404.95,generomontomcdc,_42_monto_cr_dito_consumo,42,31247507404.95,credito_consumo,0.0
ptgf,91,credito_consumo,generomontomcdc,7063637795.389999,generomontomcdc,_42_monto_cr_dito_consumo,42,7063637795.389999,credito_consumo,0.0
ptgf,97,credito_consumo,generomontomcdc,238382687.0,generomontomcdc,_42_monto_cr_dito_consumo,42,238382687.0,credito_consumo,0.0
ptgf,99,credito_consumo,generomontomcdc,4254813276.3199997,generomontomcdc,_42_monto_cr_dito_consumo,42,4254813276.3199997,credito_consumo,0.0
ptgf,13,credito_consumo,generonrohcdc,253515.0,generonrohcdc,_43_nro_cr_dito_consumo,43,254338.0,credito_consumo,0.003246356231386703
ptgf,15,credito_consumo,generonrohcdc,98816.0,generonrohcdc,_43_nro_cr_dito_consumo,43,99038.0,credito_consumo,0.0022465997409326427
ptgf,18,credito_consumo,generonrohcdc,38768.0,generonrohcdc,_43_nro_cr_dito_consumo,43,38768.0,credito_consumo,0.0
ptgf,20,credito_consumo,generonrohcdc,87547.0,generonrohcdc,_43_nro_cr_dito_consumo,43,85944.0,credito_consumo,0.01831016482575074
ptgf,23,credito_consumo,generonrohcdc,98797.0,generonrohcdc,_43_nro_cr_dito_consumo,43,99166.0,credito_consumo,0.003734931222607974
ptgf,25,credito_consumo,generonrohcdc,212158.0,generonrohcdc,_43_nro_cr_dito_consumo,43,212919.0,credito_consumo,0.0035869493490700327
ptgf,41,credito_consumo,generonrohcdc,101187.0,generonrohcdc,_43_nro_cr_dito_consumo,43,101478.0,credito_consumo,0.002875863500252009
ptgf,52,credito_consumo,generonrohcdc,65888.0,generonrohcdc,_43_nro_cr_dito_consumo,43,66074.0,credito_consumo,0.002822972316658572
ptgf,63,credito_consumo,generonrohcdc,144839.0,generonrohcdc,_43_nro_cr_dito_consumo,43,145119.0,credito_consumo,0.0019331809802608413
ptgf,73,credito_consumo,generonrohcdc,108296.0,generonrohcdc,_43_nro_cr_dito_consumo,43,108776.0,credito_consumo,0.0044322966683903375
ptgf,86,credito_consumo,generonrohcdc,2166.0,generonrohcdc,_43_nro_cr_dito_consumo,43,2166.0,credito_consumo,0.0
ptgf,25,cuentas_ahorro,generonromca,1540904.0,generonromca,_27_nro_ctas_ahorro_mujeres,27,1540662.0,cuentas_ahorro,0.00015705066636208356
ptgf,47,cuentas_ahorro,generonromca,489713.0,generonromca,_27_nro_ctas_ahorro_mujeres,27,489718.0,cuentas_ahorro,1.0210061811714208e-05
ptgf,54,cuentas_ahorro,generonromca,694423.0,generonromca,_27_nro_ctas_ahorro_mujeres,27,694422.0,cuentas_ahorro,1.4400444685731894e-06
ptgf,81,cuentas_ahorro,generonromca,114753.0,generonromca,_27_nro_ctas_ahorro_mujeres,27,114754.0,cuentas_ahorro,8.714369123247323e-06
ptgf,88,cuentas_ahorro,generonromca,72117.0,generonromca,_27_nro_ctas_ahorro_mujeres,27,72119.0,cuentas_ahorro,2.773271212058183e-05
ptgf,05,cuentas_ahorro,generosaldohca,6688889135756.079,generosaldohca,_30_saldo_ctas_ahorro_hombres,30,6720140236566.049,cuentas_ahorro,0.004672091310784934
ptgf,13,cuentas_ahorro,generosaldohca,947657612099.8501,generosaldohca,_30_saldo_ctas_ahorro_hombres,30,947690871961.4401,cuentas_ahorro,3.5096918090772843e-05
ptgf,15,cuentas_ahorro,generosaldohca,903802539396.1901,generosaldohca,_30_saldo_ctas_ahorro_hombres,30,903821838958.6299,cuentas_ahorro,2.1353737789576178e-05
ptgf,18,cuentas_ahorro,generosaldohca,159204197152.79996,generosaldohca,_30_saldo_ctas_ahorro_hombres,30,159204197152.8,cuentas_ahorro,1.9168827625637306e-16
ptgf,19,cuentas_ahorro,generosaldohca,492629288610.33,generosaldohca,_30_saldo_ctas_ahorro_hombres,30,492624223459.77997,cuentas_ahorro,1.0281870500102084e-05
ptgf,23,cuentas_ahorro,generosaldohca,565025871060.0798,generosaldohca,_30_saldo_ctas_ahorro_hombres,30,565025554120.44,cuentas_ahorro,5.609294301833439e-07
ptgf,44,cuentas_ahorro,generosaldohca,223936034101.42,generosaldohca,_30_saldo_ctas_ahorro_hombres,30,223935931622.97003,cuentas_ahorro,4.576237602532393e-07
ptgf,66,cuentas_ahorro,generosaldohca,1011611651191.86,generosaldohca,_30_saldo_ctas_ahorro_hombres,30,1011609268615.6298,cuentas_ahorro,2.355228142555997e-06
ptgf,68,cuentas_ahorro,generosaldohca,1939601775993.59,generosaldohca,_30_saldo_ctas_ahorro_hombres,30,1939601514924.9697,cuentas_ahorro,1.3459908296257968e-07
ptgf,85,cuentas_ahorro,generosaldohca,295374647260.07,generosaldohca,_30_saldo_ctas_ahorro_hombres,30,295374484618.07,cuentas_ahorro,5.506295191841491e-07
ptgf,25,cuentas_ahorro,saldo3y5smmlv,184126448281.14996,saldo3y5smmlv,_24_saldo_ctas_ahorr_3smmlv,24,184724782514.33005,cuentas_ahorro,0.003249583309544232
ptgf,47,cuentas_ahorro,saldo3y5smmlv,43436881950.94,saldo3y5smmlv,_24_saldo_ctas_ahorr_3smmlv,24,43490389134.21,cuentas_ahorro,0.001231837573664486
ptgf,54,cuentas_ahorro,saldo3y5smmlv,80620295719.43,saldo3y5smmlv,_24_saldo_ctas_ahorr_3smmlv,24,80881756006.38998,cuentas_ahorro,0.003243107515629937
ptgf,81,cuentas_ahorro,saldo3y5smmlv,12714378094.02,saldo3y5smmlv,_24_saldo_ctas_ahorr_3smmlv,24,12735766575.02,cuentas_ahorro,0.0016822278558838613
ptgf,88,cuentas_ahorro,saldo3y5smmlv,7652861880.97,saldo3y5smmlv,_24_saldo_ctas_ahorr_3smmlv,24,7689795779.97,cuentas_ahorro,0.004826155178867363
ptgf,17,cuentas_ahorro,saldoactivasca,2312079747941.83,saldoactivasca,_26_saldo_ctas_ahorro_activas,26,2311676874463.44,cuentas_ahorro,0.0001742472242788196
ptgf,20,cuentas_ahorro,saldoactivasca,1422634808004.92,saldoactivasca,_26_saldo_ctas_ahorro_activas,26,1422493660365.5898,cuentas_ahorro,9.921565150512611e-05
ptgf,50,cuentas_ahorro,saldoactivasca,2697878906143.7896,saldoactivasca,_26_saldo_ctas_ahorro_activas,26,2698018000315.8003,cuentas_ahorro,5.155686257599912e-05
ptgf,52,cuentas_ahorro,saldoactivasca,2547789127792.2397,saldoactivasca,_26_saldo_ctas_ahorro_activas,26,2547090404290.81,cuentas_ahorro,0.000274246990776336
ptgf,63,cuentas_ahorro,saldoactivasca,1394268270360.3198,saldoactivasca,_26_saldo_ctas_ahorro_activas,26,1392889028406.3098,cuentas_ahorro,0.0009892227940133595
ptgf,76,cuentas_ahorro,saldoactivasca,16378193825533.928,saldoactivasca,_26_saldo_ctas_ahorro_activas,26,16363767024549.271,cuentas_ahorro,0.0008808542100756301
ptgf,86,cuentas_ahorro,saldoactivasca,619551071675.27,saldoactivasca,_26_saldo_ctas_ahorro_activas,26,619828038154.3099,cuentas_ahorro,0.0004470438220548919
ptgf,94,cuentas_ahorro,saldoactivasca,182542988702.47998,saldoactivasca,_26_saldo_ctas_ahorro_activas,26,182572011279.05,cuentas_ahorro,0.0001589903659203813
ptgf,95,cuentas_ahorro,saldoactivasca,183108343542.96,saldoactivasca,_26_saldo_ctas_ahorro_activas,26,183173480064.47998,cuentas_ahorro,0.000355726671213685
ptgf,97,cuentas_ahorro,saldoactivasca,107946596721.39,saldoactivasca,_26_saldo_ctas_ahorro_activas,26,107966473660.39,cuentas_ahorro,0.00018413678248052924
ptgf,99,cuentas_ahorro,saldoactivasca,87641556291.75,saldoactivasca,_26_saldo_ctas_ahorro_activas,26,87700911942.79001,cuentas_ahorro,0.0006772546443883253
ptgf,17,cuentas_ahorro,totalnroca,1296331.0,totalnroca,_31_nro_ctas_ahorro,31,1296331.0,cuentas_ahorro,0.0
ptgf,20,cuentas_ahorro,totalnroca,1013804.0,totalnroca,_31_nro_ctas_ahorro,31,1013804.0,cuentas_ahorro,0.0
ptgf,50,cuentas_ahorro,totalnroca,1446084.0,totalnroca,_31_nro_ctas_ahorro,31,1446084.0,cuentas_ahorro,0.0
ptgf,52,cuentas_ahorro,totalnroca,1395901.0,totalnroca,_31_nro_ctas_ahorro,31,1395901.0,cuentas_ahorro,0.0
ptgf,63,cuentas_ahorro,totalnroca,775557.0,totalnroca,_31_nro_ctas_ahorro,31,775557.0,cuentas_ahorro,0.0
ptgf,76,cuentas_ahorro,totalnroca,7249735.0,totalnroca,_31_nro_ctas_ahorro,31,7249504.0,cuentas_ahorro,3.1863233621642725e-05
ptgf,86,cuentas_ahorro,totalnroca,284647.0,totalnroca,_31_nro_ctas_ahorro,31,284647.0,cuentas_ahorro,0.0
ptgf,94,cuentas_ahorro,totalnroca,20402.0,totalnroca,_31_nro_ctas_ahorro,31,20402.0,cuentas_ahorro,0.0
ptgf,95,cuentas_ahorro,totalnroca,91112.0,totalnroca,_31_nro_ctas_ahorro,31,91112.0,cuentas_ahorro,0.0
ptgf,97,cuentas_ahorro,totalnroca,12609.0,totalnroca,_31_nro_ctas_ahorro,31,12609.0,cuentas_ahorro,0.0
ptgf,99,cuentas_ahorro,totalnroca,43341.0,totalnroca,_31_nro_ctas_ahorro,31,43341.0,cuentas_ahorro,0.0
ptgf,05,microcredito,generonrommicro,14982.0,generonrommicro,_71_nro_microcr_dito_mujeres,71,14139.0,microcredito,0.05626752102523028
ptgf,20,microcredito,generonrommicro,12849.0,generonrommicro,_71_nro_microcr_dito_mujeres,71,12109.0,microcredito,0.057592030508210754
ptgf,27,microcredito,generonrommicro,1051.0,generonrommicro,_71_nro_microcr_dito_mujeres,71,1051.0,microcredito,0.0
ptgf,41,microcredito,generonrommicro,8509.0,generonrommicro,_71_nro_microcr_dito_mujeres,71,7410.0,microcredito,0.12915736279233753
ptgf,63,microcredito,generonrommicro,2894.0,generonrommicro,_71_nro_microcr_dito_mujeres,71,2894.0,microcredito,0.0
ptgf,94,microcredito,generonrommicro,115.0,generonrommicro,_71_nro_microcr_dito_mujeres,71,115.0,microcredito,0.0
ptgf,50,microcredito,totalmontomicro,68520188348.21,totalmontomicro,_76_monto_microcr_dito,76,63262663348.21,microcredito,0.07672957600878144
ptgf,54,microcredito,totalmontomicro,53843404066.24,totalmontomicro,_76_monto_microcr_dito,76,49732276066.24,microcredito,0.07635341916611271
ptgf,73,microcredito,totalmontomicro,80115119683.87,totalmontomicro,_76_monto_microcr_dito,76,76765395543.87,microcredito,0.04181138533173056
ptgf,81,microcredito,totalmontomicro,15830338781.39,totalmontomicro,_76_monto_microcr_dito,76,13620303181.39,microcredito,0.13960759971846576
ptgf,85,microcredito,totalmontomicro,28370099079.2,totalmontomicro,_76_monto_microcr_dito,76,24224179079.2,microcredito,0.14613695878981434
ptgf,86,microcredito,totalmontomicro,22950318465.0,totalmontomicro,_76_monto_microcr_dito,76,21909563465.0,microcredito,0.04534817247033787
ptgf,97,microcredito,totalmontomicro,746530383.0,totalmontomicro,_76_monto_microcr_dito,76,746530383.0,microcredito,0.0
ptgf,50,microcredito,totalnromicro,10593.0,totalnromicro,_75_nro_microcr_dito,75,10438.0,microcredito,0.01463230435193052
ptgf,54,microcredito,totalnromicro,8885.0,totalnromicro,_75_nro_microcr_dito,75,8759.0,microcredito,0.014181204276871131
ptgf,73,microcredito,totalnromicro,14306.0,totalnromicro,_75_nro_microcr_dito,75,14208.0,microcredito,0.006850272612889697
ptgf,81,microcredito,totalnromicro,2083.0,totalnromicro,_75_nro_microcr_dito,75,2022.0,microcredito,0.02928468554968795
ptgf,85,microcredito,totalnromicro,4135.0,totalnromicro,_75_nro_microcr_dito,75,4025.0,microcredito,0.026602176541717048
ptgf,86,microcredito,totalnromicro,4089.0,totalnromicro,_75_nro_microcr_dito,75,4056.0,microcredito,0.008070432868672046
ptgf,97,microcredito,totalnromicro,207.0,totalnromicro,_75_nro_microcr_dito,75,207.0,microcredito,0.0
ptgf,08,microcredito_rango,monto3y4smmlv,5108000748.78,monto3y4smmlv,_66_monto_microcr_dito_3smmlv,66,4593321994.88,microcredito_rango,0.10075933407467218
ptgf,11,microcredito_rango,monto3y4smmlv,11128146254.75,monto3y4smmlv,_66_monto_microcr_dito_3smmlv,66,10361025517.25,microcredito_rango,0.06893517751643118
ptgf,17,microcredito_rango,monto3y4smmlv,1963908510.0,monto3y4smmlv,_66_monto_microcr_dito_3smmlv,66,1963908510.0,microcredito_rango,0.0
ptgf,18,microcredito_rango,monto3y4smmlv,1587096385.0,monto3y4smmlv,_66_monto_microcr_dito_3smmlv,66,1587096385.0,microcredito_rango,0.0
ptgf,23,microcredito_rango,monto3y4smmlv,3707943765.2,monto3y4smmlv,_66_monto_microcr_dito_3smmlv,66,3707943765.2,microcredito_rango,0.0
ptgf,47,microcredito_rango,monto3y4smmlv,4209341156.0,monto3y4smmlv,_66_monto_microcr_dito_3smmlv,66,4209341156.0,microcredito_rango,0.0
ptgf,66,microcredito_rango,monto3y4smmlv,2272913068.0,monto3y4smmlv,_66_monto_microcr_dito_3smmlv,66,2272913068.0,microcredito_rango,0.0
ptgf,85,microcredito_rango,monto3y4smmlv,1531103488.0,monto3y4smmlv,_66_monto_microcr_dito_3smmlv,66,1531103488.0,microcredito_rango,0.0
ptgf,13,microcredito_rango,monto4y10smmlv,18258809582.27,monto4y10smmlv,_68_monto_microcr_dito_4smmlv,68,18258809582.27,microcredito_rango,0.0
ptgf,15,microcredito_rango,monto4y10smmlv,29775233393.0,monto4y10smmlv,_68_monto_microcr_dito_4smmlv,68,29775233393.0,microcredito_rango,0.0
ptgf,27,microcredito_rango,monto4y10smmlv,3400280337.0,monto4y10smmlv,_68_monto_microcr_dito_4smmlv,68,3400280337.0,microcredito_rango,0.0
ptgf,41,microcredito_rango,monto4y10smmlv,28998935993.53,monto4y10smmlv,_68_monto_microcr_dito_4smmlv,68,25105751099.010002,microcredito_rango,0.13425268069796117
ptgf,44,microcredito_rango,monto4y10smmlv,3633705505.0,monto4y10smmlv,_68_monto_microcr_dito_4smmlv,68,3633705505.0,microcredito_rango,0.0
ptgf,50,microcredito_rango,monto4y10smmlv,18105056235.739998,monto4y10smmlv,_68_monto_microcr_dito_4smmlv,68,18105056235.74,microcredito_rango,2.1069789654089323e-16
ptgf,54,microcredito_rango,monto4y10smmlv,14740129093.0,monto4y10smmlv,_68_monto_microcr_dito_4smmlv,68,14740129093.0,microcredito_rango,0.0
ptgf,63,microcredito_rango,monto4y10smmlv,7184063924.0,monto4y10smmlv,_68_monto_microcr_dito_4smmlv,68,7184063924.0,microcredito_rango,0.0
ptgf,68,microcredito_rango,monto4y10smmlv,46613702338.43,monto4y10smmlv,_68_monto_microcr_dito_4smmlv,68,35641116199.93,microcredito_rango,0.23539400622665857
ptgf,70,microcredito_rango,monto4y10smmlv,11394043079.0,monto4y10smmlv,_68_monto_microcr_dito_4smmlv,68,11394043079.0,microcredito_rango,0.0
ptgf,81,microcredito_rango,monto4y10smmlv,3367032385.0,monto4y10smmlv,_68_monto_microcr_dito_4smmlv,68,3367032385.0,microcredito_rango,0.0
ptgf,88,microcredito_rango,monto4y10smmlv,383000000.0,monto4y10smmlv,_68_monto_microcr_dito_4smmlv,68,383000000.0,microcredito_rango,0.0
ptgf,91,microcredito_rango,monto4y10smmlv,223995180.0,monto4y10smmlv,_68_monto_microcr_dito_4smmlv,68,223995180.0,microcredito_rango,0.0
ptgf,94,microcredito_rango,monto4y10smmlv,461448618.0,monto4y10smmlv,_68_monto_microcr_dito_4smmlv,68,461448618.0,microcredito_rango,0.0
ptgf,08,microcredito_rango,nro10y25smmlv,1787.0,nro10y25smmlv,_69_nro_microcr_dito_10smmlv,69,1595.0,microcredito_rango,0.10744264129826525
ptgf,11,microcredito_rango,nro10y25smmlv,6731.0,nro10y25smmlv,_69_nro_microcr_dito_10smmlv,69,6305.0,microcredito_rango,0.063289258653989
ptgf,17,microcredito_rango,nro10y25smmlv,866.0,nro10y25smmlv,_69_nro_microcr_dito_10smmlv,69,866.0,microcredito_rango,0.0
ptgf,18,microcredito_rango,nro10y25smmlv,759.0,nro10y25smmlv,_69_nro_microcr_dito_10smmlv,69,759.0,microcredito_rango,0.0
ptgf,23,microcredito_rango,nro10y25smmlv,942.0,nro10y25smmlv,_69_nro_microcr_dito_10smmlv,69,942.0,microcredito_rango,0.0
ptgf,47,microcredito_rango,nro10y25smmlv,869.0,nro10y25smmlv,_69_nro_microcr_dito_10smmlv,69,869.0,microcredito_rango,0.0
ptgf,66,microcredito_rango,nro10y25smmlv,770.0,nro10y25smmlv,_69_nro_microcr_dito_10smmlv,69,770.0,microcredito_rango,0.0
ptgf,85,microcredito_rango,nro10y25smmlv,764.0,nro10y25smmlv,_69_nro_microcr_dito_10smmlv,69,764.0,microcredito_rango,0.0
ptgf,08,microcredito_rango,nro1smmlv,716.0,nro1smmlv,_59_nro_microcr_dito_hasta,59,507.0,microcredito_rango,0.2918994413407821
ptgf,11,microcredito_rango,nro1smmlv,1802.0,nro1smmlv,_59_nro_microcr_dito_hasta,59,1505.0,microcredito_rango,0.16481687014428412
ptgf,17,microcredito_rango,nro1smmlv,464.0,nro1smmlv,_59_nro_microcr_dito_hasta,59,464.0,microcredito_rango,0.0
ptgf,18,microcredito_rango,nro1smmlv,94.0,nro1smmlv,_59_nro_microcr_dito_hasta,59,94.0,microcredito_rango,0.0
ptgf,23,microcredito_rango,nro1smmlv,704.0,nro1smmlv,_59_nro_microcr_dito_hasta,59,704.0,microcredito_rango,0.0
ptgf,47,microcredito_rango,nro1smmlv,1407.0,nro1smmlv,_59_nro_microcr_dito_hasta,59,1407.0,microcredito_rango,0.0
ptgf,66,microcredito_rango,nro1smmlv,641.0,nro1smmlv,_59_nro_microcr_dito_hasta,59,641.0,microcredito_rango,0.0
ptgf,85,microcredito_rango,nro1smmlv,135.0,nro1smmlv,_59_nro_microcr_dito_hasta,59,135.0,microcredito_rango,0.0
ptgf,05,transacciones_corresponsales_fisicos,montogirorec,15756040276.0,montogirorec,_10_monto_giros_recibidos,10,15756040276.0,transacciones_corresponsales_fisicos,0.0
ptgf,08,transacciones_corresponsales_fisicos,montogirorec,20331433784.0,montogirorec,_10_monto_giros_recibidos,10,20331433784.0,transacciones_corresponsales_fisicos,0.0
ptgf,13,transacciones_corresponsales_fisicos,montogirorec,24614892967.0,montogirorec,_10_monto_giros_recibidos,10,24614892967.0,transacciones_corresponsales_fisicos,0.0
ptgf,19,transacciones_corresponsales_fisicos,montogirorec,4736566476.0,montogirorec,_10_monto_giros_recibidos,10,4736566476.0,transacciones_corresponsales_fisicos,0.0
ptgf,25,transacciones_corresponsales_fisicos,montogirorec,5139042842.0,montogirorec,_10_monto_giros_recibidos,10,5140342842.0,transacciones_corresponsales_fisicos,0.00025296539452355864
ptgf,41,transacciones_corresponsales_fisicos,montogirorec,4025078459.0,montogirorec,_10_monto_giros_recibidos,10,4025078459.0,transacciones_corresponsales_fisicos,0.0
ptgf,50,transacciones_corresponsales_fisicos,montogirorec,2035662178.0,montogirorec,_10_monto_giros_recibidos,10,2035662178.0,transacciones_corresponsales_fisicos,0.0
ptgf,66,transacciones_corresponsales_fisicos,montogirorec,2302997765.0,montogirorec,_10_monto_giros_recibidos,10,2302997765.0,transacciones_corresponsales_fisicos,0.0
ptgf,85,transacciones_corresponsales_fisicos,montogirorec,575932800.0,montogirorec,_10_monto_giros_recibidos,10,575932800.0,transacciones_corresponsales_fisicos,0.0
ptgf,88,transacciones_corresponsales_fisicos,montogirorec,194316800.0,montogirorec,_10_monto_giros_recibidos,10,194316800.0,transacciones_corresponsales_fisicos,0.0
ptgf,97,transacciones_corresponsales_fisicos,montogirorec,44437400.0,montogirorec,_10_monto_giros_recibidos,10,44437400.0,transacciones_corresponsales_fisicos,0.0
ptgf,99,transacciones_corresponsales_fisicos,montogirorec,32582400.0,montogirorec,_10_monto_giros_recibidos,10,32582400.0,transacciones_corresponsales_fisicos,0.0
ptgf,20,transacciones_corresponsales_fisicos,montotransfer,17142457065.0,montotransfer,_16_monto_transferencias,16,17138152382.0,transacciones_corresponsales_fisicos,0.00025111236876240647
ptgf,27,transacciones_corresponsales_fisicos,montotransfer,15078794224.0,montotransfer,_16_monto_transferencias,16,15078794224.0,transacciones_corresponsales_fisicos,0.0
ptgf,44,transacciones_corresponsales_fisicos,montotransfer,5857233631.0,montotransfer,_16_monto_transferencias,16,5857233631.0,transacciones_corresponsales_fisicos,0.0
ptgf,68,transacciones_corresponsales_fisicos,montotransfer,36132922802.0,montotransfer,_16_monto_transferencias,16,36132922802.0,transacciones_corresponsales_fisicos,0.0
ptgf,73,transacciones_corresponsales_fisicos,montotransfer,17271648614.0,montotransfer,_16_monto_transferencias,16,17271648614.0,transacciones_corresponsales_fisicos,0.0
ptgf,76,transacciones_corresponsales_fisicos,montotransfer,30574230848.0,montotransfer,_16_monto_transferencias,16,30574230848.0,transacciones_corresponsales_fisicos,0.0
ptgf,91,transacciones_corresponsales_fisicos,montotransfer,102801586.0,montotransfer,_16_monto_transferencias,16,102801586.0,transacciones_corresponsales_fisicos,0.0
ptgf,18,transacciones_corresponsales_fisicos,nrogirosenv,334.0,nrogirosenv,_7_nro_giros_enviados,7,339.0,transacciones_corresponsales_fisicos,0.014970059880239521
ptgf,54,transacciones_corresponsales_fisicos,nrogirosenv,1077.0,nrogirosenv,_7_nro_giros_enviados,7,1077.0,transacciones_corresponsales_fisicos,0.0
ptgf,70,transacciones_corresponsales_fisicos,nrogirosenv,755.0,nrogirosenv,_7_nro_giros_enviados,7,755.0,transacciones_corresponsales_fisicos,0.0
ptgf,81,transacciones_corresponsales_fisicos,nrogirosenv,258.0,nrogirosenv,_7_nro_giros_enviados,7,259.0,transacciones_corresponsales_fisicos,0.003875968992248062
ptgf,05,transacciones_corresponsales_fisicos,totalnrocorr,32844062.0,totalnrocorr,_17_nro_transacciones_tr,17,32708192.0,transacciones_corresponsales_fisicos,0.004136820835376575
ptgf,08,transacciones_corresponsales_fisicos,totalnrocorr,4784657.0,totalnrocorr,_17_nro_transacciones_tr,17,4805915.0,transacciones_corresponsales_fisicos,0.004442951710018085
ptgf,13,transacciones_corresponsales_fisicos,totalnrocorr,3121896.0,totalnrocorr,_17_nro_transacciones_tr,17,3137654.0,transacciones_corresponsales_fisicos,0.005047573653959005
ptgf,19,transacciones_corresponsales_fisicos,totalnrocorr,2243268.0,totalnrocorr,_17_nro_transacciones_tr,17,2254553.0,transacciones_corresponsales_fisicos,0.005030607132094783
ptgf,25,transacciones_corresponsales_fisicos,totalnrocorr,11306563.0,totalnrocorr,_17_nro_transacciones_tr,17,11405652.0,transacciones_corresponsales_fisicos,0.0087638480411775
ptgf,41,transacciones_corresponsales_fisicos,totalnrocorr,3865969.0,totalnrocorr,_17_nro_transacciones_tr,17,3877807.0,transacciones_corresponsales_fisicos,0.0030621042227705394
ptgf,50,transacciones_corresponsales_fisicos,totalnrocorr,3841102.0,totalnrocorr,_17_nro_transacciones_tr,17,3861787.0,transacciones_corresponsales_fisicos,0.005385173317449003
ptgf,66,transacciones_corresponsales_fisicos,totalnrocorr,2097249.0,totalnrocorr,_17_nro_transacciones_tr,17,2111307.0,transacciones_corresponsales_fisicos,0.006703066731704247
ptgf,85,transacciones_corresponsales_fisicos,totalnrocorr,1575616.0,totalnrocorr,_17_nro_transacciones_tr,17,1580105.0,transacciones_corresponsales_fisicos,0.002849044437223283
ptgf,88,transacciones_corresponsales_fisicos,totalnrocorr,82867.0,totalnrocorr,_17_nro_transacciones_tr,17,83690.0,transacciones_corresponsales_fisicos,0.00993157710548228
ptgf,97,transacciones_corresponsales_fisicos,totalnrocorr,24599.0,totalnrocorr,_17_nro_transacciones_tr,17,24600.0,transacciones_corresponsales_fisicos,4.0652059026789705e-05
ptgf,99,transacciones_corresponsales_fisicos,totalnrocorr,55852.0,totalnrocorr,_17_nro_transacciones_tr,17,55891.0,transacciones_corresponsales_fisicos,0.0006982740098832629
ptgf,08,corresponsales_fisicos,corresactivos,8714.0,corresactivos,_3_nro_corresponsales_f_sicos,3,9001.0,corresponsales_fisicos,0.03293550608216663
ptgf,13,corresponsales_fisicos,corresactivos,6810.0,corresactivos,_3_nro_corresponsales_f_sicos,3,6974.0,corresponsales_fisicos,0.02408223201174743
ptgf,18,corresponsales_fisicos,corresactivos,1782.0,corresactivos,_3_nro_corresponsales_f_sicos,3,1797.0,corresponsales_fisicos,0.008417508417508417
ptgf,41,corresponsales_fisicos,corresactivos,4620.0,corresactivos,_3_nro_corresponsales_f_sicos,3,4802.0,corresponsales_fisicos,0.03939393939393939
ptgf,68,corresponsales_fisicos,corresactivos,10681.0,corresactivos,_3_nro_corresponsales_f_sicos,3,11090.0,corresponsales_fisicos,0.03829229472895796
ptgf,86,corresponsales_fisicos,corresactivos,706.0,corresactivos,_3_nro_corresponsales_f_sicos,3,714.0,corresponsales_fisicos,0.0113314447592068
ptgf,94,corresponsales_fisicos,corresactivos,73.0,corresactivos,_3_nro_corresponsales_f_sicos,3,74.0,corresponsales_fisicos,0.0136986301369863
ptgf,11,credito_consumo,generomontohcdc,6682575441358.92,generomontohcdc,_44_monto_cr_dito_consumo,44,6665444643463.069,credito_consumo,0.0025635023571641104
ptgf,27,credito_consumo,generomontohcdc,35518249125.1,generomontohcdc,_44_monto_cr_dito_consumo,44,35518249125.1,credito_consumo,0.0
ptgf,54,credito_consumo,generomontohcdc,281600673575.39,generomontohcdc,_44_monto_cr_dito_consumo,44,286812152349.5801,credito_consumo,0.018506627516268526
ptgf,88,credito_consumo,generomontohcdc,21086103861.190002,generomontohcdc,_44_monto_cr_dito_consumo,44,21086103861.19,credito_consumo,1.8091048449429936e-16
ptgf,94,credito_consumo,generomontohcdc,1635712333.3200002,generomontohcdc,_44_monto_cr_dito_consumo,44,1635712333.3200002,credito_consumo,0.0
ptgf,95,credito_consumo,generomontohcdc,18674920839.53,generomontohcdc,_44_monto_cr_dito_consumo,44,18674920839.53,credito_consumo,0.0
ptgf,08,credito_vivienda,generonrohcdv,1751.0,generonrohcdv,_55_nro_cr_dito_vivienda,55,1790.0,credito_vivienda,0.02227298686464877
ptgf,81,credito_vivienda,generonrohcdv,17.0,generonrohcdv,_55_nro_cr_dito_vivienda,55,17.0,credito_vivienda,0.0
ptgf,15,credito_vivienda,generonrohcdv,468.0,generonrohcdv,_55_nro_cr_dito_vivienda,55,473.0,credito_vivienda,0.010683760683760684
ptgf,17,credito_vivienda,generonrohcdv,507.0,generonrohcdv,_55_nro_cr_dito_vivienda,55,510.0,credito_vivienda,0.005917159763313609
ptgf,50,credito_vivienda,generonrohcdv,420.0,generonrohcdv,_55_nro_cr_dito_vivienda,55,430.0,credito_vivienda,0.023809523809523808
ptgf,08,credito_vivienda,generonromcdv,1768.0,generonromcdv,_53_nro_cr_dito_vivienda,53,1806.0,credito_vivienda,0.021493212669683258
ptgf,81,credito_vivienda,generonromcdv,20.0,generonromcdv,_53_nro_cr_dito_vivienda,53,20.0,credito_vivienda,0.0
ptgf,15,credito_vivienda,generonromcdv,451.0,generonromcdv,_53_nro_cr_dito_vivienda,53,454.0,credito_vivienda,0.0066518847006651885
ptgf,17,credito_vivienda,generonromcdv,440.0,generonromcdv,_53_nro_cr_dito_vivienda,53,444.0,credito_vivienda,0.00909090909090909
ptgf,50,credito_vivienda,generonromcdv,379.0,generonromcdv,_53_nro_cr_dito_vivienda,53,380.0,credito_vivienda,0.002638522427440633
ptgf,08,credito_vivienda,totalmontocdv,370957783046.92004,totalmontocdv,_58_monto_cr_dito_vivienda,58,381137197677.75,credito_vivienda,0.027440897848859603
ptgf,81,credito_vivienda,totalmontocdv,3275651032.0,totalmontocdv,_58_monto_cr_dito_vivienda,58,3275651032.0,credito_vivienda,0.0
ptgf,15,credito_vivienda,totalmontocdv,92342702665.42,totalmontocdv,_58_monto_cr_dito_vivienda,58,93089033036.53,credito_vivienda,0.008082180286775193
ptgf,17,credito_vivienda,totalmontocdv,118590031818.52,totalmontocdv,_58_monto_cr_dito_vivienda,58,119833796320.52,credito_vivienda,0.010487934634365816
ptgf,50,credito_vivienda,totalmontocdv,82868177306.36,totalmontocdv,_58_monto_cr_dito_vivienda,58,84239842750.36,credito_vivienda,0.0165523785919535
ptgf,13,credito_vivienda,totalnrocdv,1481.0,totalnrocdv,_57_nro_cr_dito_vivienda,57,1496.0,credito_vivienda,0.01012829169480081
ptgf,25,credito_vivienda,totalnrocdv,2240.0,totalnrocdv,_57_nro_cr_dito_vivienda,57,2240.0,credito_vivienda,0.0
ptgf,68,credito_vivienda,totalnrocdv,2062.0,totalnrocdv,_57_nro_cr_dito_vivienda,57,2140.0,credito_vivienda,0.037827352085354024
ptgf,76,credito_vivienda,totalnrocdv,7050.0,totalnrocdv,_57_nro_cr_dito_vivienda,57,7141.0,credito_vivienda,0.012907801418439717
ptgf,18,credito_vivienda,totalnrocdv,98.0,totalnrocdv,_57_nro_cr_dito_vivienda,57,98.0,credito_vivienda,0.0
ptgf,19,credito_vivienda,totalnrocdv,666.0,totalnrocdv,_57_nro_cr_dito_vivienda,57,672.0,credito_vivienda,0.009009009009009009
ptgf,41,credito_vivienda,totalnrocdv,781.0,totalnrocdv,_57_nro_cr_dito_vivienda,57,786.0,credito_vivienda,0.006402048655569782
ptgf,47,credito_vivienda,totalnrocdv,509.0,totalnrocdv,_57_nro_cr_dito_vivienda,57,520.0,credito_vivienda,0.021611001964636542
ptgf,63,credito_vivienda,totalnrocdv,1149.0,totalnrocdv,_57_nro_cr_dito_vivienda,57,1160.0,credito_vivienda,0.009573542210617928
ptgf,70,credito_vivienda,totalnrocdv,207.0,totalnrocdv,_57_nro_cr_dito_vivienda,57,209.0,credito_vivienda,0.00966183574879227
ptgf,85,credito_vivienda,totalnrocdv,183.0,totalnrocdv,_57_nro_cr_dito_vivienda,57,184.0,credito_vivienda,0.00546448087431694
ptgf,91,credito_vivienda,totalnrocdv,10.0,totalnrocdv,_57_nro_cr_dito_vivienda,57,10.0,credito_vivienda,0.0
ptgf,94,credito_vivienda,totalnrocdv,6.0,totalnrocdv,_57_nro_cr_dito_vivienda,57,6.0,credito_vivienda,0.0
ptgf,99,credito_vivienda,totalnrocdv,2.0,totalnrocdv,_57_nro_cr_dito_vivienda,57,2.0,credito_vivienda,0.0
ptgf,17,cuentas_ahorro,generonrohca,642161.0,generonrohca,_29_nro_ctas_ahorro_hombres,29,642167.0,cuentas_ahorro,9.343451252878951e-06
ptgf,20,cuentas_ahorro,generonrohca,524905.0,generonrohca,_29_nro_ctas_ahorro_hombres,29,524904.0,cuentas_ahorro,1.9051066383440812e-06
ptgf,50,cuentas_ahorro,generonrohca,754060.0,generonrohca,_29_nro_ctas_ahorro_hombres,29,754059.0,cuentas_ahorro,1.3261544174203645e-06
ptgf,52,cuentas_ahorro,generonrohca,671297.0,generonrohca,_29_nro_ctas_ahorro_hombres,29,671299.0,cuentas_ahorro,2.97930722169174e-06
ptgf,63,cuentas_ahorro,generonrohca,370184.0,generonrohca,_29_nro_ctas_ahorro_hombres,29,370185.0,cuentas_ahorro,2.7013593240118427e-06
ptgf,76,cuentas_ahorro,generonrohca,3505886.0,generonrohca,_29_nro_ctas_ahorro_hombres,29,3505845.0,cuentas_ahorro,1.1694618706940271e-05
ptgf,86,cuentas_ahorro,generonrohca,151707.0,generonrohca,_29_nro_ctas_ahorro_hombres,29,151704.0,cuentas_ahorro,1.9774960944452135e-05
ptgf,94,cuentas_ahorro,generonrohca,10664.0,generonrohca,_29_nro_ctas_ahorro_hombres,29,10664.0,cuentas_ahorro,0.0
ptgf,95,cuentas_ahorro,generonrohca,53785.0,generonrohca,_29_nro_ctas_ahorro_hombres,29,53785.0,cuentas_ahorro,0.0
ptgf,97,cuentas_ahorro,generonrohca,6724.0,generonrohca,_29_nro_ctas_ahorro_hombres,29,6725.0,cuentas_ahorro,0.000148720999405116
ptgf,99,cuentas_ahorro,generonrohca,27077.0,generonrohca,_29_nro_ctas_ahorro_hombres,29,27077.0,cuentas_ahorro,0.0
ptgf,05,cuentas_ahorro,saldo1smmlv,549260753753.7502,saldo1smmlv,_20_saldo_ctas_ahorro_hasta,20,561388165738.9,cuentas_ahorro,0.022079516699980567
ptgf,13,cuentas_ahorro,saldo1smmlv,77067320468.25,saldo1smmlv,_20_saldo_ctas_ahorro_hasta,20,77270431972.59,cuentas_ahorro,0.0026355075420544005
ptgf,15,cuentas_ahorro,saldo1smmlv,77742681887.65001,saldo1smmlv,_20_saldo_ctas_ahorro_hasta,20,78268083670.44,cuentas_ahorro,0.006758215307638585
ptgf,18,cuentas_ahorro,saldo1smmlv,16590749361.039999,saldo1smmlv,_20_saldo_ctas_ahorro_hasta,20,16641634707.04,cuentas_ahorro,0.00306709147927313
ptgf,19,cuentas_ahorro,saldo1smmlv,50042013894.65,saldo1smmlv,_20_saldo_ctas_ahorro_hasta,20,50339120000.57,cuentas_ahorro,0.0059371332765598755
ptgf,23,cuentas_ahorro,saldo1smmlv,46204607126.41999,saldo1smmlv,_20_saldo_ctas_ahorro_hasta,20,46330423573.33999,cuentas_ahorro,0.002723028172834648
ptgf,44,cuentas_ahorro,saldo1smmlv,19465657613.570004,saldo1smmlv,_20_saldo_ctas_ahorro_hasta,20,19494199112.57,cuentas_ahorro,0.0014662488967287282
ptgf,66,cuentas_ahorro,saldo1smmlv,77566134385.77,saldo1smmlv,_20_saldo_ctas_ahorro_hasta,20,77669591451.82999,cuentas_ahorro,0.0013337916976169713
ptgf,68,cuentas_ahorro,saldo1smmlv,140785666284.33002,saldo1smmlv,_20_saldo_ctas_ahorro_hasta,20,141233216448.80002,cuentas_ahorro,0.0031789469502252537
ptgf,85,cuentas_ahorro,saldo1smmlv,24408531296.13,saldo1smmlv,_20_saldo_ctas_ahorro_hasta,20,24500528262.129997,cuentas_ahorro,0.003769049636123842
ptgf,05,cuentas_ahorro,saldo1y3smmlv,884903800027.2202,saldo1y3smmlv,_22_saldo_ctas_ahorro_1smmlv,22,900280131161.7401,cuentas_ahorro,0.017376274273030484
ptgf,13,cuentas_ahorro,saldo1y3smmlv,120710661502.12001,saldo1y3smmlv,_22_saldo_ctas_ahorro_1smmlv,22,120840572457.36998,cuentas_ahorro,0.0010762177394553329
ptgf,15,cuentas_ahorro,saldo1y3smmlv,131499558788.71,saldo1y3smmlv,_22_saldo_ctas_ahorro_1smmlv,22,132013795447.78001,cuentas_ahorro,0.003910558056672031
ptgf,18,cuentas_ahorro,saldo1y3smmlv,21654865560.239998,saldo1y3smmlv,_22_saldo_ctas_ahorro_1smmlv,22,21745849009.239998,cuentas_ahorro,0.0042015245371484836
ptgf,19,cuentas_ahorro,saldo1y3smmlv,78139275940.84001,saldo1y3smmlv,_22_saldo_ctas_ahorro_1smmlv,22,78385609037.92,cuentas_ahorro,0.003152487582128195
ptgf,23,cuentas_ahorro,saldo1y3smmlv,68474812054.22,saldo1y3smmlv,_22_saldo_ctas_ahorro_1smmlv,22,68565993620.770004,cuentas_ahorro,0.0013316074015333303
ptgf,44,cuentas_ahorro,saldo1y3smmlv,31660988029.100002,saldo1y3smmlv,_22_saldo_ctas_ahorro_1smmlv,22,31683076692.100006,cuentas_ahorro,0.0006976618348012972
ptgf,66,cuentas_ahorro,saldo1y3smmlv,120724579968.1,saldo1y3smmlv,_22_saldo_ctas_ahorro_1smmlv,22,120714833497.70996,cuentas_ahorro,8.073310665169059e-05
ptgf,68,cuentas_ahorro,saldo1y3smmlv,242920088525.61,saldo1y3smmlv,_22_saldo_ctas_ahorro_1smmlv,22,243252009327.97,cuentas_ahorro,0.0013663785666084298
ptgf,85,cuentas_ahorro,saldo1y3smmlv,40456078569.00001,saldo1y3smmlv,_22_saldo_ctas_ahorro_1smmlv,22,40500520114.00001,cuentas_ahorro,0.0010985134143489108
ptgf,13,microcredito_rango,monto10y25smmlv,17749535508.22,monto10y25smmlv,_70_monto_microcr_dito_10smmlv,70,17749535508.22,microcredito_rango,0.0
ptgf,15,microcredito_rango,monto10y25smmlv,54600563862.0,monto10y25smmlv,_70_monto_microcr_dito_10smmlv,70,54600563862.0,microcredito_rango,0.0
ptgf,27,microcredito_rango,monto10y25smmlv,3865006820.0,monto10y25smmlv,_70_monto_microcr_dito_10smmlv,70,3865006820.0,microcredito_rango,0.0
ptgf,41,microcredito_rango,monto10y25smmlv,24558771090.29,monto10y25smmlv,_70_monto_microcr_dito_10smmlv,70,22819333534.29,microcredito_rango,0.07082754872403756
ptgf,44,microcredito_rango,monto10y25smmlv,4278092947.0,monto10y25smmlv,_70_monto_microcr_dito_10smmlv,70,4278092947.0,microcredito_rango,0.0
ptgf,50,microcredito_rango,monto10y25smmlv,23850797393.0,monto10y25smmlv,_70_monto_microcr_dito_10smmlv,70,23850797393.0,microcredito_rango,0.0
ptgf,54,microcredito_rango,monto10y25smmlv,19571943577.0,monto10y25smmlv,_70_monto_microcr_dito_10smmlv,70,19571943577.0,microcredito_rango,0.0
ptgf,63,microcredito_rango,monto10y25smmlv,6395416427.52,monto10y25smmlv,_70_monto_microcr_dito_10smmlv,70,6395416427.52,microcredito_rango,0.0
ptgf,68,microcredito_rango,monto10y25smmlv,48360202263.450005,monto10y25smmlv,_70_monto_microcr_dito_10smmlv,70,39992154098.08,microcredito_rango,0.17303583884500132
ptgf,70,microcredito_rango,monto10y25smmlv,9272374818.0,monto10y25smmlv,_70_monto_microcr_dito_10smmlv,70,9272374818.0,microcredito_rango,0.0
ptgf,81,microcredito_rango,monto10y25smmlv,6647134697.0,monto10y25smmlv,_70_monto_microcr_dito_10smmlv,70,6647134697.0,microcredito_rango,0.0
ptgf,88,microcredito_rango,monto10y25smmlv,877958977.0,monto10y25smmlv,_70_monto_microcr_dito_10smmlv,70,877958977.0,microcredito_rango,0.0
ptgf,91,microcredito_rango,monto10y25smmlv,269406718.0,monto10y25smmlv,_70_monto_microcr_dito_10smmlv,70,269406718.0,microcredito_rango,0.0
ptgf,94,microcredito_rango,monto10y25smmlv,338981490.0,monto10y25smmlv,_70_monto_microcr_dito_10smmlv,70,338981490.0,microcredito_rango,0.0
ptgf,08,microcredito_rango,monto1smmlv,511154236.8,monto1smmlv,_60_monto_microcr_dito_hasta,60,398321797.7,microcredito_rango,0.22074049470150067
ptgf,11,microcredito_rango,monto1smmlv,1045622075.21,monto1smmlv,_60_monto_microcr_dito_hasta,60,890383241.61,microcredito_rango,0.14846552811045258
ptgf,17,microcredito_rango,monto1smmlv,275756433.2,monto1smmlv,_60_monto_microcr_dito_hasta,60,275756433.2,microcredito_rango,0.0
ptgf,18,microcredito_rango,monto1smmlv,63246586.85,monto1smmlv,_60_monto_microcr_dito_hasta,60,63246586.85,microcredito_rango,0.0
ptgf,23,microcredito_rango,monto1smmlv,516604339.0,monto1smmlv,_60_monto_microcr_dito_hasta,60,516604339.0,microcredito_rango,0.0
ptgf,47,microcredito_rango,monto1smmlv,818718977.36,monto1smmlv,_60_monto_microcr_dito_hasta,60,818718977.36,microcredito_rango,0.0
ptgf,66,microcredito_rango,monto1smmlv,339151154.4,monto1smmlv,_60_monto_microcr_dito_hasta,60,339151154.4,microcredito_rango,0.0
ptgf,85,microcredito_rango,monto1smmlv,89308886.2,monto1smmlv,_60_monto_microcr_dito_hasta,60,89308886.2,microcredito_rango,0.0
ptgf,52,microcredito_rango,monto1y2smmlv,5486401723.1,monto1y2smmlv,_62_monto_microcr_dito_1smmlv,62,4945744784.0,microcredito_rango,0.09854490545663346
ptgf,76,microcredito_rango,monto1y2smmlv,9605737368.68,monto1y2smmlv,_62_monto_microcr_dito_1smmlv,62,8524670490.28,microcredito_rango,0.11254387215757893
ptgf,95,microcredito_rango,monto1y2smmlv,117675178.0,monto1y2smmlv,_62_monto_microcr_dito_1smmlv,62,117675178.0,microcredito_rango,0.0
ptgf,05,microcredito_rango,monto2y3smmlv,7786432805.37,monto2y3smmlv,_64_monto_microcr_dito_2smmlv,64,7355981377.1,microcredito_rango,0.05528223758293193
ptgf,19,microcredito_rango,monto2y3smmlv,5962135706.0,monto2y3smmlv,_64_monto_microcr_dito_2smmlv,64,5962135706.0,microcredito_rango,0.0
ptgf,20,microcredito_rango,monto2y3smmlv,6575273356.4,monto2y3smmlv,_64_monto_microcr_dito_2smmlv,64,6171211173.0,microcredito_rango,0.06145176960691806
ptgf,25,microcredito_rango,monto2y3smmlv,5905337406.33,monto2y3smmlv,_64_monto_microcr_dito_2smmlv,64,5905337406.33,microcredito_rango,0.0
ptgf,73,microcredito_rango,monto2y3smmlv,5284532539.12,monto2y3smmlv,_64_monto_microcr_dito_2smmlv,64,5284532539.12,microcredito_rango,0.0
ptgf,86,microcredito_rango,monto2y3smmlv,1565309893.0,monto2y3smmlv,_64_monto_microcr_dito_2smmlv,64,1565309893.0,microcredito_rango,0.0
ptgf,97,microcredito_rango,monto2y3smmlv,15802705.0,monto2y3smmlv,_64_monto_microcr_dito_2smmlv,64,15802705.0,microcredito_rango,0.0
ptgf,99,microcredito_rango,monto2y3smmlv,4200000.0,monto2y3smmlv,_64_monto_microcr_dito_2smmlv,64,4200000.0,microcredito_rango,0.0
ptgf,52,microcredito_rango,nro1y2smmlv,4353.0,nro1y2smmlv,_61_nro_microcr_dito_1smmlv,61,3952.0,microcredito_rango,0.09212037675166551
ptgf,76,microcredito_rango,nro1y2smmlv,7335.0,nro1y2smmlv,_61_nro_microcr_dito_1smmlv,61,6536.0,microcredito_rango,0.1089297886843899
ptgf,95,microcredito_rango,nro1y2smmlv,87.0,nro1y2smmlv,_61_nro_microcr_dito_1smmlv,61,87.0,microcredito_rango,0.0
ptgf,05,microcredito_rango,nro2y3smmlv,3522.0,nro2y3smmlv,_63_nro_microcr_dito_2smmlv,63,3330.0,microcredito_rango,0.054514480408858604
ptgf,19,microcredito_rango,nro2y3smmlv,2642.0,nro2y3smmlv,_63_nro_microcr_dito_2smmlv,63,2642.0,microcredito_rango,0.0
ptgf,20,microcredito_rango,nro2y3smmlv,3007.0,nro2y3smmlv,_63_nro_microcr_dito_2smmlv,63,2827.0,microcredito_rango,0.05986032590621882
ptgf,25,microcredito_rango,nro2y3smmlv,2646.0,nro2y3smmlv,_63_nro_microcr_dito_2smmlv,63,2646.0,microcredito_rango,0.0
ptgf,73,microcredito_rango,nro2y3smmlv,2378.0,nro2y3smmlv,_63_nro_microcr_dito_2smmlv,63,2378.0,microcredito_rango,0.0
ptgf,86,microcredito_rango,nro2y3smmlv,701.0,nro2y3smmlv,_63_nro_microcr_dito_2smmlv,63,701.0,microcredito_rango,0.0
ptgf,97,microcredito_rango,nro2y3smmlv,7.0,nro2y3smmlv,_63_nro_microcr_dito_2smmlv,63,7.0,microcredito_rango,0.0
ptgf,99,microcredito_rango,nro2y3smmlv,2.0,nro2y3smmlv,_63_nro_microcr_dito_2smmlv,63,2.0,microcredito_rango,0.0
ptgf,08,microcredito_rango,nro3y4smmlv,1590.0,nro3y4smmlv,_65_nro_microcr_dito_3smmlv,65,1424.0,microcredito_rango,0.10440251572327044
ptgf,11,microcredito_rango,nro3y4smmlv,3508.0,nro3y4smmlv,_65_nro_microcr_dito_3smmlv,65,3263.0,microcredito_rango,0.06984036488027366
ptgf,17,microcredito_rango,nro3y4smmlv,618.0,nro3y4smmlv,_65_nro_microcr_dito_3smmlv,65,618.0,microcredito_rango,0.0
ptgf,18,microcredito_rango,nro3y4smmlv,497.0,nro3y4smmlv,_65_nro_microcr_dito_3smmlv,65,497.0,microcredito_rango,0.0
ptgf,23,microcredito_rango,nro3y4smmlv,1164.0,nro3y4smmlv,_65_nro_microcr_dito_3smmlv,65,1164.0,microcredito_rango,0.0
ptgf,47,microcredito_rango,nro3y4smmlv,1339.0,nro3y4smmlv,_65_nro_microcr_dito_3smmlv,65,1339.0,microcredito_rango,0.0
ptgf,66,microcredito_rango,nro3y4smmlv,704.0,nro3y4smmlv,_65_nro_microcr_dito_3smmlv,65,704.0,microcredito_rango,0.0
ptgf,85,microcredito_rango,nro3y4smmlv,478.0,nro3y4smmlv,_65_nro_microcr_dito_3smmlv,65,478.0,microcredito_rango,0.0
ptgf,18,transacciones_corresponsales_fisicos,montoreti,143666300857.0,montoreti,_14_monto_retiros,14,143666300857.0,transacciones_corresponsales_fisicos,0.0
ptgf,54,transacciones_corresponsales_fisicos,montoreti,994405580458.0,montoreti,_14_monto_retiros,14,994407165458.0,transacciones_corresponsales_fisicos,1.593917040640486e-06
ptgf,70,transacciones_corresponsales_fisicos,montoreti,255298183535.0,montoreti,_14_monto_retiros,14,255284020535.0,transacciones_corresponsales_fisicos,5.547630540841012e-05
ptgf,81,transacciones_corresponsales_fisicos,montoreti,58621088347.0,montoreti,_14_monto_retiros,14,58621888347.0,transacciones_corresponsales_fisicos,1.3646966007599565e-05
ptgf,18,transacciones_corresponsales_fisicos,nropagos,385828.0,nropagos,_11_nro_pagos_corresponsales,11,388703.0,transacciones_corresponsales_fisicos,0.007451506889080108
ptgf,54,transacciones_corresponsales_fisicos,nropagos,1310458.0,nropagos,_11_nro_pagos_corresponsales,11,1328386.0,transacciones_corresponsales_fisicos,0.013680713155248013
ptgf,70,transacciones_corresponsales_fisicos,nropagos,520210.0,nropagos,_11_nro_pagos_corresponsales,11,524494.0,transacciones_corresponsales_fisicos,0.008235135810538053
ptgf,81,transacciones_corresponsales_fisicos,nropagos,150760.0,nropagos,_11_nro_pagos_corresponsales,11,152800.0,transacciones_corresponsales_fisicos,0.013531440700451048
ptgf,18,transacciones_corresponsales_fisicos,nrotrnsfer,12848.0,nrotrnsfer,_15_nro_transferencias,15,12848.0,transacciones_corresponsales_fisicos,0.0
ptgf,54,transacciones_corresponsales_fisicos,nrotrnsfer,67674.0,nrotrnsfer,_15_nro_transferencias,15,67674.0,transacciones_corresponsales_fisicos,0.0
ptgf,70,transacciones_corresponsales_fisicos,nrotrnsfer,18227.0,nrotrnsfer,_15_nro_transferencias,15,18227.0,transacciones_corresponsales_fisicos,0.0
ptgf,81,transacciones_corresponsales_fisicos,nrotrnsfer,6595.0,nrotrnsfer,_15_nro_transferencias,15,6595.0,transacciones_corresponsales_fisicos,0.0
ptgf,15,corresponsales_fisicos,nrocorresponsales,8534.0,nrocorresponsales,_4_nro_corresponsales_f_sicos,4,8813.0,corresponsales_fisicos,0.032692758378251696
ptgf,17,corresponsales_fisicos,nrocorresponsales,3406.0,nrocorresponsales,_4_nro_corresponsales_f_sicos,4,3545.0,corresponsales_fisicos,0.04081033470346448
ptgf,20,corresponsales_fisicos,nrocorresponsales,4721.0,nrocorresponsales,_4_nro_corresponsales_f_sicos,4,4838.0,corresponsales_fisicos,0.02478288498199534
ptgf,63,corresponsales_fisicos,nrocorresponsales,2128.0,nrocorresponsales,_4_nro_corresponsales_f_sicos,4,2207.0,corresponsales_fisicos,0.03712406015037594
ptgf,70,corresponsales_fisicos,nrocorresponsales,3454.0,nrocorresponsales,_4_nro_corresponsales_f_sicos,4,3527.0,corresponsales_fisicos,0.02113491603937464
ptgf,76,corresponsales_fisicos,nrocorresponsales,24649.0,nrocorresponsales,_4_nro_corresponsales_f_sicos,4,25351.0,corresponsales_fisicos,0.028479857195018055
ptgf,88,corresponsales_fisicos,nrocorresponsales,355.0,nrocorresponsales,_4_nro_corresponsales_f_sicos,4,375.0,corresponsales_fisicos,0.056338028169014086
ptgf,11,credito_consumo,totalnrocdc,19272891.0,totalnrocdc,_45_nro_cr_dito_consumo,45,19282985.0,credito_consumo,0.0005237408336922571
ptgf,27,credito_consumo,totalnrocdc,5473.0,totalnrocdc,_45_nro_cr_dito_consumo,45,5473.0,credito_consumo,0.0
ptgf,54,credito_consumo,totalnrocdc,198413.0,totalnrocdc,_45_nro_cr_dito_consumo,45,199504.0,credito_consumo,0.005498631642079904
ptgf,88,credito_consumo,totalnrocdc,35282.0,totalnrocdc,_45_nro_cr_dito_consumo,45,35282.0,credito_consumo,0.0
ptgf,94,credito_consumo,totalnrocdc,341.0,totalnrocdc,_45_nro_cr_dito_consumo,45,341.0,credito_consumo,0.0
ptgf,95,credito_consumo,totalnrocdc,1708.0,totalnrocdc,_45_nro_cr_dito_consumo,45,1708.0,credito_consumo,0.0
ptgf,05,credito_consumo_bajo_monto,generomontomcdcbm,16066768645.0,generomontomcdcbm,_48_monto_cred_cons_bajo,48,16066768645.0,credito_consumo_bajo_monto,0.0
ptgf,11,credito_consumo_bajo_monto,generomontomcdcbm,350000.0,generomontomcdcbm,_48_monto_cred_cons_bajo,48,350000.0,credito_consumo_bajo_monto,0.0
ptgf,66,credito_vivienda,generomontohcdv,73725874723.38,generomontohcdv,_56_monto_cr_dito_vivienda,56,76938403460.38,credito_vivienda,0.043573965708151044
ptgf,20,credito_vivienda,generomontohcdv,45005658877.409996,generomontohcdv,_56_monto_cr_dito_vivienda,56,45085658877.41,credito_vivienda,0.0017775542452987526
ptgf,23,credito_vivienda,generomontohcdv,26074896965.55,generomontohcdv,_56_monto_cr_dito_vivienda,56,28614630859.55,credito_vivienda,0.0974014929898086
ptgf,27,credito_vivienda,generomontohcdv,1025944742.14,generomontohcdv,_56_monto_cr_dito_vivienda,56,1025944742.14,credito_vivienda,0.0
ptgf,44,credito_vivienda,generomontohcdv,7289638079.83,generomontohcdv,_56_monto_cr_dito_vivienda,56,7289638079.83,credito_vivienda,0.0
ptgf,52,credito_vivienda,generomontohcdv,40576770661.75,generomontohcdv,_56_monto_cr_dito_vivienda,56,40576770661.75,credito_vivienda,0.0
ptgf,73,credito_vivienda,generomontohcdv,81484282099.34,generomontohcdv,_56_monto_cr_dito_vivienda,56,82346248466.33,credito_vivienda,0.010578314550763983
ptgf,86,credito_vivienda,generomontohcdv,2278303147.0,generomontohcdv,_56_monto_cr_dito_vivienda,56,2278303147.0,credito_vivienda,0.0
ptgf,88,credito_vivienda,generomontohcdv,2857697968.0,generomontohcdv,_56_monto_cr_dito_vivienda,56,2857697968.0,credito_vivienda,0.0
ptgf,05,credito_vivienda,generomontomcdv,434892242514.94,generomontomcdv,_54_monto_cr_dito_vivienda,54,456276612075.6,credito_vivienda,0.04917165097495467
ptgf,11,credito_vivienda,generomontomcdv,1113908792510.85,generomontomcdv,_54_monto_cr_dito_vivienda,54,1193843451663.21,credito_vivienda,0.0717605065062643
ptgf,54,credito_vivienda,generomontomcdv,39817851114.8,generomontomcdv,_54_monto_cr_dito_vivienda,54,39817851114.8,credito_vivienda,0.0
ptgf,95,credito_vivienda,generomontomcdv,730222392.0,generomontomcdv,_54_monto_cr_dito_vivienda,54,730222392.0,credito_vivienda,0.0
ptgf,05,cuentas_ahorro,nro3y5smmlv,191661.0,nro3y5smmlv,_23_nro_ctas_ahorr_3smmlv,23,194129.0,cuentas_ahorro,0.012876902447550622
ptgf,13,cuentas_ahorro,nro3y5smmlv,25250.0,nro3y5smmlv,_23_nro_ctas_ahorr_3smmlv,23,25214.0,cuentas_ahorro,0.0014257425742574257
ptgf,15,cuentas_ahorro,nro3y5smmlv,28410.0,nro3y5smmlv,_23_nro_ctas_ahorr_3smmlv,23,28368.0,cuentas_ahorro,0.0014783526927138332
ptgf,18,cuentas_ahorro,nro3y5smmlv,4778.0,nro3y5smmlv,_23_nro_ctas_ahorr_3smmlv,23,4766.0,cuentas_ahorro,0.0025115110925073253
ptgf,19,cuentas_ahorro,nro3y5smmlv,15557.0,nro3y5smmlv,_23_nro_ctas_ahorr_3smmlv,23,15496.0,cuentas_ahorro,0.0039210644725846885
ptgf,23,cuentas_ahorro,nro3y5smmlv,13959.0,nro3y5smmlv,_23_nro_ctas_ahorr_3smmlv,23,13942.0,cuentas_ahorro,0.001217852281682069
ptgf,44,cuentas_ahorro,nro3y5smmlv,5661.0,nro3y5smmlv,_23_nro_ctas_ahorr_3smmlv,23,5663.0,cuentas_ahorro,0.0003532944709415298
ptgf,66,cuentas_ahorro,nro3y5smmlv,26194.0,nro3y5smmlv,_23_nro_ctas_ahorr_3smmlv,23,26212.0,cuentas_ahorro,0.0006871802702909063
ptgf,68,cuentas_ahorro,nro3y5smmlv,51946.0,nro3y5smmlv,_23_nro_ctas_ahorr_3smmlv,23,51882.0,cuentas_ahorro,0.001232048665922304
ptgf,85,cuentas_ahorro,nro3y5smmlv,8599.0,nro3y5smmlv,_23_nro_ctas_ahorr_3smmlv,23,8603.0,cuentas_ahorro,0.00046517036864751713
ptgf,25,cuentas_ahorro,nroactivasca,1325332.0,nroactivasca,_25_nro_ctas_ahorro_activas,25,1324906.0,cuentas_ahorro,0.0003214288947976809
ptgf,47,cuentas_ahorro,nroactivasca,416976.0,nroactivasca,_25_nro_ctas_ahorro_activas,25,416472.0,cuentas_ahorro,0.0012087026591458502
ptgf,54,cuentas_ahorro,nroactivasca,572836.0,nroactivasca,_25_nro_ctas_ahorro_activas,25,572188.0,cuentas_ahorro,0.0011312138203604521
ptgf,81,cuentas_ahorro,nroactivasca,104642.0,nroactivasca,_25_nro_ctas_ahorro_activas,25,104642.0,cuentas_ahorro,0.0
ptgf,88,cuentas_ahorro,nroactivasca,49987.0,nroactivasca,_25_nro_ctas_ahorro_activas,25,49987.0,cuentas_ahorro,0.0
ptgf,25,cuentas_ahorro,totalsaldoca,5844291258067.78,totalsaldoca,_32_saldo_ctas_ahorro,32,5844292670514.83,cuentas_ahorro,2.416797841577228e-07
ptgf,47,cuentas_ahorro,totalsaldoca,1744139477430.9802,totalsaldoca,_32_saldo_ctas_ahorro,32,1744152699242.0303,cuentas_ahorro,7.580707403930685e-06
ptgf,54,cuentas_ahorro,totalsaldoca,3182705948865.4395,totalsaldoca,_32_saldo_ctas_ahorro,32,3182705473667.6196,cuentas_ahorro,1.4930622792646482e-07
ptgf,81,cuentas_ahorro,totalsaldoca,453473514898.99,totalsaldoca,_32_saldo_ctas_ahorro,32,453473505642.03,cuentas_ahorro,2.0413452289489197e-08
ptgf,88,cuentas_ahorro,totalsaldoca,458981633062.19,totalsaldoca,_32_saldo_ctas_ahorro,32,458981595055.35,cuentas_ahorro,8.280688657035152e-08
ptgf,18,cuentas_ahorro_electronicas,generonrohche,14206.0,generonrohche,,37,,,
ptgf,25,cuentas_ahorro_electronicas,generonrohche,13810.0,generonrohche,,37,,,
ptgf,27,cuentas_ahorro_electronicas,generonrohche,9419.0,generonrohche,,37,,,
ptgf,54,cuentas_ahorro_electronicas,generonrohche,22153.0,generonrohche,,37,,,
ptgf,73,cuentas_ahorro_electronicas,generonrohche,18400.0,generonrohche,,37,,,
ptgf,76,cuentas_ahorro_electronicas,generonrohche,35841.0,generonrohche,,37,,,
ptgf,91,cuentas_ahorro_electronicas,generonrohche,727.0,generonrohche,,37,,,
ptgf,18,cuentas_ahorro_electronicas,generonromche,64215.0,generonromche,,35,,,
ptgf,25,cuentas_ahorro_electronicas,generonromche,113519.0,generonromche,,35,,,
ptgf,27,cuentas_ahorro_electronicas,generonromche,52365.0,generonromche,,35,,,
ptgf,54,cuentas_ahorro_electronicas,generonromche,132260.0,generonromche,,35,,,
ptgf,73,cuentas_ahorro_electronicas,generonromche,124244.0,generonromche,,35,,,
ptgf,76,cuentas_ahorro_electronicas,generonromche,226038.0,generonromche,,35,,,
ptgf,91,cuentas_ahorro_electronicas,generonromche,5560.0,generonromche,,35,,,
ptgf,11,cuentas_ahorro_electronicas,generosaldohche,2349343483.0,generosaldohche,,38,,,
ptgf,13,cuentas_ahorro_electronicas,generosaldohche,951434653.0,generosaldohche,,38,,,
ptgf,15,cuentas_ahorro_electronicas,generosaldohche,519559378.0,generosaldohche,,38,,,
ptgf,17,cuentas_ahorro_electronicas,generosaldohche,339872229.0,generosaldohche,,38,,,
ptgf,47,cuentas_ahorro_electronicas,generosaldohche,1101354943.0,generosaldohche,,38,,,
ptgf,50,cuentas_ahorro_electronicas,generosaldohche,659985041.0,generosaldohche,,38,,,
ptgf,68,cuentas_ahorro_electronicas,generosaldohche,1049657965.23,generosaldohche,,38,,,
ptgf,81,cuentas_ahorro_electronicas,generosaldohche,257872675.0,generosaldohche,,38,,,
ptgf,86,cuentas_ahorro_electronicas,generosaldohche,292084179.0,generosaldohche,,38,,,
ptgf,95,cuentas_ahorro_electronicas,generosaldohche,118974656.0,generosaldohche,,38,,,
ptgf,97,cuentas_ahorro_electronicas,generosaldohche,11162152.0,generosaldohche,,38,,,
ptgf,99,cuentas_ahorro_electronicas,generosaldohche,27395637.0,generosaldohche,,38,,,
ptgf,19,cuentas_ahorro_electronicas,generosaldomche,5471048207.0,generosaldomche,,36,,,
ptgf,20,cuentas_ahorro_electronicas,generosaldomche,3397611989.0,generosaldomche,,36,,,
ptgf,41,cuentas_ahorro_electronicas,generosaldomche,2359412806.0,generosaldomche,,36,,,
ptgf,44,cuentas_ahorro_electronicas,generosaldomche,1657239338.0,generosaldomche,,36,,,
ptgf,63,cuentas_ahorro_electronicas,generosaldomche,1512382052.0,generosaldomche,,36,,,
ptgf,66,cuentas_ahorro_electronicas,generosaldomche,1630321876.0,generosaldomche,,36,,,
ptgf,88,cuentas_ahorro_electronicas,generosaldomche,199562406.0,generosaldomche,,36,,,
ptgf,08,microcredito_rango,nro4y10smmlv,3646.0,nro4y10smmlv,_67_nro_microcr_dito_4smmlv,67,3175.0,microcredito_rango,0.12918266593527153
ptgf,11,microcredito_rango,nro4y10smmlv,11098.0,nro4y10smmlv,_67_nro_microcr_dito_4smmlv,67,10096.0,microcredito_rango,0.09028653811497567
ptgf,17,microcredito_rango,nro4y10smmlv,1866.0,nro4y10smmlv,_67_nro_microcr_dito_4smmlv,67,1866.0,microcredito_rango,0.0
ptgf,18,microcredito_rango,nro4y10smmlv,1243.0,nro4y10smmlv,_67_nro_microcr_dito_4smmlv,67,1243.0,microcredito_rango,0.0
ptgf,23,microcredito_rango,nro4y10smmlv,2408.0,nro4y10smmlv,_67_nro_microcr_dito_4smmlv,67,2408.0,microcredito_rango,0.0
ptgf,47,microcredito_rango,nro4y10smmlv,2574.0,nro4y10smmlv,_67_nro_microcr_dito_4smmlv,67,2574.0,microcredito_rango,0.0
ptgf,66,microcredito_rango,nro4y10smmlv,1831.0,nro4y10smmlv,_67_nro_microcr_dito_4smmlv,67,1831.0,microcredito_rango,0.0
ptgf,85,microcredito_rango,nro4y10smmlv,1205.0,nro4y10smmlv,_67_nro_microcr_dito_4smmlv,67,1205.0,microcredito_rango,0.0
ptgf,20,transacciones_corresponsales_fisicos,montodepositos,362765551130.0,montodepositos,_6_monto_dep_sitos,6,362351602884.0,transacciones_corresponsales_fisicos,0.001141090284649598
ptgf,27,transacciones_corresponsales_fisicos,montodepositos,231670956504.0,montodepositos,_6_monto_dep_sitos,6,231683511004.0,transacciones_corresponsales_fisicos,5.419108285929331e-05
ptgf,44,transacciones_corresponsales_fisicos,montodepositos,204935329976.0,montodepositos,_6_monto_dep_sitos,6,205045804576.0,transacciones_corresponsales_fisicos,0.0005390705449028124
ptgf,68,transacciones_corresponsales_fisicos,montodepositos,883966791176.0,montodepositos,_6_monto_dep_sitos,6,884652686704.0,transacciones_corresponsales_fisicos,0.0007759290675247057
ptgf,73,transacciones_corresponsales_fisicos,montodepositos,392154267420.0,montodepositos,_6_monto_dep_sitos,6,392580264092.0,transacciones_corresponsales_fisicos,0.001086298702810633
ptgf,76,transacciones_corresponsales_fisicos,montodepositos,1497017240699.0,montodepositos,_6_monto_dep_sitos,6,1498442204949.0,transacciones_corresponsales_fisicos,0.0009518689640038104
ptgf,91,transacciones_corresponsales_fisicos,montodepositos,16224429589.0,montodepositos,_6_monto_dep_sitos,6,16227241789.0,transacciones_corresponsales_fisicos,0.00017333120924674253
ptgf,18,transacciones_corresponsales_fisicos,nrodepositos,333460.0,nrodepositos,_5_nro_dep_sitos,5,333485.0,transacciones_corresponsales_fisicos,7.497151082588616e-05
ptgf,54,transacciones_corresponsales_fisicos,nrodepositos,1185821.0,nrodepositos,_5_nro_dep_sitos,5,1186745.0,transacciones_corresponsales_fisicos,0.0007792069798055524
ptgf,70,transacciones_corresponsales_fisicos,nrodepositos,430023.0,nrodepositos,_5_nro_dep_sitos,5,430085.0,transacciones_corresponsales_fisicos,0.00014417833464721655
ptgf,81,transacciones_corresponsales_fisicos,nrodepositos,186047.0,nrodepositos,_5_nro_dep_sitos,5,186095.0,transacciones_corresponsales_fisicos,0.0002579993227517778
ptgf,20,transacciones_corresponsales_fisicos,nrogirosreci,85090.0,nrogirosreci,_9_nro_giros_recibidos,9,85087.0,transacciones_corresponsales_fisicos,3.525678693148431e-05
ptgf,27,transacciones_corresponsales_fisicos,nrogirosreci,8523.0,nrogirosreci,_9_nro_giros_recibidos,9,8523.0,transacciones_corresponsales_fisicos,0.0
ptgf,44,transacciones_corresponsales_fisicos,nrogirosreci,50402.0,nrogirosreci,_9_nro_giros_recibidos,9,50402.0,transacciones_corresponsales_fisicos,0.0
ptgf,68,transacciones_corresponsales_fisicos,nrogirosreci,73271.0,nrogirosreci,_9_nro_giros_recibidos,9,73271.0,transacciones_corresponsales_fisicos,0.0
ptgf,73,transacciones_corresponsales_fisicos,nrogirosreci,7367.0,nrogirosreci,_9_nro_giros_recibidos,9,7367.0,transacciones_corresponsales_fisicos,0.0
ptgf,76,transacciones_corresponsales_fisicos,nrogirosreci,21891.0,nrogirosreci,_9_nro_giros_recibidos,9,21891.0,transacciones_corresponsales_fisicos,0.0
ptgf,91,transacciones_corresponsales_fisicos,nrogirosreci,112.0,nrogirosreci,_9_nro_giros_recibidos,9,112.0,transacciones_corresponsales_fisicos,0.0
ptgf,11,transacciones_corresponsales_fisicos,totalmontocorr,6916172158063.151,totalmontocorr,_18_monto_transacciones,18,6998672993835.172,transacciones_corresponsales_fisicos,0.01192868452180412
ptgf,15,transacciones_corresponsales_fisicos,totalmontocorr,1783763397546.49,totalmontocorr,_18_monto_transacciones,18,1789885410752.89,transacciones_corresponsales_fisicos,0.003432076930617893
ptgf,17,transacciones_corresponsales_fisicos,totalmontocorr,1081109569248.78,totalmontocorr,_18_monto_transacciones,18,1087018815378.78,transacciones_corresponsales_fisicos,0.005465908635057314
ptgf,23,transacciones_corresponsales_fisicos,totalmontocorr,1458652549603.9102,totalmontocorr,_18_monto_transacciones,18,1451964585088.6,transacciones_corresponsales_fisicos,0.004585029188154603
ptgf,47,transacciones_corresponsales_fisicos,totalmontocorr,1000526217595.2399,totalmontocorr,_18_monto_transacciones,18,1002995801566.2399,transacciones_corresponsales_fisicos,0.0024682851159419225
ptgf,52,transacciones_corresponsales_fisicos,totalmontocorr,1225529469321.0999,totalmontocorr,_18_monto_transacciones,18,1227249708917.0999,transacciones_corresponsales_fisicos,0.001403670526954323
ptgf,63,transacciones_corresponsales_fisicos,totalmontocorr,661320894800.62,totalmontocorr,_18_monto_transacciones,18,663712481253.62,transacciones_corresponsales_fisicos,0.003616378178586106
ptgf,86,transacciones_corresponsales_fisicos,totalmontocorr,360506163856.82996,totalmontocorr,_18_monto_transacciones,18,360651385378.82996,transacciones_corresponsales_fisicos,0.00040282673795744787
ptgf,94,transacciones_corresponsales_fisicos,totalmontocorr,24656297824.99,totalmontocorr,_18_monto_transacciones,18,24684445738.99,transacciones_corresponsales_fisicos,0.0011416115346997116
ptgf,95,transacciones_corresponsales_fisicos,totalmontocorr,118941128638.51999,totalmontocorr,_18_monto_transacciones,18,119441760099.51999,transacciones_corresponsales_fisicos,0.004209069366757856
ptgf,08,corresponsales_fisicos,correstercerizados,10322.0,correstercerizados,_2_nro_corresponsales_f_sicos,2,10658.0,corresponsales_fisicos,0.032551831040496026
ptgf,13,corresponsales_fisicos,correstercerizados,7692.0,correstercerizados,_2_nro_corresponsales_f_sicos,2,7898.0,corresponsales_fisicos,0.026781071242849713
ptgf,18,corresponsales_fisicos,correstercerizados,2266.0,correstercerizados,_2_nro_corresponsales_f_sicos,2,2357.0,corresponsales_fisicos,0.040158870255957636
ptgf,41,corresponsales_fisicos,correstercerizados,5542.0,correstercerizados,_2_nro_corresponsales_f_sicos,2,5887.0,corresponsales_fisicos,0.062251894622879826
ptgf,68,corresponsales_fisicos,correstercerizados,13958.0,correstercerizados,_2_nro_corresponsales_f_sicos,2,14424.0,corresponsales_fisicos,0.03338587190141854
ptgf,86,corresponsales_fisicos,correstercerizados,1072.0,correstercerizados,_2_nro_corresponsales_f_sicos,2,1128.0,corresponsales_fisicos,0.05223880597014925
ptgf,94,corresponsales_fisicos,correstercerizados,102.0,correstercerizados,_2_nro_corresponsales_f_sicos,2,103.0,corresponsales_fisicos,0.00980392156862745
ptgf,19,credito_consumo,generonromcdc,44452.0,generonromcdc,_41_nro_cr_dito_consumo,41,44564.0,credito_consumo,0.0025195716728156213
ptgf,47,credito_consumo,generonromcdc,210092.0,generonromcdc,_41_nro_cr_dito_consumo,41,210256.0,credito_consumo,0.0007806103992536603
ptgf,68,credito_consumo,generonromcdc,231826.0,generonromcdc,_41_nro_cr_dito_consumo,41,231885.0,credito_consumo,0.00025450122074314357
ptgf,70,credito_consumo,generonromcdc,60083.0,generonromcdc,_41_nro_cr_dito_consumo,41,60108.0,credito_consumo,0.00041609107401428027
ptgf,81,credito_consumo,generonromcdc,13737.0,generonromcdc,_41_nro_cr_dito_consumo,41,13737.0,credito_consumo,0.0
ptgf,91,credito_consumo,generonromcdc,602.0,generonromcdc,_41_nro_cr_dito_consumo,41,602.0,credito_consumo,0.0
ptgf,97,credito_consumo,generonromcdc,38.0,generonromcdc,_41_nro_cr_dito_consumo,41,38.0,credito_consumo,0.0
ptgf,99,credito_consumo,generonromcdc,206.0,generonromcdc,_41_nro_cr_dito_consumo,41,206.0,credito_consumo,0.0
ptgf,13,credito_consumo,totalmontocdc,650094771172.4899,totalmontocdc,_46_monto_cr_dito_consumo,46,657040151134.49,credito_consumo,0.010683642247227523
ptgf,15,credito_consumo,totalmontocdc,460652798619.77997,totalmontocdc,_46_monto_cr_dito_consumo,46,464097941173.43,credito_consumo,0.007478826925555323
ptgf,18,credito_consumo,totalmontocdc,198521127431.77997,totalmontocdc,_46_monto_cr_dito_consumo,46,198521127430.78,credito_consumo,5.0370935091808084e-12
ptgf,20,credito_consumo,totalmontocdc,387332666185.43005,totalmontocdc,_46_monto_cr_dito_consumo,46,334737160142.82996,credito_consumo,0.13578897581909793
ptgf,23,credito_consumo,totalmontocdc,443574297923.94006,totalmontocdc,_46_monto_cr_dito_consumo,46,447319949817.81,credito_consumo,0.008444249162768676
ptgf,25,credito_consumo,totalmontocdc,672007780442.25,totalmontocdc,_46_monto_cr_dito_consumo,46,678923229211.65,credito_consumo,0.010290727236593824
ptgf,41,credito_consumo,totalmontocdc,484291741116.11993,totalmontocdc,_46_monto_cr_dito_consumo,46,489938765359.76,credito_consumo,0.011660376926159625
ptgf,52,credito_consumo,totalmontocdc,433412880866.48,totalmontocdc,_46_monto_cr_dito_consumo,46,436488525424.86,credito_consumo,0.007096338604960632
ptgf,63,credito_consumo,totalmontocdc,346592338423.83,totalmontocdc,_46_monto_cr_dito_consumo,46,349597084173.66,credito_consumo,0.008669394607781567
ptgf,73,credito_consumo,totalmontocdc,595044934603.54,totalmontocdc,_46_monto_cr_dito_consumo,46,602093856619.64,credito_consumo,0.01184603314167602
ptgf,86,credito_consumo,totalmontocdc,59161624422.63,totalmontocdc,_46_monto_cr_dito_consumo,46,59161624422.63,credito_consumo,0.0
ptgf,25,cuentas_ahorro,generosaldomca,1483520319743.36,generosaldomca,_28_saldo_ctas_ahorro_mujeres,28,1483537735723.97,cuentas_ahorro,1.1739630646162056e-05
ptgf,47,cuentas_ahorro,generosaldomca,427120684747.8301,generosaldomca,_28_saldo_ctas_ahorro_mujeres,28,427124112718.5201,cuentas_ahorro,8.025766047894164e-06
ptgf,54,cuentas_ahorro,generosaldomca,736878259450.8901,generosaldomca,_28_saldo_ctas_ahorro_mujeres,28,736878259451.03,cuentas_ahorro,1.8984489816438025e-13
ptgf,81,cuentas_ahorro,generosaldomca,101625359405.84,generosaldomca,_28_saldo_ctas_ahorro_mujeres,28,101625551607.84,cuentas_ahorro,1.8912799041865424e-06
ptgf,88,cuentas_ahorro,generosaldomca,76086647054.81,generosaldomca,_28_saldo_ctas_ahorro_mujeres,28,76087499190.81,cuentas_ahorro,1.1199547265976288e-05
ptgf,25,cuentas_ahorro,nro1smmlvca,2830547.0,nro1smmlvca,_19_nro_ctas_ahorro_hasta,19,2830794.0,cuentas_ahorro,8.726228534625993e-05
ptgf,47,cuentas_ahorro,nro1smmlvca,896591.0,nro1smmlvca,_19_nro_ctas_ahorro_hasta,19,896707.0,cuentas_ahorro,0.0001293789475914882
ptgf,54,cuentas_ahorro,nro1smmlvca,1244865.0,nro1smmlvca,_19_nro_ctas_ahorro_hasta,19,1245123.0,cuentas_ahorro,0.00020725138870479932
ptgf,81,cuentas_ahorro,nro1smmlvca,229133.0,nro1smmlvca,_19_nro_ctas_ahorro_hasta,19,229208.0,cuentas_ahorro,0.0003273208136759
ptgf,88,cuentas_ahorro,nro1smmlvca,118842.0,nro1smmlvca,_19_nro_ctas_ahorro_hasta,19,118864.0,cuentas_ahorro,0.0001851197388128776
ptgf,25,cuentas_ahorro,nro1y3smmlv,161363.0,nro1y3smmlv,_21_nro_ctas_ahorro_1smmlv,21,161006.0,cuentas_ahorro,0.0022124030911671202
ptgf,47,cuentas_ahorro,nro1y3smmlv,39080.0,nro1y3smmlv,_21_nro_ctas_ahorro_1smmlv,21,39004.0,cuentas_ahorro,0.0019447287615148414
ptgf,54,cuentas_ahorro,nro1y3smmlv,67226.0,nro1y3smmlv,_21_nro_ctas_ahorro_1smmlv,21,67107.0,cuentas_ahorro,0.0017701484544670218
ptgf,81,cuentas_ahorro,nro1y3smmlv,10478.0,nro1y3smmlv,_21_nro_ctas_ahorro_1smmlv,21,10445.0,cuentas_ahorro,0.003149456003054018
ptgf,88,cuentas_ahorro,nro1y3smmlv,6136.0,nro1y3smmlv,_21_nro_ctas_ahorro_1smmlv,21,6125.0,cuentas_ahorro,0.0017926988265971316
ptgf,18,cuentas_ahorro_electronicas,nroactivasche,639.0,nroactivasche,,33,,,
ptgf,25,cuentas_ahorro_electronicas,nroactivasche,550.0,nroactivasche,,33,,,
ptgf,27,cuentas_ahorro_electronicas,nroactivasche,221.0,nroactivasche,,33,,,
ptgf,54,cuentas_ahorro_electronicas,nroactivasche,924.0,nroactivasche,,33,,,
ptgf,73,cuentas_ahorro_electronicas,nroactivasche,347.0,nroactivasche,,33,,,
ptgf,76,cuentas_ahorro_electronicas,nroactivasche,371.0,nroactivasche,,33,,,
ptgf,91,cuentas_ahorro_electronicas,nroactivasche,48.0,nroactivasche,,33,,,
ptgf,11,cuentas_ahorro_electronicas,saldoactivasche,23220397.0,saldoactivasche,,34,,,
ptgf,13,cuentas_ahorro_electronicas,saldoactivasche,74970478.0,saldoactivasche,,34,,,
ptgf,15,cuentas_ahorro_electronicas,saldoactivasche,44441776.0,saldoactivasche,,34,,,
ptgf,17,cuentas_ahorro_electronicas,saldoactivasche,23527301.0,saldoactivasche,,34,,,
ptgf,47,cuentas_ahorro_electronicas,saldoactivasche,7774903.0,saldoactivasche,,34,,,
ptgf,50,cuentas_ahorro_electronicas,saldoactivasche,102695467.0,saldoactivasche,,34,,,
ptgf,68,cuentas_ahorro_electronicas,saldoactivasche,43431257.23,saldoactivasche,,34,,,
ptgf,81,cuentas_ahorro_electronicas,saldoactivasche,3767197.0,saldoactivasche,,34,,,
ptgf,86,cuentas_ahorro_electronicas,saldoactivasche,30828744.0,saldoactivasche,,34,,,
ptgf,95,cuentas_ahorro_electronicas,saldoactivasche,9813927.0,saldoactivasche,,34,,,
ptgf,97,cuentas_ahorro_electronicas,saldoactivasche,141999.0,saldoactivasche,,34,,,
ptgf,99,cuentas_ahorro_electronicas,saldoactivasche,428534.0,saldoactivasche,,34,,,
ptgf,19,cuentas_ahorro_electronicas,totalnroche,182348.0,totalnroche,,39,,,
ptgf,20,cuentas_ahorro_electronicas,totalnroche,155389.0,totalnroche,,39,,,
ptgf,41,cuentas_ahorro_electronicas,totalnroche,140819.0,totalnroche,,39,,,
ptgf,44,cuentas_ahorro_electronicas,totalnroche,83461.0,totalnroche,,39,,,
ptgf,63,cuentas_ahorro_electronicas,totalnroche,39284.0,totalnroche,,39,,,
ptgf,66,cuentas_ahorro_electronicas,totalnroche,66567.0,totalnroche,,39,,,
ptgf,88,cuentas_ahorro_electronicas,totalnroche,4399.0,totalnroche,,39,,,
ptgf,11,cuentas_ahorro_electronicas,totalsaldoche,13341782339.0,totalsaldoche,,40,,,
ptgf,13,cuentas_ahorro_electronicas,totalsaldoche,4944994219.0,totalsaldoche,,40,,,
ptgf,15,cuentas_ahorro_electronicas,totalsaldoche,4063233481.0,totalsaldoche,,40,,,
ptgf,17,cuentas_ahorro_electronicas,totalsaldoche,2216027916.0,totalsaldoche,,40,,,
ptgf,47,cuentas_ahorro_electronicas,totalsaldoche,4636321146.0,totalsaldoche,,40,,,
ptgf,50,cuentas_ahorro_electronicas,totalsaldoche,3655570077.0,totalsaldoche,,40,,,
ptgf,68,cuentas_ahorro_electronicas,totalsaldoche,5905872942.23,totalsaldoche,,40,,,
ptgf,81,cuentas_ahorro_electronicas,totalsaldoche,1275105352.0,totalsaldoche,,40,,,
ptgf,86,cuentas_ahorro_electronicas,totalsaldoche,2237900534.0,totalsaldoche,,40,,,
ptgf,95,cuentas_ahorro_electronicas,totalsaldoche,717049498.0,totalsaldoche,,40,,,
ptgf,97,cuentas_ahorro_electronicas,totalsaldoche,61722112.0,totalsaldoche,,40,,,
ptgf,99,cuentas_ahorro_electronicas,totalsaldoche,176618384.0,totalsaldoche,,40,,,
ptgf,05,microcredito,generomontohmicro,113077717129.67001,generomontohmicro,_74_monto_microcr_dito_hombres,74,109217316620.57,microcredito,0.03413935660438878
ptgf,20,microcredito,generomontohmicro,20925087177.48,generomontohmicro,_74_monto_microcr_dito_hombres,74,17720444654.18,microcredito,0.1531483475370607
ptgf,27,microcredito,generomontohmicro,4449768308.0,generomontohmicro,_74_monto_microcr_dito_hombres,74,4449768308.0,microcredito,0.0
ptgf,41,microcredito,generomontohmicro,40381689198.03,generomontohmicro,_74_monto_microcr_dito_hombres,74,37255778961.21,microcredito,0.07740910048340661
ptgf,63,microcredito,generomontohmicro,9425374583.54,generomontohmicro,_74_monto_microcr_dito_hombres,74,9425374583.54,microcredito,0.0
ptgf,94,microcredito,generomontohmicro,336202530.0,generomontohmicro,_74_monto_microcr_dito_hombres,74,336202530.0,microcredito,0.0
ptgf,05,microcredito,generomontommicro,91554959396.77,generomontommicro,_72_monto_microcr_dito_mujeres,72,87366551015.7,microcredito,0.04574747680154366
ptgf,20,microcredito,generomontommicro,42372927113.0,generomontommicro,_72_monto_microcr_dito_mujeres,72,38081654684.8,microcredito,0.10127391994317607
ptgf,27,microcredito,generomontommicro,5364862606.0,generomontommicro,_72_monto_microcr_dito_mujeres,72,5364862606.0,microcredito,0.0
ptgf,41,microcredito,generomontommicro,39728857210.03999,generomontommicro,_72_monto_microcr_dito_mujeres,72,34809268634.990005,microcredito,0.12382909855777942
ptgf,63,microcredito,generomontommicro,12391450601.12,generomontommicro,_72_monto_microcr_dito_mujeres,72,12391450601.12,microcredito,0.0
ptgf,94,microcredito,generomontommicro,752273712.0,generomontommicro,_72_monto_microcr_dito_mujeres,72,752273712.0,microcredito,0.0
ptgf,23,microcredito,generonrohmicro,4907.0,generonrohmicro,_73_nro_microcr_dito_hombres,73,4907.0,microcredito,0.0
ptgf,25,microcredito,generonrohmicro,8667.0,generonrohmicro,_73_nro_microcr_dito_hombres,73,8667.0,microcredito,0.0
ptgf,44,microcredito,generonrohmicro,1522.0,generonrohmicro,_73_nro_microcr_dito_hombres,73,1522.0,microcredito,0.0
ptgf,47,microcredito,generonrohmicro,2792.0,generonrohmicro,_73_nro_microcr_dito_hombres,73,2792.0,microcredito,0.0
ptgf,66,microcredito,generonrohmicro,3009.0,generonrohmicro,_73_nro_microcr_dito_hombres,73,3009.0,microcredito,0.0
ptgf,68,microcredito,generonrohmicro,8954.0,generonrohmicro,_73_nro_microcr_dito_hombres,73,6532.0,microcredito,0.2704936341299978
ptgf,70,microcredito,generonrohmicro,2993.0,generonrohmicro,_73_nro_microcr_dito_hombres,73,2993.0,microcredito,0.0
ptgf,76,microcredito,generonrohmicro,15544.0,generonrohmicro,_73_nro_microcr_dito_hombres,73,13121.0,microcredito,0.15588008234688625
ptgf,95,microcredito,generonrohmicro,464.0,generonrohmicro,_73_nro_microcr_dito_hombres,73,464.0,microcredito,0.0
ptgf,20,transacciones_corresponsales_fisicos,montogiroenv,261378505.0,montogiroenv,_8_monto_giros_enviados,8,261378505.0,transacciones_corresponsales_fisicos,0.0
ptgf,27,transacciones_corresponsales_fisicos,montogiroenv,40495600.0,montogiroenv,_8_monto_giros_enviados,8,40495600.0,transacciones_corresponsales_fisicos,0.0
ptgf,44,transacciones_corresponsales_fisicos,montogiroenv,216139358.0,montogiroenv,_8_monto_giros_enviados,8,216139358.0,transacciones_corresponsales_fisicos,0.0
ptgf,68,transacciones_corresponsales_fisicos,montogiroenv,703358110.0,montogiroenv,_8_monto_giros_enviados,8,708658110.0,transacciones_corresponsales_fisicos,0.007535279574724744
ptgf,73,transacciones_corresponsales_fisicos,montogiroenv,437369857.0,montogiroenv,_8_monto_giros_enviados,8,447069857.0,transacciones_corresponsales_fisicos,0.022178025862445293
ptgf,76,transacciones_corresponsales_fisicos,montogiroenv,1795234067.0,montogiroenv,_8_monto_giros_enviados,8,1806334067.0,transacciones_corresponsales_fisicos,0.0061830377464645115
ptgf,91,transacciones_corresponsales_fisicos,montogiroenv,1279980.0,montogiroenv,_8_monto_giros_enviados,8,1279980.0,transacciones_corresponsales_fisicos,0.0
ptgf,20,transacciones_corresponsales_fisicos,montopago,341881464118.52,montopago,_12_monto_pagos_corresponsales,12,343425065451.52,transacciones_corresponsales_fisicos,0.004515019078264155
ptgf,27,transacciones_corresponsales_fisicos,montopago,123040924325.18,montopago,_12_monto_pagos_corresponsales,12,124064069734.18,transacciones_corresponsales_fisicos,0.008315488644217021
ptgf,44,transacciones_corresponsales_fisicos,montopago,155891461516.81,montopago,_12_monto_pagos_corresponsales,12,157362578616.81,transacciones_corresponsales_fisicos,0.009436803566315705
ptgf,68,transacciones_corresponsales_fisicos,montopago,1120745025331.92,montopago,_12_monto_pagos_corresponsales,12,1128352774753.25,transacciones_corresponsales_fisicos,0.006788117947770472
ptgf,73,transacciones_corresponsales_fisicos,montopago,512947454063.64996,montopago,_12_monto_pagos_corresponsales,12,519132143436.99,transacciones_corresponsales_fisicos,0.012057159703872103
ptgf,76,transacciones_corresponsales_fisicos,montopago,1968634020773.7603,montopago,_12_monto_pagos_corresponsales,12,1993671504717.4402,transacciones_corresponsales_fisicos,0.01271820139217095
ptgf,91,transacciones_corresponsales_fisicos,montopago,6312074722.63,montopago,_12_monto_pagos_corresponsales,12,6436004902.63,transacciones_corresponsales_fisicos,0.01963382650647124
ptgf,05,transacciones_corresponsales_fisicos,nroretiros,12564946.0,nroretiros,_13_nro_retiros_corresponsales,13,12564439.0,transacciones_corresponsales_fisicos,4.035035248062348e-05
ptgf,08,transacciones_corresponsales_fisicos,nroretiros,1336983.0,nroretiros,_13_nro_retiros_corresponsales,13,1336737.0,transacciones_corresponsales_fisicos,0.0001839963559746085
ptgf,13,transacciones_corresponsales_fisicos,nroretiros,896250.0,nroretiros,_13_nro_retiros_corresponsales,13,896253.0,transacciones_corresponsales_fisicos,3.3472803347280334e-06
ptgf,19,transacciones_corresponsales_fisicos,nroretiros,694544.0,nroretiros,_13_nro_retiros_corresponsales,13,694553.0,transacciones_corresponsales_fisicos,1.2958142320716901e-05
ptgf,25,transacciones_corresponsales_fisicos,nroretiros,2536006.0,nroretiros,_13_nro_retiros_corresponsales,13,2550548.0,transacciones_corresponsales_fisicos,0.005734213562586209
ptgf,41,transacciones_corresponsales_fisicos,nroretiros,985073.0,nroretiros,_13_nro_retiros_corresponsales,13,985083.0,transacciones_corresponsales_fisicos,1.0151531916923923e-05
ptgf,50,transacciones_corresponsales_fisicos,nroretiros,1106619.0,nroretiros,_13_nro_retiros_corresponsales,13,1106703.0,transacciones_corresponsales_fisicos,7.590688394108541e-05
ptgf,66,transacciones_corresponsales_fisicos,nroretiros,582188.0,nroretiros,_13_nro_retiros_corresponsales,13,582189.0,transacciones_corresponsales_fisicos,1.7176582134980452e-06
ptgf,85,transacciones_corresponsales_fisicos,nroretiros,412126.0,nroretiros,_13_nro_retiros_corresponsales,13,412131.0,transacciones_corresponsales_fisicos,1.2132211993419487e-05
ptgf,88,transacciones_corresponsales_fisicos,nroretiros,14642.0,nroretiros,_13_nro_retiros_corresponsales,13,14642.0,transacciones_corresponsales_fisicos,0.0
ptgf,97,transacciones_corresponsales_fisicos,nroretiros,9118.0,nroretiros,_13_nro_retiros_corresponsales,13,9118.0,transacciones_corresponsales_fisicos,0.0
ptgf,99,transacciones_corresponsales_fisicos,nroretiros,18406.0,nroretiros,_13_nro_retiros_corresponsales,13,18406.0,transacciones_corresponsales_fisicos,0.0
ptgf,08,corresponsales_fisicos,correspropios,896.0,correspropios,_1_nro_corresponsales_f_sicos,1,845.0,corresponsales_fisicos,0.056919642857142856
ptgf,13,corresponsales_fisicos,correspropios,683.0,correspropios,_1_nro_corresponsales_f_sicos,1,642.0,corresponsales_fisicos,0.060029282576866766
ptgf,18,corresponsales_fisicos,correspropios,259.0,correspropios,_1_nro_corresponsales_f_sicos,1,178.0,corresponsales_fisicos,0.3127413127413127
ptgf,41,corresponsales_fisicos,correspropios,1027.0,correspropios,_1_nro_corresponsales_f_sicos,1,816.0,corresponsales_fisicos,0.20545277507302823
ptgf,68,corresponsales_fisicos,correspropios,1480.0,correspropios,_1_nro_corresponsales_f_sicos,1,1400.0,corresponsales_fisicos,0.05405405405405406
ptgf,86,corresponsales_fisicos,correspropios,149.0,correspropios,_1_nro_corresponsales_f_sicos,1,102.0,corresponsales_fisicos,0.31543624161073824
ptgf,94,corresponsales_fisicos,correspropios,11.0,correspropios,_1_nro_corresponsales_f_sicos,1,11.0,corresponsales_fisicos,0.0
ptgf,13,credito_consumo,generomontomcdc,263019422572.01,generomontomcdc,_42_monto_cr_dito_consumo,42,265880401962.81003,credito_consumo,0.010877445333972374
ptgf,15,credito_consumo,generomontomcdc,186763265879.86002,generomontomcdc,_42_monto_cr_dito_consumo,42,187974982695.58997,credito_consumo,0.006487982580629191
ptgf,18,credito_consumo,generomontomcdc,76021858647.05,generomontomcdc,_42_monto_cr_dito_consumo,42,76021858647.05002,credito_consumo,2.0071581166336178e-16
ptgf,20,credito_consumo,generomontomcdc,159304660908.51,generomontomcdc,_42_monto_cr_dito_consumo,42,139768320465.31,credito_consumo,0.12263508381854499
ptgf,23,credito_consumo,generomontomcdc,171754779341.04,generomontomcdc,_42_monto_cr_dito_consumo,42,173402495276.24,credito_consumo,0.009593421164299837
ptgf,25,credito_consumo,generomontomcdc,267423802256.18,generomontomcdc,_42_monto_cr_dito_consumo,42,269832411478.11,credito_consumo,0.00900671219842523
ptgf,41,credito_consumo,generomontomcdc,196815926888.49,generomontomcdc,_42_monto_cr_dito_consumo,42,198723519428.53,credito_consumo,0.009692267136087993
ptgf,52,credito_consumo,generomontomcdc,194886532151.35,generomontomcdc,_42_monto_cr_dito_consumo,42,196159609209.98996,credito_consumo,0.006532401416282961
ptgf,63,credito_consumo,generomontomcdc,151351654292.47998,generomontomcdc,_42_monto_cr_dito_consumo,42,152421571455.45996,credito_consumo,0.007069081391818921
ptgf,73,credito_consumo,generomontomcdc,224766477332.54,generomontomcdc,_42_monto_cr_dito_consumo,42,227768389225.06003,credito_consumo,0.013355692219523988
ptgf,86,credito_consumo,generomontomcdc,25489443147.02,generomontomcdc,_42_monto_cr_dito_consumo,42,25489443147.02,credito_consumo,0.0
ptgf,19,credito_consumo,generonrohcdc,47999.0,generonrohcdc,_43_nro_cr_dito_consumo,43,48127.0,credito_consumo,0.0026667222233796536
ptgf,47,credito_consumo,generonrohcdc,207547.0,generonrohcdc,_43_nro_cr_dito_consumo,43,207778.0,credito_consumo,0.0011130009106371087
ptgf,68,credito_consumo,generonrohcdc,261337.0,generonrohcdc,_43_nro_cr_dito_consumo,43,261753.0,credito_consumo,0.0015918144005632575
ptgf,70,credito_consumo,generonrohcdc,66628.0,generonrohcdc,_43_nro_cr_dito_consumo,43,66735.0,credito_consumo,0.0016059314402353366
ptgf,81,credito_consumo,generonrohcdc,16758.0,generonrohcdc,_43_nro_cr_dito_consumo,43,16758.0,credito_consumo,0.0
ptgf,91,credito_consumo,generonrohcdc,764.0,generonrohcdc,_43_nro_cr_dito_consumo,43,764.0,credito_consumo,0.0
ptgf,97,credito_consumo,generonrohcdc,33.0,generonrohcdc,_43_nro_cr_dito_consumo,43,33.0,credito_consumo,0.0
ptgf,99,credito_consumo,generonrohcdc,336.0,generonrohcdc,_43_nro_cr_dito_consumo,43,336.0,credito_consumo,0.0
ptgf,05,cuentas_ahorro,generonromca,3988420.0,generonromca,_27_nro_ctas_ahorro_mujeres,27,4058355.0,cuentas_ahorro,0.0175345124134369
ptgf,13,cuentas_ahorro,generonromca,845114.0,generonromca,_27_nro_ctas_ahorro_mujeres,27,848383.0,cuentas_ahorro,0.0038681172007563477
ptgf,15,cuentas_ahorro,generonromca,725144.0,generonromca,_27_nro_ctas_ahorro_mujeres,27,725147.0,cuentas_ahorro,4.137109318976645e-06
ptgf,18,cuentas_ahorro,generonromca,161788.0,generonromca,_27_nro_ctas_ahorro_mujeres,27,161788.0,cuentas_ahorro,0.0
ptgf,19,cuentas_ahorro,generonromca,448766.0,generonromca,_27_nro_ctas_ahorro_mujeres,27,448770.0,cuentas_ahorro,8.913331223844944e-06
ptgf,23,cuentas_ahorro,generonromca,539360.0,generonromca,_27_nro_ctas_ahorro_mujeres,27,539361.0,cuentas_ahorro,1.8540492435479087e-06
ptgf,44,cuentas_ahorro,generonromca,268438.0,generonromca,_27_nro_ctas_ahorro_mujeres,27,268437.0,cuentas_ahorro,3.725254993704319e-06
ptgf,66,cuentas_ahorro,generonromca,650841.0,generonromca,_27_nro_ctas_ahorro_mujeres,27,650843.0,cuentas_ahorro,3.0729471560642307e-06
ptgf,68,cuentas_ahorro,generonromca,1355207.0,generonromca,_27_nro_ctas_ahorro_mujeres,27,1355205.0,cuentas_ahorro,1.4757893074637306e-06
ptgf,85,cuentas_ahorro,generonromca,245296.0,generonromca,_27_nro_ctas_ahorro_mujeres,27,245296.0,cuentas_ahorro,0.0
ptgf,25,cuentas_ahorro,generosaldohca,1689989555944.0798,generosaldohca,_30_saldo_ctas_ahorro_hombres,30,1689967776705.7998,cuentas_ahorro,1.2887202884436021e-05
ptgf,47,cuentas_ahorro,generosaldohca,455494126610.41,generosaldohca,_30_saldo_ctas_ahorro_hombres,30,455494536828.99,cuentas_ahorro,9.006012504919852e-07
ptgf,54,cuentas_ahorro,generosaldohca,793654096710.08,generosaldohca,_30_saldo_ctas_ahorro_hombres,30,793651601368.79,cuentas_ahorro,3.144116939937544e-06
ptgf,81,cuentas_ahorro,generosaldohca,121431639941.15,generosaldohca,_30_saldo_ctas_ahorro_hombres,30,121432480146.15,cuentas_ahorro,6.9191604462164276e-06
ptgf,88,cuentas_ahorro,generosaldohca,81215192740.34999,generosaldohca,_30_saldo_ctas_ahorro_hombres,30,81215191871.34999,cuentas_ahorro,1.0699968450216537e-08
ptgf,44,cuentas_ahorro,saldo3y5smmlv,20380060628.800003,saldo3y5smmlv,_24_saldo_ctas_ahorr_3smmlv,24,20423258106.8,cuentas_ahorro,0.0021195951664124022
ptgf,66,cuentas_ahorro,saldo3y5smmlv,93229973581.59001,saldo3y5smmlv,_24_saldo_ctas_ahorr_3smmlv,24,93373134255.00002,cuentas_ahorro,0.0015355648823038323
ptgf,68,cuentas_ahorro,saldo3y5smmlv,184071477457.97,saldo3y5smmlv,_24_saldo_ctas_ahorr_3smmlv,24,184305719170.99002,cuentas_ahorro,0.0012725584444418074
ptgf,85,cuentas_ahorro,saldo3y5smmlv,30766941616.98,saldo3y5smmlv,_24_saldo_ctas_ahorr_3smmlv,24,30875882037.98,cuentas_ahorro,0.003540827111001399
ptgf,08,cuentas_ahorro,saldoactivasca,7468643286201.01,saldoactivasca,_26_saldo_ctas_ahorro_activas,26,7465600361904.429,cuentas_ahorro,0.00040742664764872774
ptgf,11,cuentas_ahorro,saldoactivasca,128358786253926.31,saldoactivasca,_26_saldo_ctas_ahorro_activas,26,128332113768025.69,cuentas_ahorro,0.00020779633930052938
ptgf,27,cuentas_ahorro,saldoactivasca,591165843582.73,saldoactivasca,_26_saldo_ctas_ahorro_activas,26,590396480401.13,cuentas_ahorro,0.0013014337515464187
ptgf,41,cuentas_ahorro,saldoactivasca,2248857743764.1,saldoactivasca,_26_saldo_ctas_ahorro_activas,26,2249151829414.1094,cuentas_ahorro,0.00013077112183941067
ptgf,70,cuentas_ahorro,saldoactivasca,985844809738.5599,saldoactivasca,_26_saldo_ctas_ahorro_activas,26,985757545518.1199,cuentas_ahorro,8.851719822230988e-05
ptgf,73,cuentas_ahorro,saldoactivasca,3015189464764.3003,saldoactivasca,_26_saldo_ctas_ahorro_activas,26,3014725122821.16,cuentas_ahorro,0.00015400091721149426
ptgf,91,cuentas_ahorro,saldoactivasca,160649444493.13,saldoactivasca,_26_saldo_ctas_ahorro_activas,26,160670476448.14,cuentas_ahorro,0.00013091831768462277
ptgf,08,cuentas_ahorro,totalnroca,3550525.0,totalnroca,_31_nro_ctas_ahorro,31,3560781.0,cuentas_ahorro,0.0028885868991205526
ptgf,11,cuentas_ahorro,totalnroca,19496060.0,totalnroca,_31_nro_ctas_ahorro,31,19767695.0,cuentas_ahorro,0.01393281514316226
ptgf,27,cuentas_ahorro,totalnroca,282914.0,totalnroca,_31_nro_ctas_ahorro,31,282914.0,cuentas_ahorro,0.0
ptgf,41,cuentas_ahorro,totalnroca,1389502.0,totalnroca,_31_nro_ctas_ahorro,31,1389502.0,cuentas_ahorro,0.0
ptgf,70,cuentas_ahorro,totalnroca,612562.0,totalnroca,_31_nro_ctas_ahorro,31,612562.0,cuentas_ahorro,0.0
ptgf,73,cuentas_ahorro,totalnroca,2078508.0,totalnroca,_31_nro_ctas_ahorro,31,2078508.0,cuentas_ahorro,0.0
ptgf,91,cuentas_ahorro,totalnroca,56789.0,totalnroca,_31_nro_ctas_ahorro,31,56789.0,cuentas_ahorro,0.0
ptgf,23,microcredito,generonrommicro,5648.0,generonrommicro,_71_nro_microcr_dito_mujeres,71,5648.0,microcredito,0.0
ptgf,25,microcredito,generonrommicro,9722.0,generonrommicro,_71_nro_microcr_dito_mujeres,71,9722.0,microcredito,0.0
ptgf,44,microcredito,generonrommicro,2287.0,generonrommicro,_71_nro_microcr_dito_mujeres,71,2287.0,microcredito,0.0
ptgf,47,microcredito,generonrommicro,9825.0,generonrommicro,_71_nro_microcr_dito_mujeres,71,9825.0,microcredito,0.0
ptgf,66,microcredito,generonrommicro,3634.0,generonrommicro,_71_nro_microcr_dito_mujeres,71,3634.0,microcredito,0.0
ptgf,68,microcredito,generonrommicro,19147.0,generonrommicro,_71_nro_microcr_dito_mujeres,71,15791.0,microcredito,0.17527550007834125
ptgf,70,microcredito,generonrommicro,7683.0,generonrommicro,_71_nro_microcr_dito_mujeres,71,7683.0,microcredito,0.0
ptgf,76,microcredito,generonrommicro,23290.0,generonrommicro,_71_nro_microcr_dito_mujeres,71,19976.0,microcredito,0.14229282954057534
ptgf,95,microcredito,generonrommicro,393.0,generonrommicro,_71_nro_microcr_dito_mujeres,71,393.0,microcredito,0.0
ptgf,08,microcredito,totalmontomicro,73856126789.97,totalmontomicro,_76_monto_microcr_dito,76,65931071791.01,microcredito,0.10730396168075602
ptgf,11,microcredito,totalmontomicro,269656623073.63,totalmontomicro,_76_monto_microcr_dito,76,251820800309.21002,microcredito,0.06614272092085755
ptgf,13,microcredito,totalmontomicro,62784014661.149994,totalmontomicro,_76_monto_microcr_dito,76,60701794661.15,microcredito,0.03316481131762422
ptgf,15,microcredito,totalmontomicro,121452516960.56,totalmontomicro,_76_monto_microcr_dito,76,110490842160.56,microcredito,0.0902548178854099
ptgf,17,microcredito,totalmontomicro,34090814358.4,totalmontomicro,_76_monto_microcr_dito,76,32657564358.4,microcredito,0.04204211682748629
ptgf,18,microcredito,totalmontomicro,27211036159.05,totalmontomicro,_76_monto_microcr_dito,76,24258636159.050003,microcredito,0.10850009469477959
ptgf,19,microcredito,totalmontomicro,85315510959.0,totalmontomicro,_76_monto_microcr_dito,76,83308954959.0,microcredito,0.02351924025824904
ptgf,52,microcredito,totalmontomicro,156892116534.03,totalmontomicro,_76_monto_microcr_dito,76,135406786854.32,microcredito,0.13694333504035436
ptgf,88,microcredito,totalmontomicro,1809703123.18,totalmontomicro,_76_monto_microcr_dito,76,1382303123.18,microcredito,0.23617133358811646
ptgf,91,microcredito,totalmontomicro,898242345.0,totalmontomicro,_76_monto_microcr_dito,76,898242345.0,microcredito,0.0
ptgf,99,microcredito,totalmontomicro,1092546000.0,totalmontomicro,_76_monto_microcr_dito,76,767254000.0,microcredito,0.2977375780973982
ptgf,08,microcredito,totalnromicro,14465.0,totalnromicro,_75_nro_microcr_dito,75,12958.0,microcredito,0.10418250950570342
ptgf,11,microcredito,totalnromicro,34730.0,totalnromicro,_75_nro_microcr_dito,75,31983.0,microcredito,0.079095882522315
ptgf,13,microcredito,totalnromicro,15730.0,totalnromicro,_75_nro_microcr_dito,75,15667.0,microcredito,0.004005085823267642
ptgf,15,microcredito,totalnromicro,15509.0,totalnromicro,_75_nro_microcr_dito,75,15190.0,microcredito,0.020568702043974468
ptgf,17,microcredito,totalnromicro,6048.0,totalnromicro,_75_nro_microcr_dito,75,6005.0,microcredito,0.007109788359788359
ptgf,18,microcredito,totalnromicro,4189.0,totalnromicro,_75_nro_microcr_dito,75,4105.0,microcredito,0.02005251850083552
ptgf,19,microcredito,totalnromicro,15475.0,totalnromicro,_75_nro_microcr_dito,75,15412.0,microcredito,0.00407108239095315
ptgf,52,microcredito,totalnromicro,24366.0,totalnromicro,_75_nro_microcr_dito,75,21525.0,microcredito,0.11659689731593204
ptgf,88,microcredito,totalnromicro,146.0,totalnromicro,_75_nro_microcr_dito,75,135.0,microcredito,0.07534246575342465
ptgf,91,microcredito,totalnromicro,139.0,totalnromicro,_75_nro_microcr_dito,75,139.0,microcredito,0.0
ptgf,99,microcredito,totalnromicro,84.0,totalnromicro,_75_nro_microcr_dito,75,75.0,microcredito,0.10714285714285714
ptgf,05,microcredito_rango,monto3y4smmlv,8577870351.74,monto3y4smmlv,_66_monto_microcr_dito_3smmlv,66,8166343243.54,microcredito_rango,0.04797544044443649
ptgf,19,microcredito_rango,monto3y4smmlv,5966401457.0,monto3y4smmlv,_66_monto_microcr_dito_3smmlv,66,5966401457.0,microcredito_rango,0.0
ptgf,20,microcredito_rango,monto3y4smmlv,5670272086.0,monto3y4smmlv,_66_monto_microcr_dito_3smmlv,66,5176510901.0,microcredito_rango,0.08707892275912207
ptgf,25,microcredito_rango,monto3y4smmlv,6399003196.5,monto3y4smmlv,_66_monto_microcr_dito_3smmlv,66,6399003196.5,microcredito_rango,0.0
ptgf,73,microcredito_rango,monto3y4smmlv,5398022789.22,monto3y4smmlv,_66_monto_microcr_dito_3smmlv,66,5398022789.22,microcredito_rango,0.0
ptgf,86,microcredito_rango,monto3y4smmlv,1713029497.0,monto3y4smmlv,_66_monto_microcr_dito_3smmlv,66,1713029497.0,microcredito_rango,0.0
ptgf,97,microcredito_rango,monto3y4smmlv,9720975.0,monto3y4smmlv,_66_monto_microcr_dito_3smmlv,66,9720975.0,microcredito_rango,0.0
ptgf,99,microcredito_rango,monto3y4smmlv,11800000.0,monto3y4smmlv,_66_monto_microcr_dito_3smmlv,66,11800000.0,microcredito_rango,0.0
ptgf,52,microcredito_rango,monto4y10smmlv,44084956858.18,monto4y10smmlv,_68_monto_microcr_dito_4smmlv,68,38744969283.380005,microcredito_rango,0.1211294726221141
ptgf,76,microcredito_rango,monto4y10smmlv,63905780728.17,monto4y10smmlv,_68_monto_microcr_dito_4smmlv,68,52364068217.57,microcredito_rango,0.18060514055362056
ptgf,95,microcredito_rango,monto4y10smmlv,1881939392.0,monto4y10smmlv,_68_monto_microcr_dito_4smmlv,68,1881939392.0,microcredito_rango,0.0
ptgf,05,microcredito_rango,nro10y25smmlv,6002.0,nro10y25smmlv,_69_nro_microcr_dito_10smmlv,69,5779.0,microcredito_rango,0.037154281906031324
ptgf,19,microcredito_rango,nro10y25smmlv,2273.0,nro10y25smmlv,_69_nro_microcr_dito_10smmlv,69,2273.0,microcredito_rango,0.0
ptgf,20,microcredito_rango,nro10y25smmlv,1294.0,nro10y25smmlv,_69_nro_microcr_dito_10smmlv,69,1128.0,microcredito_rango,0.12828438948995363
ptgf,25,microcredito_rango,nro10y25smmlv,3522.0,nro10y25smmlv,_69_nro_microcr_dito_10smmlv,69,3522.0,microcredito_rango,0.0
ptgf,73,microcredito_rango,nro10y25smmlv,2058.0,nro10y25smmlv,_69_nro_microcr_dito_10smmlv,69,2058.0,microcredito_rango,0.0
ptgf,86,microcredito_rango,nro10y25smmlv,701.0,nro10y25smmlv,_69_nro_microcr_dito_10smmlv,69,701.0,microcredito_rango,0.0
ptgf,97,microcredito_rango,nro10y25smmlv,16.0,nro10y25smmlv,_69_nro_microcr_dito_10smmlv,69,16.0,microcredito_rango,0.0
ptgf,99,microcredito_rango,nro10y25smmlv,37.0,nro10y25smmlv,_69_nro_microcr_dito_10smmlv,69,37.0,microcredito_rango,0.0
ptgf,05,microcredito_rango,nro1smmlv,1935.0,nro1smmlv,_59_nro_microcr_dito_hasta,59,1740.0,microcredito_rango,0.10077519379844961
ptgf,19,microcredito_rango,nro1smmlv,483.0,nro1smmlv,_59_nro_microcr_dito_hasta,59,483.0,microcredito_rango,0.0
ptgf,20,microcredito_rango,nro1smmlv,2282.0,nro1smmlv,_59_nro_microcr_dito_hasta,59,2106.0,microcredito_rango,0.07712532865907099
ptgf,25,microcredito_rango,nro1smmlv,804.0,nro1smmlv,_59_nro_microcr_dito_hasta,59,804.0,microcredito_rango,0.0
ptgf,73,microcredito_rango,nro1smmlv,609.0,nro1smmlv,_59_nro_microcr_dito_hasta,59,609.0,microcredito_rango,0.0
ptgf,86,microcredito_rango,nro1smmlv,88.0,nro1smmlv,_59_nro_microcr_dito_hasta,59,88.0,microcredito_rango,0.0
ptgf,97,microcredito_rango,nro1smmlv,42.0,nro1smmlv,_59_nro_microcr_dito_hasta,59,42.0,microcredito_rango,0.0
ptgf,99,microcredito_rango,nro1smmlv,0.0,nro1smmlv,_59_nro_microcr_dito_hasta,59,0.0,microcredito_rango,
ptgf,20,transacciones_corresponsales_fisicos,montogirorec,15792526853.0,montogirorec,_10_monto_giros_recibidos,10,15791431853.0,transacciones_corresponsales_fisicos,6.933659256637516e-05
ptgf,27,transacciones_corresponsales_fisicos,montogirorec,7056107403.0,montogirorec,_10_monto_giros_recibidos,10,7056107403.0,transacciones_corresponsales_fisicos,0.0
ptgf,44,transacciones_corresponsales_fisicos,montogirorec,11594068636.0,montogirorec,_10_monto_giros_recibidos,10,11594068636.0,transacciones_corresponsales_fisicos,0.0
ptgf,68,transacciones_corresponsales_fisicos,montogirorec,13354031629.0,montogirorec,_10_monto_giros_recibidos,10,13354031629.0,transacciones_corresponsales_fisicos,0.0
ptgf,73,transacciones_corresponsales_fisicos,montogirorec,3471990580.0,montogirorec,_10_monto_giros_recibidos,10,3471990580.0,transacciones_corresponsales_fisicos,0.0
ptgf,76,transacciones_corresponsales_fisicos,montogirorec,11486737865.0,montogirorec,_10_monto_giros_recibidos,10,11486737865.0,transacciones_corresponsales_fisicos,0.0
ptgf,91,transacciones_corresponsales_fisicos,montogirorec,47103550.0,montogirorec,_10_monto_giros_recibidos,10,47103550.0,transacciones_corresponsales_fisicos,0.0
ptgf,05,transacciones_corresponsales_fisicos,montotransfer,302487191080.0,montotransfer,_16_monto_transferencias,16,302487191080.0,transacciones_corresponsales_fisicos,0.0
ptgf,08,transacciones_corresponsales_fisicos,montotransfer,13202506828.0,montotransfer,_16_monto_transferencias,16,13201506828.0,transacciones_corresponsales_fisicos,7.574319127631054e-05
ptgf,13,transacciones_corresponsales_fisicos,montotransfer,20127685309.0,montotransfer,_16_monto_transferencias,16,20127685309.0,transacciones_corresponsales_fisicos,0.0
ptgf,19,transacciones_corresponsales_fisicos,montotransfer,10235097256.0,montotransfer,_16_monto_transferencias,16,10235097256.0,transacciones_corresponsales_fisicos,0.0
ptgf,25,transacciones_corresponsales_fisicos,montotransfer,23243427332.0,montotransfer,_16_monto_transferencias,16,23396343799.0,transacciones_corresponsales_fisicos,0.006578912172279981
ptgf,41,transacciones_corresponsales_fisicos,montotransfer,20492103148.0,montotransfer,_16_monto_transferencias,16,20492103148.0,transacciones_corresponsales_fisicos,0.0
ptgf,50,transacciones_corresponsales_fisicos,montotransfer,14658453252.0,montotransfer,_16_monto_transferencias,16,14658453252.0,transacciones_corresponsales_fisicos,0.0
ptgf,66,transacciones_corresponsales_fisicos,montotransfer,7188071013.0,montotransfer,_16_monto_transferencias,16,7188071013.0,transacciones_corresponsales_fisicos,0.0
ptgf,85,transacciones_corresponsales_fisicos,montotransfer,7789601432.0,montotransfer,_16_monto_transferencias,16,7789601432.0,transacciones_corresponsales_fisicos,0.0
ptgf,88,transacciones_corresponsales_fisicos,montotransfer,498885572.0,montotransfer,_16_monto_transferencias,16,498885572.0,transacciones_corresponsales_fisicos,0.0
ptgf,97,transacciones_corresponsales_fisicos,montotransfer,645205868.0,montotransfer,_16_monto_transferencias,16,645205868.0,transacciones_corresponsales_fisicos,0.0
ptgf,99,transacciones_corresponsales_fisicos,montotransfer,1536162044.0,montotransfer,_16_monto_transferencias,16,1536162044.0,transacciones_corresponsales_fisicos,0.0
ptgf,11,transacciones_corresponsales_fisicos,nrogirosenv,6853.0,nrogirosenv,_7_nro_giros_enviados,7,6981.0,transacciones_corresponsales_fisicos,0.018677951262220924
ptgf,15,transacciones_corresponsales_fisicos,nrogirosenv,1436.0,nrogirosenv,_7_nro_giros_enviados,7,1442.0,transacciones_corresponsales_fisicos,0.004178272980501393
ptgf,17,transacciones_corresponsales_fisicos,nrogirosenv,1186.0,nrogirosenv,_7_nro_giros_enviados,7,1197.0,transacciones_corresponsales_fisicos,0.00927487352445194
ptgf,23,transacciones_corresponsales_fisicos,nrogirosenv,1299.0,nrogirosenv,_7_nro_giros_enviados,7,1291.0,transacciones_corresponsales_fisicos,0.006158583525789068
ptgf,47,transacciones_corresponsales_fisicos,nrogirosenv,1895.0,nrogirosenv,_7_nro_giros_enviados,7,1895.0,transacciones_corresponsales_fisicos,0.0
ptgf,52,transacciones_corresponsales_fisicos,nrogirosenv,719.0,nrogirosenv,_7_nro_giros_enviados,7,725.0,transacciones_corresponsales_fisicos,0.008344923504867872
ptgf,63,transacciones_corresponsales_fisicos,nrogirosenv,523.0,nrogirosenv,_7_nro_giros_enviados,7,529.0,transacciones_corresponsales_fisicos,0.011472275334608031
ptgf,86,transacciones_corresponsales_fisicos,nrogirosenv,676.0,nrogirosenv,_7_nro_giros_enviados,7,676.0,transacciones_corresponsales_fisicos,0.0
ptgf,94,transacciones_corresponsales_fisicos,nrogirosenv,10.0,nrogirosenv,_7_nro_giros_enviados,7,10.0,transacciones_corresponsales_fisicos,0.0
ptgf,95,transacciones_corresponsales_fisicos,nrogirosenv,69.0,nrogirosenv,_7_nro_giros_enviados,7,69.0,transacciones_corresponsales_fisicos,0.0
ptgf,20,transacciones_corresponsales_fisicos,totalnrocorr,2550925.0,totalnrocorr,_17_nro_transacciones_tr,17,2551823.0,transacciones_corresponsales_fisicos,0.0003520291658908043
ptgf,27,transacciones_corresponsales_fisicos,totalnrocorr,877621.0,totalnrocorr,_17_nro_transacciones_tr,17,880352.0,transacciones_corresponsales_fisicos,0.00311182161775983
ptgf,44,transacciones_corresponsales_fisicos,totalnrocorr,1088824.0,totalnrocorr,_17_nro_transacciones_tr,17,1093281.0,transacciones_corresponsales_fisicos,0.004093407198959611
ptgf,68,transacciones_corresponsales_fisicos,totalnrocorr,7690730.0,totalnrocorr,_17_nro_transacciones_tr,17,7719725.0,transacciones_corresponsales_fisicos,0.0037701232522790425
ptgf,73,transacciones_corresponsales_fisicos,totalnrocorr,3201546.0,totalnrocorr,_17_nro_transacciones_tr,17,3225252.0,transacciones_corresponsales_fisicos,0.007404547677903113
ptgf,76,transacciones_corresponsales_fisicos,totalnrocorr,12435637.0,totalnrocorr,_17_nro_transacciones_tr,17,12523997.0,transacciones_corresponsales_fisicos,0.007105385916298458
ptgf,91,transacciones_corresponsales_fisicos,totalnrocorr,35281.0,totalnrocorr,_17_nro_transacciones_tr,17,35666.0,transacciones_corresponsales_fisicos,0.010912389104617216
ptgf,15,corresponsales_fisicos,corresactivos,6428.0,corresactivos,_3_nro_corresponsales_f_sicos,3,6714.0,corresponsales_fisicos,0.04449284380833852
ptgf,17,corresponsales_fisicos,corresactivos,2807.0,corresactivos,_3_nro_corresponsales_f_sicos,3,2951.0,corresponsales_fisicos,0.05130032062700392
ptgf,20,corresponsales_fisicos,corresactivos,3157.0,corresactivos,_3_nro_corresponsales_f_sicos,3,3273.0,corresponsales_fisicos,0.036743744060817235
ptgf,63,corresponsales_fisicos,corresactivos,1693.0,corresactivos,_3_nro_corresponsales_f_sicos,3,1776.0,corresponsales_fisicos,0.0490253987005316
ptgf,70,corresponsales_fisicos,corresactivos,2893.0,corresactivos,_3_nro_corresponsales_f_sicos,3,2976.0,corresponsales_fisicos,0.028689941237469756
ptgf,76,corresponsales_fisicos,corresactivos,18177.0,corresactivos,_3_nro_corresponsales_f_sicos,3,18902.0,corresponsales_fisicos,0.03988556967596413
ptgf,88,corresponsales_fisicos,corresactivos,225.0,corresactivos,_3_nro_corresponsales_f_sicos,3,245.0,corresponsales_fisicos,0.08888888888888889
ptgf,05,credito_consumo,generomontohcdc,2575662695501.56,generomontohcdc,_44_monto_cr_dito_consumo,44,2570827701629.3896,credito_consumo,0.0018771844157291293
ptgf,08,credito_consumo,generomontohcdc,805743140566.37,generomontohcdc,_44_monto_cr_dito_consumo,44,777545810239.36,credito_consumo,0.03499543329303387
ptgf,17,credito_consumo,generomontohcdc,253810431694.53,generomontohcdc,_44_monto_cr_dito_consumo,44,256914819462.08005,credito_consumo,0.012231127565656133
ptgf,44,credito_consumo,generomontohcdc,64675466969.700005,generomontohcdc,_44_monto_cr_dito_consumo,44,64675466969.7,credito_consumo,1.1796427437971676e-16
ptgf,50,credito_consumo,generomontohcdc,299821540529.92,generomontohcdc,_44_monto_cr_dito_consumo,44,304127685975.74,credito_consumo,0.014362361817663616
ptgf,66,credito_consumo,generomontohcdc,339729181139.44,generomontohcdc,_44_monto_cr_dito_consumo,44,350119024198.93,credito_consumo,0.030582721874649724
ptgf,76,credito_consumo,generomontohcdc,1617016802515.63,generomontohcdc,_44_monto_cr_dito_consumo,44,1608520719323.3699,credito_consumo,0.005254171248587188
ptgf,85,credito_consumo,generomontohcdc,111574433270.62,generomontohcdc,_44_monto_cr_dito_consumo,44,112149503102.25,credito_consumo,0.005154136254810209
ptgf,05,credito_vivienda,generonrohcdv,3504.0,generonrohcdv,_55_nro_cr_dito_vivienda,55,3744.0,credito_vivienda,0.0684931506849315
ptgf,11,credito_vivienda,generonrohcdv,8828.0,generonrohcdv,_55_nro_cr_dito_vivienda,55,9375.0,credito_vivienda,0.06196193928409606
ptgf,54,credito_vivienda,generonrohcdv,546.0,generonrohcdv,_55_nro_cr_dito_vivienda,55,552.0,credito_vivienda,0.01098901098901099
ptgf,95,credito_vivienda,generonrohcdv,11.0,generonrohcdv,_55_nro_cr_dito_vivienda,55,11.0,credito_vivienda,0.0
ptgf,05,credito_vivienda,generonromcdv,3149.0,generonromcdv,_53_nro_cr_dito_vivienda,53,3283.0,credito_vivienda,0.0425531914893617
ptgf,11,credito_vivienda,generonromcdv,8399.0,generonromcdv,_53_nro_cr_dito_vivienda,53,8813.0,credito_vivienda,0.049291582331229905
ptgf,54,credito_vivienda,generonromcdv,549.0,generonromcdv,_53_nro_cr_dito_vivienda,53,549.0,credito_vivienda,0.0
ptgf,95,credito_vivienda,generonromcdv,10.0,generonromcdv,_53_nro_cr_dito_vivienda,53,10.0,credito_vivienda,0.0
ptgf,05,credito_vivienda,totalmontocdv,980587409335.6,totalmontocdv,_58_monto_cr_dito_vivienda,58,1041466419216.3601,credito_vivienda,0.06208422553784256
ptgf,11,credito_vivienda,totalmontocdv,2516801902027.25,totalmontocdv,_58_monto_cr_dito_vivienda,58,2717539592015.83,credito_vivienda,0.07975903460136793
ptgf,54,credito_vivienda,totalmontocdv,85033309965.61,totalmontocdv,_58_monto_cr_dito_vivienda,58,85557281290.61002,credito_vivienda,0.006161953770962519
ptgf,95,credito_vivienda,totalmontocdv,1832548532.0,totalmontocdv,_58_monto_cr_dito_vivienda,58,1832548532.0,credito_vivienda,0.0
ptgf,66,credito_vivienda,totalnrocdv,1417.0,totalnrocdv,_57_nro_cr_dito_vivienda,57,1449.0,credito_vivienda,0.022582921665490474
ptgf,20,credito_vivienda,totalnrocdv,808.0,totalnrocdv,_57_nro_cr_dito_vivienda,57,809.0,credito_vivienda,0.0012376237623762376
ptgf,23,credito_vivienda,totalnrocdv,430.0,totalnrocdv,_57_nro_cr_dito_vivienda,57,441.0,credito_vivienda,0.02558139534883721
ptgf,27,credito_vivienda,totalnrocdv,17.0,totalnrocdv,_57_nro_cr_dito_vivienda,57,17.0,credito_vivienda,0.0
ptgf,44,credito_vivienda,totalnrocdv,126.0,totalnrocdv,_57_nro_cr_dito_vivienda,57,126.0,credito_vivienda,0.0
ptgf,52,credito_vivienda,totalnrocdv,738.0,totalnrocdv,_57_nro_cr_dito_vivienda,57,741.0,credito_vivienda,0.0040650406504065045
ptgf,73,credito_vivienda,totalnrocdv,1645.0,totalnrocdv,_57_nro_cr_dito_vivienda,57,1666.0,credito_vivienda,0.01276595744680851
ptgf,86,credito_vivienda,totalnrocdv,40.0,totalnrocdv,_57_nro_cr_dito_vivienda,57,40.0,credito_vivienda,0.0
ptgf,88,credito_vivienda,totalnrocdv,24.0,totalnrocdv,_57_nro_cr_dito_vivienda,57,24.0,credito_vivienda,0.0
ptgf,08,cuentas_ahorro,generonrohca,1728841.0,generonrohca,_29_nro_ctas_ahorro_hombres,29,1739689.0,cuentas_ahorro,0.006274723933548545
ptgf,11,cuentas_ahorro,generonrohca,8717928.0,generonrohca,_29_nro_ctas_ahorro_hombres,29,8899074.0,cuentas_ahorro,0.020778561144345307
ptgf,27,cuentas_ahorro,generonrohca,133039.0,generonrohca,_29_nro_ctas_ahorro_hombres,29,133032.0,cuentas_ahorro,5.2616150151459346e-05
ptgf,41,cuentas_ahorro,generonrohca,710811.0,generonrohca,_29_nro_ctas_ahorro_hombres,29,710810.0,cuentas_ahorro,1.4068437320187786e-06
ptgf,70,cuentas_ahorro,generonrohca,313572.0,generonrohca,_29_nro_ctas_ahorro_hombres,29,313573.0,cuentas_ahorro,3.1890602477262e-06
ptgf,73,cuentas_ahorro,generonrohca,1117953.0,generonrohca,_29_nro_ctas_ahorro_hombres,29,1117955.0,cuentas_ahorro,1.7889839733870745e-06
ptgf,91,cuentas_ahorro,generonrohca,31298.0,generonrohca,_29_nro_ctas_ahorro_hombres,29,31299.0,cuentas_ahorro,3.1950923381685733e-05
ptgf,25,cuentas_ahorro,saldo1smmlv,171418302890.3,saldo1smmlv,_20_saldo_ctas_ahorro_hasta,20,172009875719.35,cuentas_ahorro,0.003451048219912656
ptgf,47,cuentas_ahorro,saldo1smmlv,43071427827.61,saldo1smmlv,_20_saldo_ctas_ahorro_hasta,20,43174905564.05999,cuentas_ahorro,0.002402468217774224
ptgf,54,cuentas_ahorro,saldo1smmlv,69973190471.44,saldo1smmlv,_20_saldo_ctas_ahorro_hasta,20,70203916651.9,cuentas_ahorro,0.0032973511555709867
ptgf,81,cuentas_ahorro,saldo1smmlv,12090978478.1,saldo1smmlv,_20_saldo_ctas_ahorro_hasta,20,12157891789.1,cuentas_ahorro,0.005534151857204768
ptgf,88,cuentas_ahorro,saldo1smmlv,6913007747.13,saldo1smmlv,_20_saldo_ctas_ahorro_hasta,20,6932628533.13,cuentas_ahorro,0.0028382415755494783
ptgf,25,cuentas_ahorro,saldo1y3smmlv,256347790124.93997,saldo1y3smmlv,_22_saldo_ctas_ahorro_1smmlv,22,256584551036.82993,cuentas_ahorro,0.0009235925606168088
ptgf,47,cuentas_ahorro,saldo1y3smmlv,62874606565.0,saldo1y3smmlv,_22_saldo_ctas_ahorro_1smmlv,22,62878163743.909996,cuentas_ahorro,5.6575764117404184e-05
ptgf,54,cuentas_ahorro,saldo1y3smmlv,108673536620.76,saldo1y3smmlv,_22_saldo_ctas_ahorro_1smmlv,22,108815872967.75,cuentas_ahorro,0.0013097608803026189
ptgf,81,cuentas_ahorro,saldo1y3smmlv,17064696781.68,saldo1y3smmlv,_22_saldo_ctas_ahorro_1smmlv,22,17110131730.68,cuentas_ahorro,0.0026625113578799247
ptgf,88,cuentas_ahorro,saldo1y3smmlv,9887944092.16,saldo1y3smmlv,_22_saldo_ctas_ahorro_1smmlv,22,9898079477.160002,cuentas_ahorro,0.0010250245051484565
ptgf,05,cuentas_ahorro,saldo3y5smmlv,673320207881.0598,saldo3y5smmlv,_24_saldo_ctas_ahorr_3smmlv,24,683323749682.87,cuentas_ahorro,0.014857034862047805
ptgf,13,cuentas_ahorro,saldo3y5smmlv,88115834490.33,saldo3y5smmlv,_24_saldo_ctas_ahorr_3smmlv,24,88307291753.04,cuentas_ahorro,0.0021727906660295245
ptgf,15,cuentas_ahorro,saldo3y5smmlv,99570170984.54999,saldo3y5smmlv,_24_saldo_ctas_ahorr_3smmlv,24,100076814778.54,cuentas_ahorro,0.005088308968241301
ptgf,18,cuentas_ahorro,saldo3y5smmlv,16468354869.66,saldo3y5smmlv,_24_saldo_ctas_ahorr_3smmlv,24,16509375673.66,cuentas_ahorro,0.002490886571528374
ptgf,19,cuentas_ahorro,saldo3y5smmlv,54743436287.38999,saldo3y5smmlv,_24_saldo_ctas_ahorr_3smmlv,24,54833934541.439995,cuentas_ahorro,0.0016531343333090892
ptgf,23,cuentas_ahorro,saldo3y5smmlv,49743490726.58001,saldo3y5smmlv,_24_saldo_ctas_ahorr_3smmlv,24,49811765543.49,cuentas_ahorro,0.0013725377112207033
ptgf,52,microcredito_rango,monto10y25smmlv,59494659629.62,monto10y25smmlv,_70_monto_microcr_dito_10smmlv,70,55656538112.82,microcredito_rango,0.06451203420095132
ptgf,76,microcredito_rango,monto10y25smmlv,64019298906.05,monto10y25smmlv,_70_monto_microcr_dito_10smmlv,70,54977442772.0,microcredito_rango,0.14123641290291486
ptgf,95,microcredito_rango,monto10y25smmlv,2700270614.0,monto10y25smmlv,_70_monto_microcr_dito_10smmlv,70,2700270614.0,microcredito_rango,0.0
ptgf,05,microcredito_rango,monto1smmlv,1144626770.64,monto1smmlv,_60_monto_microcr_dito_hasta,60,1036204396.9399999,microcredito_rango,0.09472290573754229
ptgf,19,microcredito_rango,monto1smmlv,347735583.0,monto1smmlv,_60_monto_microcr_dito_hasta,60,347735583.0,microcredito_rango,0.0
ptgf,20,microcredito_rango,monto1smmlv,1232827916.27,monto1smmlv,_60_monto_microcr_dito_hasta,60,1146026646.07,microcredito_rango,0.07040826140814758
ptgf,25,microcredito_rango,monto1smmlv,483397537.0,monto1smmlv,_60_monto_microcr_dito_hasta,60,483397537.0,microcredito_rango,0.0
ptgf,73,microcredito_rango,monto1smmlv,406684739.79999995,monto1smmlv,_60_monto_microcr_dito_hasta,60,406684739.79999995,microcredito_rango,0.0
ptgf,86,microcredito_rango,monto1smmlv,62396480.0,monto1smmlv,_60_monto_microcr_dito_hasta,60,62396480.0,microcredito_rango,0.0
ptgf,97,microcredito_rango,monto1smmlv,35926465.0,monto1smmlv,_60_monto_microcr_dito_hasta,60,35926465.0,microcredito_rango,0.0
ptgf,99,microcredito_rango,monto1smmlv,0.0,monto1smmlv,_60_monto_microcr_dito_hasta,60,0.0,microcredito_rango,
ptgf,13,microcredito_rango,monto1y2smmlv,5676414310.0,monto1y2smmlv,_62_monto_microcr_dito_1smmlv,62,5676414310.0,microcredito_rango,0.0
ptgf,15,microcredito_rango,monto1y2smmlv,2165190951.0,monto1y2smmlv,_62_monto_microcr_dito_1smmlv,62,2165190951.0,microcredito_rango,0.0
ptgf,27,microcredito_rango,monto1y2smmlv,316074396.0,monto1y2smmlv,_62_monto_microcr_dito_1smmlv,62,316074396.0,microcredito_rango,0.0
ptgf,41,microcredito_rango,monto1y2smmlv,4637072626.610001,monto1y2smmlv,_62_monto_microcr_dito_1smmlv,62,4264497236.21,microcredito_rango,0.08034711129214667
ptgf,44,microcredito_rango,monto1y2smmlv,1551161005.0,monto1y2smmlv,_62_monto_microcr_dito_1smmlv,62,1551161005.0,microcredito_rango,0.0
ptgf,50,microcredito_rango,monto1y2smmlv,2565488125.17,monto1y2smmlv,_62_monto_microcr_dito_1smmlv,62,2565488125.17,microcredito_rango,0.0
ptgf,54,microcredito_rango,monto1y2smmlv,2024641359.0,monto1y2smmlv,_62_monto_microcr_dito_1smmlv,62,2024641359.0,microcredito_rango,0.0
ptgf,63,microcredito_rango,monto1y2smmlv,1513063355.8,monto1y2smmlv,_62_monto_microcr_dito_1smmlv,62,1513063355.8,microcredito_rango,0.0
ptgf,68,microcredito_rango,monto1y2smmlv,6948870781.14,monto1y2smmlv,_62_monto_microcr_dito_1smmlv,62,5689029421.639999,microcredito_rango,0.18130159549366626
ptgf,70,microcredito_rango,monto1y2smmlv,4211473428.0,monto1y2smmlv,_62_monto_microcr_dito_1smmlv,62,4211473428.0,microcredito_rango,0.0
ptgf,81,microcredito_rango,monto1y2smmlv,424496195.39,monto1y2smmlv,_62_monto_microcr_dito_1smmlv,62,424496195.39,microcredito_rango,0.0
ptgf,88,microcredito_rango,monto1y2smmlv,822000.0,monto1y2smmlv,_62_monto_microcr_dito_1smmlv,62,822000.0,microcredito_rango,0.0
ptgf,91,microcredito_rango,monto1y2smmlv,48389513.0,monto1y2smmlv,_62_monto_microcr_dito_1smmlv,62,48389513.0,microcredito_rango,0.0
ptgf,94,microcredito_rango,monto1y2smmlv,44311210.0,monto1y2smmlv,_62_monto_microcr_dito_1smmlv,62,44311210.0,microcredito_rango,0.0
ptgf,08,microcredito_rango,monto2y3smmlv,5249369541.98,monto2y3smmlv,_64_monto_microcr_dito_2smmlv,64,4814355122.58,microcredito_rango,0.08286984102016894
ptgf,11,microcredito_rango,monto2y3smmlv,9797963157.51,monto2y3smmlv,_64_monto_microcr_dito_2smmlv,64,9089116299.31,microcredito_rango,0.07234634860375849
ptgf,17,microcredito_rango,monto2y3smmlv,2005079809.2,monto2y3smmlv,_64_monto_microcr_dito_2smmlv,64,2005079809.2,microcredito_rango,0.0
ptgf,18,microcredito_rango,monto2y3smmlv,1573151250.0,monto2y3smmlv,_64_monto_microcr_dito_2smmlv,64,1573151250.0,microcredito_rango,0.0
ptgf,23,microcredito_rango,monto2y3smmlv,4455729890.4,monto2y3smmlv,_64_monto_microcr_dito_2smmlv,64,4455729890.4,microcredito_rango,0.0
ptgf,47,microcredito_rango,monto2y3smmlv,5069747901.72,monto2y3smmlv,_64_monto_microcr_dito_2smmlv,64,5069747901.719999,microcredito_rango,1.8811079661035994e-16
ptgf,66,microcredito_rango,monto2y3smmlv,2353272563.0,monto2y3smmlv,_64_monto_microcr_dito_2smmlv,64,2353272563.0,microcredito_rango,0.0
ptgf,85,microcredito_rango,monto2y3smmlv,1500363893.0,monto2y3smmlv,_64_monto_microcr_dito_2smmlv,64,1500363893.0,microcredito_rango,0.0
ptgf,13,microcredito_rango,nro1y2smmlv,4498.0,nro1y2smmlv,_61_nro_microcr_dito_1smmlv,61,4498.0,microcredito_rango,0.0
ptgf,15,microcredito_rango,nro1y2smmlv,1700.0,nro1y2smmlv,_61_nro_microcr_dito_1smmlv,61,1700.0,microcredito_rango,0.0
ptgf,27,microcredito_rango,nro1y2smmlv,237.0,nro1y2smmlv,_61_nro_microcr_dito_1smmlv,61,237.0,microcredito_rango,0.0
ptgf,41,microcredito_rango,nro1y2smmlv,3558.0,nro1y2smmlv,_61_nro_microcr_dito_1smmlv,61,3292.0,microcredito_rango,0.07476110174255199
ptgf,44,microcredito_rango,nro1y2smmlv,1234.0,nro1y2smmlv,_61_nro_microcr_dito_1smmlv,61,1234.0,microcredito_rango,0.0
ptgf,50,microcredito_rango,nro1y2smmlv,1982.0,nro1y2smmlv,_61_nro_microcr_dito_1smmlv,61,1982.0,microcredito_rango,0.0
ptgf,54,microcredito_rango,nro1y2smmlv,1593.0,nro1y2smmlv,_61_nro_microcr_dito_1smmlv,61,1593.0,microcredito_rango,0.0
ptgf,63,microcredito_rango,nro1y2smmlv,1165.0,nro1y2smmlv,_61_nro_microcr_dito_1smmlv,61,1165.0,microcredito_rango,0.0
ptgf,68,microcredito_rango,nro1y2smmlv,5447.0,nro1y2smmlv,_61_nro_microcr_dito_1smmlv,61,4514.0,microcredito_rango,0.1712869469432715
ptgf,70,microcredito_rango,nro1y2smmlv,3406.0,nro1y2smmlv,_61_nro_microcr_dito_1smmlv,61,3406.0,microcredito_rango,0.0
ptgf,81,microcredito_rango,nro1y2smmlv,308.0,nro1y2smmlv,_61_nro_microcr_dito_1smmlv,61,308.0,microcredito_rango,0.0
ptgf,88,microcredito_rango,nro1y2smmlv,1.0,nro1y2smmlv,_61_nro_microcr_dito_1smmlv,61,1.0,microcredito_rango,0.0
ptgf,91,microcredito_rango,nro1y2smmlv,36.0,nro1y2smmlv,_61_nro_microcr_dito_1smmlv,61,36.0,microcredito_rango,0.0
ptgf,94,microcredito_rango,nro1y2smmlv,32.0,nro1y2smmlv,_61_nro_microcr_dito_1smmlv,61,32.0,microcredito_rango,0.0
ptgf,08,microcredito_rango,nro2y3smmlv,2351.0,nro2y3smmlv,_63_nro_microcr_dito_2smmlv,63,2156.0,microcredito_rango,0.0829434283283709
ptgf,11,microcredito_rango,nro2y3smmlv,4409.0,nro2y3smmlv,_63_nro_microcr_dito_2smmlv,63,4095.0,microcredito_rango,0.07121796325697437
ptgf,17,microcredito_rango,nro2y3smmlv,905.0,nro2y3smmlv,_63_nro_microcr_dito_2smmlv,63,905.0,microcredito_rango,0.0
ptgf,18,microcredito_rango,nro2y3smmlv,696.0,nro2y3smmlv,_63_nro_microcr_dito_2smmlv,63,696.0,microcredito_rango,0.0
ptgf,23,microcredito_rango,nro2y3smmlv,2008.0,nro2y3smmlv,_63_nro_microcr_dito_2smmlv,63,2008.0,microcredito_rango,0.0
ptgf,47,microcredito_rango,nro2y3smmlv,2335.0,nro2y3smmlv,_63_nro_microcr_dito_2smmlv,63,2335.0,microcredito_rango,0.0
ptgf,66,microcredito_rango,nro2y3smmlv,1050.0,nro2y3smmlv,_63_nro_microcr_dito_2smmlv,63,1050.0,microcredito_rango,0.0
ptgf,85,microcredito_rango,nro2y3smmlv,671.0,nro2y3smmlv,_63_nro_microcr_dito_2smmlv,63,671.0,microcredito_rango,0.0
ptgf,05,microcredito_rango,nro3y4smmlv,2713.0,nro3y4smmlv,_65_nro_microcr_dito_3smmlv,65,2583.0,microcredito_rango,0.04791743457427202
ptgf,19,microcredito_rango,nro3y4smmlv,1849.0,nro3y4smmlv,_65_nro_microcr_dito_3smmlv,65,1849.0,microcredito_rango,0.0
ptgf,20,microcredito_rango,nro3y4smmlv,1801.0,nro3y4smmlv,_65_nro_microcr_dito_3smmlv,65,1643.0,microcredito_rango,0.08772903942254304
ptgf,25,microcredito_rango,nro3y4smmlv,2005.0,nro3y4smmlv,_65_nro_microcr_dito_3smmlv,65,2005.0,microcredito_rango,0.0
ptgf,73,microcredito_rango,nro3y4smmlv,1690.0,nro3y4smmlv,_65_nro_microcr_dito_3smmlv,65,1690.0,microcredito_rango,0.0
ptgf,86,microcredito_rango,nro3y4smmlv,533.0,nro3y4smmlv,_65_nro_microcr_dito_3smmlv,65,533.0,microcredito_rango,0.0
ptgf,97,microcredito_rango,nro3y4smmlv,3.0,nro3y4smmlv,_65_nro_microcr_dito_3smmlv,65,3.0,microcredito_rango,0.0
ptgf,99,microcredito_rango,nro3y4smmlv,4.0,nro3y4smmlv,_65_nro_microcr_dito_3smmlv,65,4.0,microcredito_rango,0.0
ptgf,11,transacciones_corresponsales_fisicos,montoreti,1737243584313.0,montoreti,_14_monto_retiros,14,1737202688313.0,transacciones_corresponsales_fisicos,2.3540740267676675e-05
ptgf,15,transacciones_corresponsales_fisicos,montoreti,671898688292.0,montoreti,_14_monto_retiros,14,671905443292.0,transacciones_corresponsales_fisicos,1.0053599028704085e-05
ptgf,17,transacciones_corresponsales_fisicos,montoreti,350352129964.0,montoreti,_14_monto_retiros,14,350360014964.0,transacciones_corresponsales_fisicos,2.250592853769781e-05
ptgf,23,transacciones_corresponsales_fisicos,montoreti,493926565019.0,montoreti,_14_monto_retiros,14,489029949160.0,transacciones_corresponsales_fisicos,0.009913651554278398
ptgf,47,transacciones_corresponsales_fisicos,montoreti,302737113707.0,montoreti,_14_monto_retiros,14,302738081707.0,transacciones_corresponsales_fisicos,3.197493654302543e-06
ptgf,52,transacciones_corresponsales_fisicos,montoreti,393010998421.0,montoreti,_14_monto_retiros,14,393011992423.0,transacciones_corresponsales_fisicos,2.5291963939777795e-06
ptgf,63,transacciones_corresponsales_fisicos,montoreti,199006357495.0,montoreti,_14_monto_retiros,14,199007731495.0,transacciones_corresponsales_fisicos,6.90430203987087e-06
ptgf,86,transacciones_corresponsales_fisicos,montoreti,110467798286.0,montoreti,_14_monto_retiros,14,110467798286.0,transacciones_corresponsales_fisicos,0.0
ptgf,94,transacciones_corresponsales_fisicos,montoreti,7180315713.0,montoreti,_14_monto_retiros,14,7180315713.0,transacciones_corresponsales_fisicos,0.0
ptgf,95,transacciones_corresponsales_fisicos,montoreti,33625850264.0,montoreti,_14_monto_retiros,14,33625850264.0,transacciones_corresponsales_fisicos,0.0
ptgf,11,transacciones_corresponsales_fisicos,nropagos,15428592.0,nropagos,_11_nro_pagos_corresponsales,11,15693166.0,transacciones_corresponsales_fisicos,0.017148291950425547
ptgf,15,transacciones_corresponsales_fisicos,nropagos,2221598.0,nropagos,_11_nro_pagos_corresponsales,11,2237223.0,transacciones_corresponsales_fisicos,0.007033225633080333
ptgf,17,transacciones_corresponsales_fisicos,nropagos,950475.0,nropagos,_11_nro_pagos_corresponsales,11,969490.0,transacciones_corresponsales_fisicos,0.020005786580394015
ptgf,23,transacciones_corresponsales_fisicos,nropagos,983066.0,nropagos,_11_nro_pagos_corresponsales,11,986757.0,transacciones_corresponsales_fisicos,0.0037545800587142674
ptgf,47,transacciones_corresponsales_fisicos,nropagos,694528.0,nropagos,_11_nro_pagos_corresponsales,11,701579.0,transacciones_corresponsales_fisicos,0.010152218485071876
ptgf,52,transacciones_corresponsales_fisicos,nropagos,1133282.0,nropagos,_11_nro_pagos_corresponsales,11,1137792.0,transacciones_corresponsales_fisicos,0.003979592016814879
ptgf,63,transacciones_corresponsales_fisicos,nropagos,647438.0,nropagos,_11_nro_pagos_corresponsales,11,655140.0,transacciones_corresponsales_fisicos,0.01189611978289813
ptgf,86,transacciones_corresponsales_fisicos,nropagos,178952.0,nropagos,_11_nro_pagos_corresponsales,11,179350.0,transacciones_corresponsales_fisicos,0.002224060083150789
ptgf,94,transacciones_corresponsales_fisicos,nropagos,15745.0,nropagos,_11_nro_pagos_corresponsales,11,15827.0,transacciones_corresponsales_fisicos,0.005208002540489044
ptgf,95,transacciones_corresponsales_fisicos,nropagos,54973.0,nropagos,_11_nro_pagos_corresponsales,11,56389.0,transacciones_corresponsales_fisicos,0.02575809943062958
ptgf,11,transacciones_corresponsales_fisicos,nrotrnsfer,176338.0,nrotrnsfer,_15_nro_transferencias,15,176338.0,transacciones_corresponsales_fisicos,0.0
ptgf,15,transacciones_corresponsales_fisicos,nrotrnsfer,109375.0,nrotrnsfer,_15_nro_transferencias,15,109375.0,transacciones_corresponsales_fisicos,0.0
ptgf,17,transacciones_corresponsales_fisicos,nrotrnsfer,26598.0,nrotrnsfer,_15_nro_transferencias,15,26598.0,transacciones_corresponsales_fisicos,0.0
ptgf,23,transacciones_corresponsales_fisicos,nrotrnsfer,26853.0,nrotrnsfer,_15_nro_transferencias,15,26651.0,transacciones_corresponsales_fisicos,0.007522436971660522
ptgf,47,transacciones_corresponsales_fisicos,nrotrnsfer,16184.0,nrotrnsfer,_15_nro_transferencias,15,16184.0,transacciones_corresponsales_fisicos,0.0
ptgf,52,transacciones_corresponsales_fisicos,nrotrnsfer,42516.0,nrotrnsfer,_15_nro_transferencias,15,42517.0,transacciones_corresponsales_fisicos,2.3520556966788972e-05
ptgf,63,transacciones_corresponsales_fisicos,nrotrnsfer,17196.0,nrotrnsfer,_15_nro_transferencias,15,17196.0,transacciones_corresponsales_fisicos,0.0
ptgf,86,transacciones_corresponsales_fisicos,nrotrnsfer,24205.0,nrotrnsfer,_15_nro_transferencias,15,24205.0,transacciones_corresponsales_fisicos,0.0
ptgf,94,transacciones_corresponsales_fisicos,nrotrnsfer,703.0,nrotrnsfer,_15_nro_transferencias,15,703.0,transacciones_corresponsales_fisicos,0.0
ptgf,95,transacciones_corresponsales_fisicos,nrotrnsfer,2108.0,nrotrnsfer,_15_nro_transferencias,15,2108.0,transacciones_corresponsales_fisicos,0.0
ptgf,08,corresponsales_fisicos,nrocorresponsales,11218.0,nrocorresponsales,_4_nro_corresponsales_f_sicos,4,11503.0,corresponsales_fisicos,0.02540559814583705
ptgf,13,corresponsales_fisicos,nrocorresponsales,8375.0,nrocorresponsales,_4_nro_corresponsales_f_sicos,4,8540.0,corresponsales_fisicos,0.019701492537313434
ptgf,18,corresponsales_fisicos,nrocorresponsales,2525.0,nrocorresponsales,_4_nro_corresponsales_f_sicos,4,2535.0,corresponsales_fisicos,0.0039603960396039604
ptgf,41,corresponsales_fisicos,nrocorresponsales,6569.0,nrocorresponsales,_4_nro_corresponsales_f_sicos,4,6703.0,corresponsales_fisicos,0.020398843050692648
ptgf,68,corresponsales_fisicos,nrocorresponsales,15438.0,nrocorresponsales,_4_nro_corresponsales_f_sicos,4,15824.0,corresponsales_fisicos,0.0250032387614976
ptgf,86,corresponsales_fisicos,nrocorresponsales,1221.0,nrocorresponsales,_4_nro_corresponsales_f_sicos,4,1229.0,corresponsales_fisicos,0.006552006552006552
ptgf,94,corresponsales_fisicos,nrocorresponsales,113.0,nrocorresponsales,_4_nro_corresponsales_f_sicos,4,114.0,corresponsales_fisicos,0.008849557522123894
ptgf,05,credito_consumo,totalnrocdc,1788961.0,totalnrocdc,_45_nro_cr_dito_consumo,45,1787870.0,credito_consumo,0.0006098511929550169
ptgf,08,credito_consumo,totalnrocdc,1200171.0,totalnrocdc,_45_nro_cr_dito_consumo,45,1198023.0,credito_consumo,0.0017897449613430087
ptgf,17,credito_consumo,totalnrocdc,224636.0,totalnrocdc,_45_nro_cr_dito_consumo,45,225343.0,credito_consumo,0.003147313876671593
ptgf,44,credito_consumo,totalnrocdc,39396.0,totalnrocdc,_45_nro_cr_dito_consumo,45,39396.0,credito_consumo,0.0
ptgf,50,credito_consumo,totalnrocdc,183028.0,totalnrocdc,_45_nro_cr_dito_consumo,45,183784.0,credito_consumo,0.004130515549533404
ptgf,66,credito_consumo,totalnrocdc,374326.0,totalnrocdc,_45_nro_cr_dito_consumo,45,376885.0,credito_consumo,0.006836287086657085
ptgf,76,credito_consumo,totalnrocdc,1330583.0,totalnrocdc,_45_nro_cr_dito_consumo,45,1331563.0,credito_consumo,0.000736519255093444
ptgf,85,credito_consumo,totalnrocdc,58423.0,totalnrocdc,_45_nro_cr_dito_consumo,45,58505.0,credito_consumo,0.0014035568183763244
ptgf,05,credito_consumo_bajo_monto,generonrohcdcbm,11524.0,generonrohcdcbm,_49_nro_cred_cons_bajo_monto,49,11524.0,credito_consumo_bajo_monto,0.0
ptgf,11,credito_consumo_bajo_monto,generonrohcdcbm,1.0,generonrohcdcbm,_49_nro_cred_cons_bajo_monto,49,1.0,credito_consumo_bajo_monto,0.0
ptgf,05,credito_consumo_bajo_monto,generonromcdcbm,20551.0,generonromcdcbm,_47_nro_cred_cons_bajo_monto,47,20551.0,credito_consumo_bajo_monto,0.0
ptgf,11,credito_consumo_bajo_monto,generonromcdcbm,7.0,generonromcdcbm,_47_nro_cred_cons_bajo_monto,47,7.0,credito_consumo_bajo_monto,0.0
ptgf,13,credito_vivienda,generomontohcdv,85958852369.45001,generomontohcdv,_56_monto_cr_dito_vivienda,56,88160906558.51999,credito_vivienda,0.025617538256625123
ptgf,25,credito_vivienda,generomontohcdv,130199800081.42,generomontohcdv,_56_monto_cr_dito_vivienda,56,130199800081.42,credito_vivienda,0.0
ptgf,68,credito_vivienda,generomontohcdv,128257846282.01999,generomontohcdv,_56_monto_cr_dito_vivienda,56,133990820751.87,credito_vivienda,0.044698820665084654
ptgf,76,credito_vivienda,generomontohcdv,322541491966.01,generomontohcdv,_56_monto_cr_dito_vivienda,56,330878669563.1,credito_vivienda,0.025848387896613787
ptgf,18,credito_vivienda,generomontohcdv,6080579323.07,generomontohcdv,_56_monto_cr_dito_vivienda,56,6080579323.07,credito_vivienda,0.0
ptgf,19,credito_vivienda,generomontohcdv,30383768931.79,generomontohcdv,_56_monto_cr_dito_vivienda,56,30790471741.79,credito_vivienda,0.0133855286654209
ptgf,41,credito_vivienda,generomontohcdv,45856006158.03,generomontohcdv,_56_monto_cr_dito_vivienda,56,46223757980.03,credito_vivienda,0.008019708928262209
ptgf,47,credito_vivienda,generomontohcdv,42870861250.270004,generomontohcdv,_56_monto_cr_dito_vivienda,56,45205665492.270004,credito_vivienda,0.0544613328006163
ptgf,63,credito_vivienda,generomontohcdv,47259366051.89,generomontohcdv,_56_monto_cr_dito_vivienda,56,48087469304.89,credito_vivienda,0.017522521400112654
ptgf,70,credito_vivienda,generomontohcdv,15626795240.48,generomontohcdv,_56_monto_cr_dito_vivienda,56,15710795240.48,credito_vivienda,0.005375382393339648
ptgf,85,credito_vivienda,generomontohcdv,10135950418.0,generomontohcdv,_56_monto_cr_dito_vivienda,56,10203988918.0,credito_vivienda,0.006712592030755532
ptgf,91,credito_vivienda,generomontohcdv,633921230.0,generomontohcdv,_56_monto_cr_dito_vivienda,56,633921230.0,credito_vivienda,0.0
ptgf,94,credito_vivienda,generomontohcdv,341000000.0,generomontohcdv,_56_monto_cr_dito_vivienda,56,341000000.0,credito_vivienda,0.0
ptgf,99,credito_vivienda,generomontohcdv,90000000.0,generomontohcdv,_56_monto_cr_dito_vivienda,56,90000000.0,credito_vivienda,0.0
ptgf,08,credito_vivienda,generomontomcdv,177648773314.21002,generomontomcdv,_54_monto_cr_dito_vivienda,54,182838702803.21,credito_vivienda,0.029214552919093136
ptgf,81,credito_vivienda,generomontomcdv,1950415504.0,generomontomcdv,_54_monto_cr_dito_vivienda,54,1950415504.0,credito_vivienda,0.0
ptgf,15,credito_vivienda,generomontomcdv,43685129842.9,generomontomcdv,_54_monto_cr_dito_vivienda,54,44014903552.01,credito_vivienda,0.007548877851477821
ptgf,17,credito_vivienda,generomontomcdv,53727080792.979996,generomontomcdv,_54_monto_cr_dito_vivienda,54,54456861169.979996,credito_vivienda,0.01358310122621353
ptgf,50,credito_vivienda,generomontomcdv,37659494966.36,generomontomcdv,_54_monto_cr_dito_vivienda,54,37762452880.36,credito_vivienda,0.00273391648220373
ptgf,25,cuentas_ahorro,nro3y5smmlv,52143.0,nro3y5smmlv,_23_nro_ctas_ahorr_3smmlv,23,52152.0,cuentas_ahorro,0.00017260226684310455
ptgf,47,cuentas_ahorro,nro3y5smmlv,12324.0,nro3y5smmlv,_23_nro_ctas_ahorr_3smmlv,23,12320.0,cuentas_ahorro,0.0003245699448231094
ptgf,54,cuentas_ahorro,nro3y5smmlv,22724.0,nro3y5smmlv,_23_nro_ctas_ahorr_3smmlv,23,22727.0,cuentas_ahorro,0.0001320190107375462
ptgf,81,cuentas_ahorro,nro3y5smmlv,3560.0,nro3y5smmlv,_23_nro_ctas_ahorr_3smmlv,23,3548.0,cuentas_ahorro,0.0033707865168539327
ptgf,88,cuentas_ahorro,nro3y5smmlv,2193.0,nro3y5smmlv,_23_nro_ctas_ahorr_3smmlv,23,2197.0,cuentas_ahorro,0.001823985408116735
ptgf,05,cuentas_ahorro,nroactivasca,4338939.0,nroactivasca,_25_nro_ctas_ahorro_activas,25,4451009.0,cuentas_ahorro,0.025828895036321093
ptgf,13,cuentas_ahorro,nroactivasca,748239.0,nroactivasca,_25_nro_ctas_ahorro_activas,25,747248.0,cuentas_ahorro,0.0013244431257926946
ptgf,15,cuentas_ahorro,nroactivasca,609841.0,nroactivasca,_25_nro_ctas_ahorro_activas,25,608801.0,cuentas_ahorro,0.0017053625453191897
ptgf,18,cuentas_ahorro,nroactivasca,137364.0,nroactivasca,_25_nro_ctas_ahorro_activas,25,137110.0,cuentas_ahorro,0.0018491016569115635
ptgf,19,cuentas_ahorro,nroactivasca,421792.0,nroactivasca,_25_nro_ctas_ahorro_activas,25,421063.0,cuentas_ahorro,0.001728340034898718
ptgf,23,cuentas_ahorro,nroactivasca,433813.0,nroactivasca,_25_nro_ctas_ahorro_activas,25,433140.0,cuentas_ahorro,0.0015513596872385107
ptgf,44,cuentas_ahorro,nroactivasca,205190.0,nroactivasca,_25_nro_ctas_ahorro_activas,25,204874.0,cuentas_ahorro,0.001540036064135679
ptgf,66,cuentas_ahorro,nroactivasca,602560.0,nroactivasca,_25_nro_ctas_ahorro_activas,25,602129.0,cuentas_ahorro,0.0007152814657461498
ptgf,68,cuentas_ahorro,nroactivasca,1172794.0,nroactivasca,_25_nro_ctas_ahorro_activas,25,1172116.0,cuentas_ahorro,0.0005781066410639891
ptgf,85,cuentas_ahorro,nroactivasca,217041.0,nroactivasca,_25_nro_ctas_ahorro_activas,25,216700.0,cuentas_ahorro,0.001571131721656277
ptgf,05,cuentas_ahorro,totalsaldoca,34295482518234.332,totalsaldoca,_32_saldo_ctas_ahorro,32,34370146525671.37,cuentas_ahorro,0.002177079952070698
ptgf,13,cuentas_ahorro,totalsaldoca,4344266078844.4097,totalsaldoca,_32_saldo_ctas_ahorro,32,4344344949224.5,cuentas_ahorro,1.8155052811892183e-05
ptgf,15,cuentas_ahorro,totalsaldoca,3168646991767.01,totalsaldoca,_32_saldo_ctas_ahorro,32,3168668345432.04,cuentas_ahorro,6.739048270683341e-06
ptgf,18,cuentas_ahorro,totalsaldoca,514595251443.22003,totalsaldoca,_32_saldo_ctas_ahorro,32,514595247074.65,cuentas_ahorro,8.489332140302975e-09
ptgf,19,cuentas_ahorro,totalsaldoca,2530496133138.35,totalsaldoca,_32_saldo_ctas_ahorro,32,2530553749884.6504,cuentas_ahorro,2.2768952517163512e-05
ptgf,23,cuentas_ahorro,totalsaldoca,1999146927485.36,totalsaldoca,_32_saldo_ctas_ahorro,32,1999164637477.12,cuentas_ahorro,8.858774468511122e-06
ptgf,44,cuentas_ahorro,totalsaldoca,906160397338.55,totalsaldoca,_32_saldo_ctas_ahorro,32,906160447066.7299,cuentas_ahorro,5.4877900155011296e-08
ptgf,66,cuentas_ahorro,totalsaldoca,3312951613621.3403,totalsaldoca,_32_saldo_ctas_ahorro,32,3312975775376.4805,cuentas_ahorro,7.29312044304983e-06
ptgf,68,cuentas_ahorro,totalsaldoca,7547787939703.541,totalsaldoca,_32_saldo_ctas_ahorro,32,7547858540246.7295,cuentas_ahorro,9.353805876963945e-06
ptgf,85,cuentas_ahorro,totalsaldoca,1399845383403.0598,totalsaldoca,_32_saldo_ctas_ahorro,32,1399845342752.3398,cuentas_ahorro,2.9039435678160534e-08
ptgf,05,cuentas_ahorro_electronicas,generonrohche,68416.0,generonrohche,,37,,,
ptgf,08,cuentas_ahorro_electronicas,generonrohche,40856.0,generonrohche,,37,,,
ptgf,23,cuentas_ahorro_electronicas,generonrohche,45397.0,generonrohche,,37,,,
ptgf,52,cuentas_ahorro_electronicas,generonrohche,29636.0,generonrohche,,37,,,
ptgf,70,cuentas_ahorro_electronicas,generonrohche,24987.0,generonrohche,,37,,,
ptgf,85,cuentas_ahorro_electronicas,generonrohche,5941.0,generonrohche,,37,,,
ptgf,94,cuentas_ahorro_electronicas,generonrohche,330.0,generonrohche,,37,,,
ptgf,05,cuentas_ahorro_electronicas,generonromche,403883.0,generonromche,,35,,,
ptgf,08,cuentas_ahorro_electronicas,generonromche,178876.0,generonromche,,35,,,
ptgf,23,cuentas_ahorro_electronicas,generonromche,224715.0,generonromche,,35,,,
ptgf,52,cuentas_ahorro_electronicas,generonromche,191612.0,generonromche,,35,,,
ptgf,70,cuentas_ahorro_electronicas,generonromche,115526.0,generonromche,,35,,,
ptgf,85,cuentas_ahorro_electronicas,generonromche,43614.0,generonromche,,35,,,
ptgf,94,cuentas_ahorro_electronicas,generonromche,2288.0,generonromche,,35,,,
ptgf,19,cuentas_ahorro_electronicas,generosaldohche,1226064414.0,generosaldohche,,38,,,
ptgf,20,cuentas_ahorro_electronicas,generosaldohche,1011106177.0,generosaldohche,,38,,,
ptgf,41,cuentas_ahorro_electronicas,generosaldohche,420988213.0,generosaldohche,,38,,,
ptgf,44,cuentas_ahorro_electronicas,generosaldohche,424025159.0,generosaldohche,,38,,,
ptgf,63,cuentas_ahorro_electronicas,generosaldohche,266370909.0,generosaldohche,,38,,,
ptgf,66,cuentas_ahorro_electronicas,generosaldohche,312418635.0,generosaldohche,,38,,,
ptgf,88,cuentas_ahorro_electronicas,generosaldohche,57433167.0,generosaldohche,,38,,,
ptgf,11,cuentas_ahorro_electronicas,generosaldomche,10992438856.0,generosaldomche,,36,,,
ptgf,13,cuentas_ahorro_electronicas,generosaldomche,3993559566.0,generosaldomche,,36,,,
ptgf,15,cuentas_ahorro_electronicas,generosaldomche,3543674103.0,generosaldomche,,36,,,
ptgf,17,cuentas_ahorro_electronicas,generosaldomche,1876155687.0,generosaldomche,,36,,,
ptgf,47,cuentas_ahorro_electronicas,generosaldomche,3534966203.0,generosaldomche,,36,,,
ptgf,50,cuentas_ahorro_electronicas,generosaldomche,2995585036.0,generosaldomche,,36,,,
ptgf,68,cuentas_ahorro_electronicas,generosaldomche,4856214977.0,generosaldomche,,36,,,
ptgf,81,cuentas_ahorro_electronicas,generosaldomche,1017232677.0,generosaldomche,,36,,,
ptgf,86,cuentas_ahorro_electronicas,generosaldomche,1945816355.0,generosaldomche,,36,,,
ptgf,95,cuentas_ahorro_electronicas,generosaldomche,598074842.0,generosaldomche,,36,,,
ptgf,97,cuentas_ahorro_electronicas,generosaldomche,50559960.0,generosaldomche,,36,,,
ptgf,99,cuentas_ahorro_electronicas,generosaldomche,149222747.0,generosaldomche,,36,,,
ptgf,05,microcredito_rango,nro4y10smmlv,9419.0,nro4y10smmlv,_67_nro_microcr_dito_4smmlv,67,8914.0,microcredito_rango,0.05361503344304066
ptgf,19,microcredito_rango,nro4y10smmlv,4820.0,nro4y10smmlv,_67_nro_microcr_dito_4smmlv,67,4820.0,microcredito_rango,0.0
ptgf,20,microcredito_rango,nro4y10smmlv,3702.0,nro4y10smmlv,_67_nro_microcr_dito_4smmlv,67,3306.0,microcredito_rango,0.10696920583468396
ptgf,25,microcredito_rango,nro4y10smmlv,5809.0,nro4y10smmlv,_67_nro_microcr_dito_4smmlv,67,5809.0,microcredito_rango,0.0
ptgf,73,microcredito_rango,nro4y10smmlv,4317.0,nro4y10smmlv,_67_nro_microcr_dito_4smmlv,67,4317.0,microcredito_rango,0.0
ptgf,86,microcredito_rango,nro4y10smmlv,1260.0,nro4y10smmlv,_67_nro_microcr_dito_4smmlv,67,1260.0,microcredito_rango,0.0
ptgf,97,microcredito_rango,nro4y10smmlv,42.0,nro4y10smmlv,_67_nro_microcr_dito_4smmlv,67,42.0,microcredito_rango,0.0
ptgf,99,microcredito_rango,nro4y10smmlv,31.0,nro4y10smmlv,_67_nro_microcr_dito_4smmlv,67,31.0,microcredito_rango,0.0
ptgf,05,transacciones_corresponsales_fisicos,montodepositos,4462511910087.08,montodepositos,_6_monto_dep_sitos,6,4463439279794.08,transacciones_corresponsales_fisicos,0.00020781338530520663
ptgf,08,transacciones_corresponsales_fisicos,montodepositos,647228729918.45,montodepositos,_6_monto_dep_sitos,6,648078528807.45,transacciones_corresponsales_fisicos,0.0013129807898161036
ptgf,13,transacciones_corresponsales_fisicos,montodepositos,501343840233.0,montodepositos,_6_monto_dep_sitos,6,502054674116.0,transacciones_corresponsales_fisicos,0.001417857019385417
ptgf,19,transacciones_corresponsales_fisicos,montodepositos,315677734598.0,montodepositos,_6_monto_dep_sitos,6,315782243898.0,transacciones_corresponsales_fisicos,0.0003310632602362261
ptgf,25,transacciones_corresponsales_fisicos,montodepositos,873584346200.9501,montodepositos,_6_monto_dep_sitos,6,877407916790.9501,transacciones_corresponsales_fisicos,0.004376876264585064
ptgf,41,transacciones_corresponsales_fisicos,montodepositos,443963660295.0,montodepositos,_6_monto_dep_sitos,6,444299738185.0,transacciones_corresponsales_fisicos,0.0007569941417653119
ptgf,50,transacciones_corresponsales_fisicos,montodepositos,498975926849.0,montodepositos,_6_monto_dep_sitos,6,499524422849.0,transacciones_corresponsales_fisicos,0.0010992434113279092
ptgf,66,transacciones_corresponsales_fisicos,montodepositos,345087966964.5,montodepositos,_6_monto_dep_sitos,6,345464337577.5,transacciones_corresponsales_fisicos,0.0010906512223844598
ptgf,85,transacciones_corresponsales_fisicos,montodepositos,201990756678.0,montodepositos,_6_monto_dep_sitos,6,202277901076.0,transacciones_corresponsales_fisicos,0.0014215719705320288
ptgf,88,transacciones_corresponsales_fisicos,montodepositos,26014937401.0,montodepositos,_6_monto_dep_sitos,6,26030109401.0,transacciones_corresponsales_fisicos,0.000583203402189113
ptgf,97,transacciones_corresponsales_fisicos,montodepositos,5058738980.0,montodepositos,_6_monto_dep_sitos,6,5058738980.0,transacciones_corresponsales_fisicos,0.0
ptgf,99,transacciones_corresponsales_fisicos,montodepositos,12209175905.0,montodepositos,_6_monto_dep_sitos,6,12209175905.0,transacciones_corresponsales_fisicos,0.0
ptgf,11,transacciones_corresponsales_fisicos,nrodepositos,4374125.0,nrodepositos,_5_nro_dep_sitos,5,4388632.0,transacciones_corresponsales_fisicos,0.0033165490240905323
ptgf,15,transacciones_corresponsales_fisicos,nrodepositos,1170423.0,nrodepositos,_5_nro_dep_sitos,5,1171415.0,transacciones_corresponsales_fisicos,0.000847556823473223
ptgf,17,transacciones_corresponsales_fisicos,nrodepositos,785977.0,nrodepositos,_5_nro_dep_sitos,5,787056.0,transacciones_corresponsales_fisicos,0.001372813708289174
ptgf,23,transacciones_corresponsales_fisicos,nrodepositos,862183.0,nrodepositos,_5_nro_dep_sitos,5,854711.0,transacciones_corresponsales_fisicos,0.008666373612098592
ptgf,47,transacciones_corresponsales_fisicos,nrodepositos,626067.0,nrodepositos,_5_nro_dep_sitos,5,627068.0,transacciones_corresponsales_fisicos,0.0015988704084387135
ptgf,52,transacciones_corresponsales_fisicos,nrodepositos,671727.0,nrodepositos,_5_nro_dep_sitos,5,671842.0,transacciones_corresponsales_fisicos,0.00017120050258512758
ptgf,63,transacciones_corresponsales_fisicos,nrodepositos,406374.0,nrodepositos,_5_nro_dep_sitos,5,407252.0,transacciones_corresponsales_fisicos,0.0021605712963919934
ptgf,86,transacciones_corresponsales_fisicos,nrodepositos,254510.0,nrodepositos,_5_nro_dep_sitos,5,254518.0,transacciones_corresponsales_fisicos,3.143294958940709e-05
ptgf,94,transacciones_corresponsales_fisicos,nrodepositos,19443.0,nrodepositos,_5_nro_dep_sitos,5,19443.0,transacciones_corresponsales_fisicos,0.0
ptgf,95,transacciones_corresponsales_fisicos,nrodepositos,72543.0,nrodepositos,_5_nro_dep_sitos,5,72550.0,transacciones_corresponsales_fisicos,9.64944929214397e-05
ptgf,05,transacciones_corresponsales_fisicos,nrogirosreci,31181.0,nrogirosreci,_9_nro_giros_recibidos,9,31181.0,transacciones_corresponsales_fisicos,0.0
ptgf,08,transacciones_corresponsales_fisicos,nrogirosreci,114128.0,nrogirosreci,_9_nro_giros_recibidos,9,114128.0,transacciones_corresponsales_fisicos,0.0
ptgf,13,transacciones_corresponsales_fisicos,nrogirosreci,140844.0,nrogirosreci,_9_nro_giros_recibidos,9,140844.0,transacciones_corresponsales_fisicos,0.0
ptgf,19,transacciones_corresponsales_fisicos,nrogirosreci,8434.0,nrogirosreci,_9_nro_giros_recibidos,9,8434.0,transacciones_corresponsales_fisicos,0.0
ptgf,25,transacciones_corresponsales_fisicos,nrogirosreci,12402.0,nrogirosreci,_9_nro_giros_recibidos,9,12408.0,transacciones_corresponsales_fisicos,0.0004837929366231253
ptgf,41,transacciones_corresponsales_fisicos,nrogirosreci,8220.0,nrogirosreci,_9_nro_giros_recibidos,9,8220.0,transacciones_corresponsales_fisicos,0.0
ptgf,50,transacciones_corresponsales_fisicos,nrogirosreci,4354.0,nrogirosreci,_9_nro_giros_recibidos,9,4354.0,transacciones_corresponsales_fisicos,0.0
ptgf,66,transacciones_corresponsales_fisicos,nrogirosreci,3792.0,nrogirosreci,_9_nro_giros_recibidos,9,3792.0,transacciones_corresponsales_fisicos,0.0
ptgf,85,transacciones_corresponsales_fisicos,nrogirosreci,1261.0,nrogirosreci,_9_nro_giros_recibidos,9,1261.0,transacciones_corresponsales_fisicos,0.0
ptgf,88,transacciones_corresponsales_fisicos,nrogirosreci,1535.0,nrogirosreci,_9_nro_giros_recibidos,9,1535.0,transacciones_corresponsales_fisicos,0.0
ptgf,97,transacciones_corresponsales_fisicos,nrogirosreci,78.0,nrogirosreci,_9_nro_giros_recibidos,9,78.0,transacciones_corresponsales_fisicos,0.0
ptgf,99,transacciones_corresponsales_fisicos,nrogirosreci,78.0,nrogirosreci,_9_nro_giros_recibidos,9,78.0,transacciones_corresponsales_fisicos,0.0
ptgf,18,transacciones_corresponsales_fisicos,totalmontocorr,534299591120.27997,totalmontocorr,_18_monto_transacciones,18,535405465808.27997,transacciones_corresponsales_fisicos,0.0020697651774003486
ptgf,54,transacciones_corresponsales_fisicos,totalmontocorr,2525938303324.34,totalmontocorr,_18_monto_transacciones,18,2531467524643.4897,transacciones_corresponsales_fisicos,0.00218897718597204
ptgf,70,transacciones_corresponsales_fisicos,totalmontocorr,741951402477.2401,totalmontocorr,_18_monto_transacciones,18,743598998264.24,transacciones_corresponsales_fisicos,0.0022206249378313144
ptgf,81,transacciones_corresponsales_fisicos,totalmontocorr,270751798648.16,totalmontocorr,_18_monto_transacciones,18,271506320899.16,transacciones_corresponsales_fisicos,0.002786767270863069
